campaign_id,product_id,channel_id,budget,end_date,start_date,campaign_type
1481,OFF-BI-10004230,7,8717,09-06-2018,09-10-2017,Loyalty Campaign
366,FUR-TA-10000617,5,13895,13-03-2018,12-12-2017,First-Time Buyer Campaign
656,TEC-AC-10002006,3,8285,08-06-2018,03-04-2018,First-Time Buyer Campaign
856,TEC-PH-10004908,6,17384,09-10-2017,28-03-2017,Retargeting
136,OFF-BI-10000138,5,14041,14-09-2017,18-06-2017,Discount
870,TEC-AC-10002926,6,16772,14-01-2018,18-01-2017,Retargeting
1144,OFF-PA-10000809,1,13599,29-12-2017,03-05-2017,Flash Sale
980,OFF-ST-10000877,4,11145,18-12-2017,01-03-2017,Retargeting
862,FUR-FU-10004622,1,15276,18-05-2017,25-01-2017,Discount
607,TEC-PH-10003800,7,20139,11-02-2018,03-10-2017,Conversion Campaign
199,FUR-CH-10004495,7,11323,05-02-2018,03-02-2017,Engagement Campaign
313,FUR-CH-10004495,1,7463,01-02-2018,01-04-2017,Win-Back Campaign
532,FUR-CH-10004495,5,13095,20-01-2018,14-08-2017,Flash Sale
1433,FUR-CH-10004495,3,6209,27-01-2018,08-06-2017,Loyalty Campaign
318,OFF-PA-10004475,5,35370,21-11-2017,02-07-2017,Brand Awareness
1216,FUR-FU-10001889,2,14168,17-06-2018,15-06-2017,Win-Back Campaign
1410,FUR-FU-10001889,1,10431,01-06-2018,06-07-2017,Flash Sale
186,FUR-FU-10003708,5,10465,02-04-2018,03-07-2017,First-Time Buyer Campaign
284,OFF-EN-10001335,4,16520,03-11-2017,07-08-2017,Discount
1346,OFF-EN-10001335,7,7912,29-11-2017,24-07-2017,Retargeting
1408,OFF-PA-10000327,5,9610,02-06-2018,28-03-2018,Flash Sale
1100,OFF-ST-10000078,1,7917,25-07-2018,22-11-2017,Flash Sale
203,FUR-FU-10001379,7,12064,02-07-2017,21-11-2016,First-Time Buyer Campaign
729,OFF-AR-10000588,7,32482,25-08-2018,04-06-2018,Product Launch
115,TEC-AC-10001013,1,9821,27-08-2017,07-05-2017,Discount
520,TEC-AC-10001013,1,13865,04-08-2017,10-02-2017,Loyalty Campaign
722,TEC-AC-10001013,3,34830,08-09-2017,22-01-2017,Seasonal Sale
1260,TEC-AC-10001013,2,10135,23-08-2017,21-02-2017,Loyalty Campaign
1341,TEC-AC-10001013,3,7062,20-08-2017,24-06-2017,First-Time Buyer Campaign
283,TEC-MA-10000752,6,17908,12-02-2018,13-12-2017,First-Time Buyer Campaign
398,FUR-FU-10004586,7,17441,24-08-2018,01-07-2018,Seasonal Sale
1022,FUR-FU-10004586,7,40698,03-08-2018,13-11-2017,Product Launch
384,OFF-BI-10003982,5,6220,20-02-2017,14-08-2016,Flash Sale
1304,OFF-BI-10003982,5,13016,16-02-2017,11-04-2016,Flash Sale
1448,OFF-BI-10003982,5,5642,14-03-2017,30-09-2016,Flash Sale
874,OFF-LA-10002312,4,32575,02-01-2018,26-09-2017,Seasonal Sale
801,FUR-TA-10001520,1,14233,24-12-2017,18-02-2017,Flash Sale
1049,FUR-TA-10001520,6,39499,12-12-2017,03-11-2017,Product Launch
1102,FUR-TA-10001520,1,8409,15-12-2017,19-07-2017,Loyalty Campaign
320,OFF-BI-10001031,5,44226,11-12-2017,22-01-2017,Product Launch
1437,OFF-FA-10001883,4,13578,19-12-2017,23-06-2017,Engagement Campaign
258,OFF-ST-10001713,7,11475,26-12-2017,28-05-2017,Win-Back Campaign
210,OFF-LA-10004853,5,10266,10-12-2017,13-08-2017,Flash Sale
808,OFF-LA-10004853,6,11380,28-12-2017,06-02-2017,Flash Sale
629,OFF-SU-10000646,5,17567,01-04-2018,20-07-2017,Retargeting
819,OFF-SU-10000646,1,8004,26-04-2018,17-11-2017,Retargeting
208,OFF-BI-10004233,2,55125,01-07-2018,17-10-2017,Brand Awareness
230,FUR-FU-10000723,2,32871,29-06-2018,27-09-2017,Brand Awareness
1128,FUR-FU-10000723,5,28032,27-06-2018,27-04-2018,Seasonal Sale
219,OFF-LA-10003190,7,51105,30-10-2017,22-02-2017,Brand Awareness
522,TEC-AC-10001109,6,13147,04-12-2017,04-10-2017,First-Time Buyer Campaign
845,OFF-FA-10003485,2,9162,29-11-2017,08-01-2017,Discount
685,FUR-CH-10000225,1,16784,28-11-2017,28-03-2017,Discount
1535,FUR-CH-10000225,1,10966,03-01-2018,10-10-2017,First-Time Buyer Campaign
407,FUR-FU-10003347,5,11123,04-12-2017,27-06-2017,Retargeting
1505,OFF-AR-10002053,5,8355,06-12-2017,23-07-2017,Loyalty Campaign
800,TEC-PH-10004100,1,23377,06-12-2017,29-12-2016,Conversion Campaign
1557,TEC-PH-10004100,5,42198,20-12-2017,29-12-2016,Brand Awareness
727,OFF-FA-10000992,2,20480,26-08-2017,01-06-2017,Engagement Campaign
135,OFF-AR-10000390,3,24888,19-09-2017,10-10-2016,Engagement Campaign
1351,OFF-AR-10000390,5,11337,26-08-2017,04-02-2017,First-Time Buyer Campaign
165,FUR-FU-10001424,7,32610,22-08-2017,15-12-2016,Seasonal Sale
1443,OFF-FA-10001332,1,51328,27-08-2017,17-07-2017,Brand Awareness
873,FUR-FU-10003664,2,15421,11-03-2017,09-03-2016,Retargeting
900,OFF-FA-10003059,7,27262,09-09-2018,27-06-2018,Brand Awareness
294,TEC-MA-10000822,5,15488,24-05-2018,30-10-2017,Win-Back Campaign
1375,OFF-BI-10003719,3,16800,02-06-2018,31-01-2018,Conversion Campaign
835,OFF-BI-10001670,7,6515,18-06-2018,10-09-2017,Win-Back Campaign
1036,OFF-AR-10001427,6,15028,28-10-2017,24-01-2017,Seasonal Sale
797,FUR-TA-10004607,4,7866,28-11-2017,23-11-2016,Retargeting
1531,TEC-PH-10004977,6,17663,27-08-2017,15-08-2016,Seasonal Sale
200,FUR-FU-10000550,3,10338,14-06-2017,08-11-2016,Retargeting
589,FUR-FU-10000550,2,20474,28-06-2017,26-07-2016,Conversion Campaign
984,FUR-FU-10000550,3,9618,03-07-2017,17-11-2016,Win-Back Campaign
858,FUR-FU-10001468,3,11007,17-05-2018,09-02-2018,Retargeting
1499,FUR-FU-10001468,3,15449,06-05-2018,24-04-2017,Discount
853,OFF-AR-10000940,3,13011,02-06-2018,05-09-2017,Conversion Campaign
1048,OFF-PA-10001800,1,11604,21-07-2018,22-06-2017,First-Time Buyer Campaign
287,OFF-PA-10004101,3,24480,14-10-2017,24-01-2017,Conversion Campaign
1294,OFF-PA-10004101,3,6836,06-11-2017,23-07-2017,First-Time Buyer Campaign
128,OFF-EN-10001415,5,26602,19-07-2017,02-01-2017,Product Launch
673,OFF-EN-10001415,7,33663,19-07-2017,12-08-2016,Brand Awareness
343,OFF-BI-10003718,1,13303,20-12-2017,17-06-2017,First-Time Buyer Campaign
732,OFF-BI-10003718,7,5714,27-12-2017,08-12-2016,Loyalty Campaign
778,OFF-BI-10003718,5,14188,19-12-2017,11-07-2017,Win-Back Campaign
133,OFF-ST-10002301,4,48765,03-08-2018,12-10-2017,Brand Awareness
1117,OFF-ST-10002301,4,14966,28-08-2018,01-02-2018,Loyalty Campaign
562,FUR-BO-10004834,4,28157,05-08-2018,03-10-2017,Conversion Campaign
1081,OFF-BI-10004410,4,40723,15-03-2018,20-01-2018,Brand Awareness
1194,OFF-BI-10004410,4,39006,03-03-2018,25-10-2017,Product Launch
596,OFF-LA-10003510,3,10642,09-03-2018,02-12-2017,Discount
1510,OFF-LA-10003510,6,44720,03-04-2018,04-11-2017,Brand Awareness
1241,OFF-BI-10004593,3,33417,27-02-2018,13-12-2017,Brand Awareness
1497,OFF-BI-10004593,2,47990,09-03-2018,16-09-2017,Brand Awareness
371,OFF-ST-10001490,2,13285,25-01-2018,17-07-2017,Engagement Campaign
997,OFF-ST-10001490,7,23209,12-02-2018,14-08-2017,Engagement Campaign
749,OFF-BI-10002215,6,45456,23-02-2018,14-07-2017,Brand Awareness
878,OFF-BI-10002215,7,42387,01-02-2018,10-02-2017,Product Launch
712,FUR-CH-10001146,7,14175,25-02-2018,10-05-2017,Discount
982,FUR-CH-10001146,2,39008,25-02-2018,02-09-2017,Brand Awareness
1275,OFF-AR-10001860,5,52158,01-11-2017,25-09-2017,Brand Awareness
196,OFF-PA-10003657,3,10223,03-09-2018,05-07-2018,Flash Sale
204,OFF-BI-10002393,7,12020,17-09-2018,02-09-2017,Retargeting
420,OFF-BI-10002393,3,8827,17-09-2018,02-10-2017,Loyalty Campaign
1553,OFF-ST-10000689,3,16439,28-05-2017,02-01-2017,First-Time Buyer Campaign
452,FUR-CH-10002961,3,8348,29-05-2017,26-11-2016,Retargeting
358,FUR-FU-10004665,1,9875,18-05-2017,29-07-2016,First-Time Buyer Campaign
985,TEC-PH-10003555,7,6396,24-03-2018,14-09-2017,Win-Back Campaign
1080,TEC-PH-10003555,7,37919,22-03-2018,13-09-2017,Seasonal Sale
514,OFF-LA-10004484,6,6284,31-03-2018,17-07-2017,Win-Back Campaign
167,FUR-CH-10004626,3,6841,23-03-2018,14-03-2017,First-Time Buyer Campaign
439,TEC-AC-10004396,2,8803,18-05-2018,15-04-2018,Flash Sale
403,OFF-FA-10000490,1,37328,08-03-2018,06-11-2017,Brand Awareness
828,FUR-TA-10001676,3,8149,27-08-2018,26-04-2018,Discount
1136,OFF-AP-10002734,6,14833,23-04-2018,04-05-2017,Loyalty Campaign
1195,OFF-AP-10002734,3,9190,27-04-2018,10-06-2017,Flash Sale
1522,OFF-AP-10002734,6,20361,21-04-2018,22-08-2017,Engagement Campaign
794,OFF-LA-10001404,1,10137,07-04-2018,08-04-2017,Engagement Campaign
101,OFF-BI-10002949,2,34990,30-04-2018,25-07-2017,Product Launch
1103,TEC-AC-10003280,3,48099,20-04-2018,28-09-2017,Product Launch
571,OFF-PA-10000007,7,24987,13-05-2018,17-12-2017,Conversion Campaign
1307,OFF-PA-10000007,6,11268,28-04-2018,24-11-2017,Engagement Campaign
1520,OFF-PA-10000007,1,15497,17-05-2018,05-10-2017,Win-Back Campaign
323,FUR-CH-10004983,3,13054,24-05-2018,30-06-2017,Win-Back Campaign
1558,FUR-CH-10004983,3,49054,10-05-2018,27-12-2017,Product Launch
237,TEC-PH-10002890,7,16151,13-04-2018,09-09-2017,Discount
1561,TEC-PH-10002890,2,16346,07-04-2018,21-09-2017,First-Time Buyer Campaign
411,FUR-FU-10000448,5,16175,02-09-2018,22-01-2018,Retargeting
882,FUR-FU-10000448,1,9962,16-08-2018,10-11-2017,Flash Sale
1139,OFF-LA-10003923,7,6197,19-09-2018,21-03-2018,Win-Back Campaign
825,OFF-AR-10003759,7,57281,20-12-2017,17-05-2017,Brand Awareness
126,TEC-PH-10001809,2,37736,16-05-2018,02-07-2017,Brand Awareness
181,OFF-ST-10000798,3,31368,17-09-2017,19-06-2017,Product Launch
565,OFF-ST-10000798,6,31754,01-10-2017,02-08-2017,Product Launch
266,OFF-SU-10000381,4,13901,21-10-2017,29-05-2017,Flash Sale
413,TEC-AC-10002345,5,40898,24-11-2017,27-08-2017,Brand Awareness
467,TEC-AC-10002345,6,28111,27-11-2017,25-05-2017,Conversion Campaign
1292,TEC-AC-10002345,4,9978,17-11-2017,07-09-2017,Win-Back Campaign
1005,OFF-AP-10002684,6,15089,11-11-2017,05-06-2017,Win-Back Campaign
242,OFF-BI-10001525,7,10430,22-07-2017,10-11-2016,Flash Sale
803,OFF-LA-10003720,6,27630,01-09-2018,10-04-2018,Conversion Campaign
1191,OFF-PA-10000019,5,14896,14-09-2017,28-03-2017,Loyalty Campaign
1316,OFF-AR-10000914,4,5938,07-07-2017,15-05-2017,Loyalty Campaign
776,FUR-FU-10001215,7,23519,18-02-2018,25-04-2017,Engagement Campaign
913,FUR-FU-10001215,7,18296,10-02-2018,15-02-2017,Conversion Campaign
958,OFF-ST-10002756,6,58386,05-03-2018,17-08-2017,Brand Awareness
1458,OFF-ST-10002756,5,16739,03-03-2018,01-04-2017,Conversion Campaign
194,FUR-CH-10004698,2,22572,13-07-2018,24-10-2017,Conversion Campaign
457,FUR-CH-10004698,5,17078,09-06-2018,13-04-2018,Conversion Campaign
1078,FUR-CH-10004698,7,11363,29-06-2018,12-09-2017,Engagement Campaign
1441,OFF-AR-10003752,4,8367,03-09-2017,01-12-2016,Win-Back Campaign
910,OFF-PA-10001970,5,17451,18-09-2017,20-12-2016,Conversion Campaign
1492,OFF-PA-10001970,2,24036,15-09-2017,05-04-2017,Engagement Campaign
198,OFF-AP-10001492,5,10228,24-03-2018,02-08-2017,Win-Back Campaign
445,OFF-PA-10000061,6,11231,20-05-2018,29-04-2017,First-Time Buyer Campaign
684,OFF-ST-10003805,5,19316,14-05-2018,19-10-2017,Seasonal Sale
780,OFF-LA-10001934,1,5321,15-07-2018,02-11-2017,Flash Sale
1434,OFF-LA-10001934,7,13446,09-08-2018,16-09-2017,Retargeting
1192,FUR-BO-10003965,5,30283,27-01-2018,14-04-2017,Brand Awareness
1172,TEC-AC-10004469,1,8200,28-12-2017,31-07-2017,Retargeting
1107,FUR-TA-10002903,1,12182,09-01-2018,14-04-2017,Win-Back Campaign
578,OFF-PA-10001307,2,15958,08-07-2018,19-04-2018,First-Time Buyer Campaign
1264,OFF-BI-10003676,7,9492,29-07-2018,25-08-2017,Loyalty Campaign
905,OFF-BI-10004022,3,10225,25-06-2017,01-12-2016,Discount
1579,OFF-BI-10004022,1,35644,27-05-2017,28-04-2017,Seasonal Sale
247,FUR-TA-10001039,2,15550,01-01-2018,22-10-2017,Engagement Campaign
1431,OFF-BI-10002735,1,45796,01-10-2017,20-01-2017,Brand Awareness
795,OFF-BI-10002353,5,13172,08-05-2018,07-05-2017,Flash Sale
414,OFF-BI-10003707,6,29637,04-04-2018,11-10-2017,Conversion Campaign
1068,OFF-BI-10003707,7,29553,27-04-2018,29-08-2017,Conversion Campaign
1430,OFF-BI-10003707,7,19132,08-04-2018,27-11-2017,Engagement Campaign
1006,OFF-ST-10002214,1,41567,31-03-2018,29-12-2017,Brand Awareness
1133,OFF-ST-10002214,1,14135,26-03-2018,15-04-2017,First-Time Buyer Campaign
812,OFF-BI-10002072,3,16878,12-09-2018,10-04-2018,Discount
880,OFF-FA-10002815,1,14905,20-04-2018,27-01-2018,Win-Back Campaign
1503,OFF-ST-10001469,2,10892,20-05-2017,17-02-2017,Win-Back Campaign
274,OFF-PA-10000533,7,9913,26-05-2017,21-06-2016,Discount
464,OFF-PA-10000533,1,23155,04-06-2017,30-06-2016,Engagement Campaign
1001,OFF-PA-10000533,2,6751,07-06-2017,04-03-2017,Loyalty Campaign
1031,OFF-PA-10000533,1,13146,08-06-2017,01-11-2016,Retargeting
802,FUR-TA-10001539,1,6117,13-11-2017,31-07-2017,Flash Sale
834,FUR-TA-10001539,4,11328,13-11-2017,25-02-2017,First-Time Buyer Campaign
876,OFF-PA-10000673,7,38760,24-12-2017,25-08-2017,Product Launch
970,OFF-BI-10000343,5,25222,16-01-2018,11-12-2016,Product Launch
218,OFF-PA-10001569,2,8228,01-10-2018,01-10-2017,Flash Sale
1311,FUR-FU-10004748,7,24192,17-04-2018,12-07-2017,Seasonal Sale
1347,FUR-FU-10004748,7,17427,20-05-2018,21-01-2018,First-Time Buyer Campaign
633,TEC-MA-10002428,3,7443,24-04-2018,13-08-2017,Win-Back Campaign
1542,OFF-AR-10003373,5,7527,01-09-2018,02-11-2017,Win-Back Campaign
1399,OFF-AP-10004708,5,20999,16-02-2018,06-11-2017,Engagement Campaign
1364,TEC-PH-10000586,6,14788,10-03-2018,19-09-2017,Win-Back Campaign
1470,TEC-PH-10000586,2,10178,15-03-2018,26-09-2017,Flash Sale
1593,TEC-PH-10003885,3,12147,12-06-2018,23-05-2017,First-Time Buyer Campaign
1328,OFF-BI-10000014,6,13360,27-06-2018,06-07-2017,Win-Back Campaign
419,TEC-AC-10003628,6,11000,31-07-2017,18-11-2016,Engagement Campaign
602,TEC-AC-10003628,4,11549,31-07-2017,29-10-2016,Discount
1482,OFF-BI-10004967,7,9193,29-04-2018,26-05-2017,Loyalty Campaign
789,FUR-CH-10002439,2,16551,16-09-2018,13-02-2018,Retargeting
436,OFF-PA-10003016,6,7251,06-07-2018,07-03-2018,Flash Sale
1414,OFF-AR-10001897,2,7006,30-07-2018,12-02-2018,Loyalty Campaign
1584,OFF-BI-10002827,3,18797,20-08-2018,22-09-2017,Seasonal Sale
1501,TEC-AC-10002842,4,11936,09-12-2017,21-05-2017,Win-Back Campaign
1374,OFF-AP-10002350,6,12733,13-02-2018,26-06-2017,Conversion Campaign
741,OFF-BI-10001107,3,11550,18-09-2017,20-03-2017,Flash Sale
1337,OFF-BI-10001107,6,8497,26-08-2017,28-06-2017,Win-Back Campaign
1489,OFF-BI-10001107,3,26530,15-09-2017,11-11-2016,Brand Awareness
1322,OFF-AR-10000657,5,11836,05-09-2017,16-09-2016,First-Time Buyer Campaign
921,FUR-TA-10002958,4,21954,20-08-2017,18-04-2017,Product Launch
950,FUR-TA-10002958,5,6277,23-07-2017,25-05-2017,Flash Sale
952,OFF-AR-10003158,6,22457,29-05-2017,10-03-2017,Seasonal Sale
1156,OFF-AR-10003158,6,7032,16-06-2017,19-08-2016,Flash Sale
1384,FUR-FU-10000747,5,10611,09-10-2017,04-10-2016,First-Time Buyer Campaign
711,TEC-AC-10004568,2,14239,23-05-2018,08-01-2018,Retargeting
911,TEC-AC-10004568,5,30946,26-04-2018,28-09-2017,Seasonal Sale
338,OFF-BI-10004506,2,14955,15-08-2018,15-11-2017,Flash Sale
430,OFF-BI-10004506,4,33855,29-08-2018,14-11-2017,Seasonal Sale
1146,OFF-BI-10004506,1,48385,31-08-2018,25-09-2017,Product Launch
1211,OFF-BI-10004506,5,37397,21-08-2018,09-11-2017,Product Launch
769,OFF-PA-10004100,1,10750,19-08-2018,14-03-2018,Flash Sale
903,TEC-PH-10001459,6,13518,30-11-2017,09-01-2017,Loyalty Campaign
459,OFF-AR-10002067,6,55108,14-02-2017,26-11-2016,Brand Awareness
977,TEC-PH-10003273,3,13753,05-03-2017,29-07-2016,First-Time Buyer Campaign
760,FUR-FU-10004848,7,7751,23-04-2018,16-01-2018,Loyalty Campaign
993,FUR-FU-10004848,7,30558,16-04-2018,11-03-2018,Seasonal Sale
1382,FUR-FU-10004848,1,6784,19-04-2018,01-05-2017,Win-Back Campaign
270,OFF-ST-10003716,6,22700,08-06-2017,02-01-2017,Seasonal Sale
1240,OFF-ST-10003716,3,26315,16-06-2017,17-03-2017,Conversion Campaign
331,OFF-AP-10002867,1,23863,07-06-2017,01-08-2016,Engagement Campaign
923,OFF-AP-10002867,6,51229,06-06-2017,04-03-2017,Brand Awareness
813,OFF-BI-10000315,1,28828,07-08-2018,01-06-2018,Conversion Campaign
592,OFF-BI-10002609,6,55511,27-08-2018,13-12-2017,Brand Awareness
1336,OFF-BI-10002609,5,37222,24-08-2018,05-07-2018,Seasonal Sale
622,FUR-FU-10002963,3,11839,12-06-2018,14-02-2018,First-Time Buyer Campaign
600,TEC-AC-10004571,4,45097,07-07-2018,02-10-2017,Brand Awareness
1008,TEC-AC-10004571,7,35655,12-06-2018,11-02-2018,Product Launch
890,OFF-PA-10000575,1,16771,28-05-2017,28-09-2016,Discount
1181,OFF-PA-10000575,3,6777,01-06-2017,29-05-2016,First-Time Buyer Campaign
236,OFF-SU-10004884,1,37901,02-06-2017,29-03-2017,Product Launch
1157,OFF-SU-10004884,2,38014,19-05-2017,23-05-2016,Brand Awareness
1327,OFF-SU-10004884,3,48523,03-06-2017,05-10-2016,Product Launch
376,OFF-PA-10002659,1,20925,01-01-2018,24-12-2016,Seasonal Sale
736,OFF-PA-10002659,1,15310,26-12-2017,23-12-2016,Seasonal Sale
212,OFF-ST-10000585,6,17771,29-08-2017,26-01-2017,Discount
1577,OFF-ST-10000585,3,6334,29-08-2017,27-05-2017,Flash Sale
387,TEC-PH-10001835,2,16661,22-02-2018,22-12-2017,Seasonal Sale
1196,FUR-BO-10003966,3,12132,18-08-2018,05-03-2018,Loyalty Campaign
1429,OFF-ST-10000604,3,10207,25-04-2018,08-01-2018,Discount
1514,OFF-ST-10000604,5,7679,20-05-2018,20-03-2018,Loyalty Campaign
987,OFF-AR-10004042,1,44777,29-04-2018,14-02-2018,Brand Awareness
926,OFF-PA-10001815,4,9736,25-04-2018,30-11-2017,Discount
487,OFF-PA-10004405,3,28390,16-01-2018,23-07-2017,Product Launch
1590,TEC-AC-10002942,6,9452,15-02-2018,23-02-2017,Flash Sale
1383,OFF-AR-10001044,4,27154,22-01-2018,20-07-2017,Conversion Campaign
1344,OFF-AP-10001058,1,11943,16-02-2018,13-12-2017,First-Time Buyer Campaign
743,OFF-AP-10002311,2,17742,21-03-2018,23-02-2017,Discount
385,OFF-BI-10002412,3,26403,02-11-2017,22-07-2017,Brand Awareness
601,TEC-AC-10001432,7,5252,28-03-2018,15-11-2017,Loyalty Campaign
665,TEC-AC-10001432,2,39461,28-03-2018,11-04-2017,Seasonal Sale
1282,TEC-AC-10001432,7,12871,01-04-2018,21-09-2017,Win-Back Campaign
1454,TEC-AC-10001432,2,31734,01-04-2018,10-11-2017,Seasonal Sale
1044,OFF-EN-10003001,3,18098,16-12-2017,20-10-2017,Engagement Campaign
843,TEC-AC-10000736,3,33525,10-09-2017,25-03-2017,Brand Awareness
956,TEC-AC-10000736,7,14321,30-09-2017,28-05-2017,Flash Sale
1039,TEC-AC-10000736,7,17715,08-09-2017,02-11-2016,Discount
388,TEC-AC-10001552,5,15763,19-03-2018,24-04-2017,Win-Back Campaign
581,TEC-AC-10001552,1,13910,27-03-2018,08-09-2017,Loyalty Campaign
213,OFF-AR-10002445,7,11578,25-03-2018,17-03-2017,Discount
1138,OFF-AR-10002445,1,49648,23-03-2018,17-12-2017,Brand Awareness
332,OFF-BI-10000145,2,37404,31-08-2018,06-01-2018,Product Launch
426,FUR-CH-10003817,1,17248,13-09-2017,11-10-2016,Retargeting
548,TEC-PH-10000376,7,39367,05-09-2017,25-07-2017,Brand Awareness
1237,TEC-PH-10000376,2,5090,06-10-2017,23-02-2017,Loyalty Campaign
232,OFF-BI-10002931,6,8497,16-09-2017,14-11-2016,Discount
490,OFF-BI-10002931,6,32924,06-09-2017,13-03-2017,Product Launch
750,OFF-BI-10002931,7,11191,10-10-2017,03-07-2017,Discount
831,TEC-MA-10001148,1,14648,03-09-2017,27-03-2017,Discount
639,TEC-PH-10004120,7,13084,10-07-2018,03-01-2018,Retargeting
1266,TEC-PH-10004120,7,42610,14-06-2018,29-10-2017,Product Launch
175,OFF-AR-10003190,1,14093,01-07-2018,01-07-2017,First-Time Buyer Campaign
751,OFF-ST-10002790,4,21214,18-07-2018,05-04-2018,Conversion Campaign
1254,OFF-ST-10002790,5,5267,15-07-2018,05-12-2017,Loyalty Campaign
312,OFF-PA-10003797,5,14805,21-04-2018,29-09-2017,Retargeting
859,OFF-PA-10003797,6,11458,18-04-2018,01-08-2017,Retargeting
205,FUR-CH-10004754,3,40881,06-04-2018,25-07-2017,Brand Awareness
1179,FUR-CH-10004754,2,12351,22-04-2018,24-06-2017,Retargeting
1371,FUR-CH-10004754,7,38600,01-05-2018,22-02-2018,Brand Awareness
1521,FUR-CH-10004754,3,7305,04-04-2018,14-10-2017,Flash Sale
1310,FUR-TA-10004152,4,6915,30-10-2017,29-05-2017,First-Time Buyer Campaign
399,OFF-PA-10004359,2,18897,04-06-2018,05-03-2018,Conversion Campaign
1517,OFF-PA-10004359,1,13042,09-05-2018,18-01-2018,Flash Sale
225,TEC-AC-10000171,6,39435,22-07-2018,07-03-2018,Seasonal Sale
642,TEC-AC-10000171,5,10130,12-07-2018,17-10-2017,Engagement Campaign
1155,TEC-AC-10000171,4,8455,06-07-2018,19-04-2018,Retargeting
1487,TEC-AC-10000171,7,11728,07-07-2018,07-08-2017,Win-Back Campaign
437,OFF-FA-10000735,2,5695,28-04-2017,18-02-2017,Flash Sale
207,OFF-AP-10002518,7,34267,07-03-2018,17-07-2017,Seasonal Sale
308,OFF-AP-10002518,4,9894,04-03-2018,31-03-2017,Discount
381,OFF-AP-10002518,5,5104,22-02-2018,29-03-2017,Loyalty Campaign
693,OFF-AP-10002518,5,27298,26-02-2018,13-11-2017,Product Launch
1227,OFF-AP-10002518,6,7883,26-02-2018,06-06-2017,Win-Back Campaign
1439,OFF-AP-10002518,7,28870,19-02-2018,06-03-2017,Conversion Campaign
1538,OFF-AP-10002518,3,24699,12-03-2018,11-07-2017,Conversion Campaign
1137,FUR-BO-10002853,7,9204,20-06-2018,03-03-2018,Retargeting
249,OFF-BI-10002557,4,15615,01-02-2018,24-08-2017,Retargeting
647,TEC-PH-10000984,7,15042,21-01-2018,04-06-2017,Win-Back Campaign
908,TEC-PH-10000984,7,21886,08-02-2018,26-05-2017,Engagement Campaign
659,OFF-SU-10004498,1,27340,17-05-2017,30-11-2016,Product Launch
796,OFF-SU-10004498,5,7168,14-05-2017,10-12-2016,Flash Sale
351,TEC-PH-10002185,4,11827,02-02-2018,07-09-2017,Loyalty Campaign
187,FUR-CH-10004289,3,10427,09-04-2018,06-07-2017,Engagement Campaign
1491,OFF-PA-10002377,1,6579,04-04-2018,01-06-2017,Flash Sale
368,FUR-TA-10002774,6,15011,26-06-2018,28-08-2017,Engagement Campaign
999,FUR-TA-10002774,5,11919,03-06-2018,25-03-2018,Loyalty Campaign
374,OFF-AR-10001545,4,5556,24-06-2018,23-09-2017,Loyalty Campaign
1011,OFF-AR-10001545,2,36708,08-06-2018,09-08-2017,Brand Awareness
1111,OFF-AR-10001545,7,10714,28-06-2018,24-02-2018,Flash Sale
1413,OFF-AR-10001545,1,7901,29-06-2018,19-08-2017,First-Time Buyer Campaign
889,OFF-PA-10002365,3,14838,10-11-2017,04-01-2017,Flash Sale
1323,OFF-ST-10001325,2,58762,10-10-2017,13-12-2016,Brand Awareness
627,OFF-EN-10003055,5,41108,12-11-2017,22-03-2017,Brand Awareness
885,FUR-FU-10002685,2,26242,10-01-2018,10-11-2017,Product Launch
1286,FUR-CH-10002372,1,16369,09-01-2018,05-01-2017,Retargeting
1203,OFF-BI-10002794,1,22317,11-05-2018,08-08-2017,Conversion Campaign
955,FUR-CH-10002647,5,14087,01-08-2017,29-09-2016,First-Time Buyer Campaign
1506,FUR-CH-10002647,5,14788,08-07-2017,24-05-2017,Conversion Campaign
269,FUR-FU-10003731,1,6591,18-09-2018,01-07-2018,Win-Back Campaign
1097,FUR-FU-10003731,2,15220,30-08-2018,24-06-2018,First-Time Buyer Campaign
623,OFF-SU-10000151,3,10533,25-08-2018,18-02-2018,Flash Sale
1073,OFF-SU-10000151,4,55445,19-08-2018,22-11-2017,Brand Awareness
1466,OFF-SU-10000151,3,6334,19-09-2018,18-06-2018,Flash Sale
1072,OFF-BI-10002071,4,9078,16-09-2018,08-09-2017,Retargeting
597,TEC-PH-10002885,7,9973,15-06-2018,08-04-2018,First-Time Buyer Campaign
821,TEC-PH-10002885,2,16517,28-06-2018,27-12-2017,Retargeting
1333,TEC-CO-10001943,4,24889,21-06-2018,11-12-2017,Engagement Campaign
584,OFF-ST-10002352,7,9547,25-09-2017,23-09-2016,Retargeting
1396,OFF-AR-10003179,6,38626,17-10-2017,03-03-2017,Product Launch
494,OFF-AR-10001446,5,9942,12-12-2017,05-10-2017,Discount
1475,OFF-PA-10004040,1,17472,07-12-2017,20-09-2017,Retargeting
1583,OFF-ST-10001172,1,20939,30-08-2017,31-07-2017,Conversion Campaign
1550,OFF-BI-10001249,1,21570,05-05-2018,10-08-2017,Engagement Campaign
209,OFF-ST-10001522,6,7149,26-04-2018,22-12-2017,Loyalty Campaign
1299,FUR-BO-10002598,1,34862,10-11-2017,13-07-2017,Brand Awareness
1115,FUR-CH-10003973,7,11288,21-08-2018,10-04-2018,Discount
1272,FUR-CH-10003973,5,42504,24-08-2018,05-04-2018,Brand Awareness
827,FUR-TA-10001095,1,15880,11-09-2017,04-03-2017,First-Time Buyer Campaign
895,OFF-FA-10003112,6,21081,16-06-2018,17-04-2018,Product Launch
502,FUR-TA-10002356,1,45794,14-04-2018,21-05-2017,Product Launch
106,FUR-CH-10004860,7,13934,22-09-2018,25-01-2018,First-Time Buyer Campaign
928,OFF-ST-10003994,5,27073,19-09-2018,26-02-2018,Seasonal Sale
1320,OFF-ST-10003994,2,10716,06-10-2018,11-11-2017,Win-Back Campaign
177,OFF-PA-10004675,7,9732,29-05-2017,15-02-2017,Win-Back Campaign
1126,OFF-AR-10001662,4,12944,09-06-2017,07-06-2016,Retargeting
493,OFF-BI-10004002,1,56426,08-04-2018,07-04-2017,Brand Awareness
1474,OFF-BI-10004002,4,13737,22-03-2018,17-10-2017,Engagement Campaign
1450,FUR-CH-10000309,7,6744,22-03-2017,19-04-2016,Flash Sale
657,OFF-BI-10004209,7,6318,28-03-2017,06-11-2016,Flash Sale
1088,TEC-PH-10000193,7,11864,08-03-2017,30-09-2016,Engagement Campaign
355,FUR-FU-10004864,1,36174,11-03-2017,07-04-2016,Seasonal Sale
1281,FUR-FU-10004864,3,14477,06-04-2017,05-04-2016,Flash Sale
189,OFF-AR-10000658,2,12035,09-08-2018,23-07-2017,Discount
1524,OFF-AR-10000658,7,18207,31-07-2018,14-06-2018,Discount
1050,TEC-AC-10001142,3,27349,28-08-2018,08-11-2017,Seasonal Sale
1480,TEC-AC-10001142,3,11780,17-08-2018,13-01-2018,First-Time Buyer Campaign
919,TEC-PH-10004093,6,29373,14-02-2018,04-07-2017,Conversion Campaign
798,OFF-ST-10001370,6,10431,14-03-2018,14-09-2017,Engagement Campaign
1314,OFF-ST-10001370,3,16747,12-03-2018,29-11-2017,First-Time Buyer Campaign
1362,OFF-ST-10001370,1,11060,28-02-2018,20-04-2017,Win-Back Campaign
1424,OFF-ST-10001370,5,16985,20-02-2018,30-11-2017,Discount
606,FUR-FU-10003601,2,14077,27-12-2017,25-08-2017,First-Time Buyer Campaign
164,TEC-PH-10001819,7,13971,08-05-2018,30-11-2017,Retargeting
476,TEC-PH-10001819,6,42334,10-05-2018,28-01-2018,Product Launch
113,FUR-BO-10002213,5,47633,16-05-2018,11-04-2017,Product Launch
348,FUR-BO-10002213,4,10822,07-05-2018,09-05-2017,Flash Sale
372,FUR-BO-10002213,3,18010,27-04-2018,10-02-2018,Engagement Campaign
1230,OFF-AP-10001947,3,25713,18-12-2017,03-04-2017,Seasonal Sale
386,OFF-AP-10004532,6,8693,19-06-2017,11-10-2016,Flash Sale
1231,OFF-PA-10000791,2,8860,12-06-2017,16-07-2016,Discount
1366,FUR-BO-10001601,5,49675,16-04-2017,17-04-2016,Brand Awareness
849,OFF-BI-10001757,4,13445,12-04-2018,21-05-2017,Discount
1125,OFF-BI-10001757,3,36620,15-05-2018,20-08-2017,Product Launch
1339,OFF-BI-10001757,7,29961,12-05-2018,11-11-2017,Seasonal Sale
408,OFF-BI-10001359,6,58347,25-09-2017,20-07-2017,Brand Awareness
1348,TEC-PH-10001079,4,28537,06-03-2018,16-10-2017,Brand Awareness
718,TEC-AC-10003399,2,36686,15-03-2018,21-07-2017,Seasonal Sale
1415,FUR-BO-10003546,5,42936,26-03-2018,19-06-2017,Product Launch
155,TEC-PH-10001305,1,52516,13-01-2018,21-06-2017,Brand Awareness
1184,TEC-PH-10001305,3,7485,11-01-2018,17-04-2017,Win-Back Campaign
470,OFF-BI-10002824,5,5246,28-05-2018,27-10-2017,Flash Sale
538,OFF-BI-10002824,4,11853,03-05-2018,01-03-2018,Retargeting
916,FUR-CH-10002084,6,10374,01-02-2018,09-07-2017,Retargeting
1380,OFF-ST-10000991,2,11918,05-01-2018,22-07-2017,Loyalty Campaign
1129,TEC-PH-10003092,2,19157,16-01-2018,07-03-2017,Seasonal Sale
757,OFF-ST-10002344,3,8184,11-01-2018,08-01-2017,Discount
632,TEC-PH-10000213,1,16818,02-01-2018,19-12-2016,Engagement Campaign
1386,TEC-PH-10000213,6,13292,26-12-2017,19-12-2016,Loyalty Campaign
1488,OFF-BI-10001036,2,11651,09-12-2017,29-09-2017,Engagement Campaign
298,OFF-BI-10000822,6,24389,26-12-2017,16-08-2017,Conversion Campaign
1067,FUR-FU-10000076,6,36572,13-01-2018,26-03-2017,Seasonal Sale
1267,FUR-FU-10000076,4,48631,08-12-2017,12-10-2017,Product Launch
1369,TEC-AC-10000682,7,23738,04-11-2017,11-11-2016,Seasonal Sale
474,OFF-PA-10001593,1,13932,11-08-2018,13-01-2018,Flash Sale
1576,OFF-PA-10001593,4,7819,25-07-2018,24-08-2017,First-Time Buyer Campaign
1518,OFF-AP-10003040,3,24097,06-08-2017,20-05-2017,Engagement Campaign
857,OFF-BI-10003925,6,23748,24-01-2018,31-08-2017,Seasonal Sale
1280,OFF-BI-10003925,6,9896,18-01-2018,13-01-2017,Discount
1387,OFF-BI-10003925,1,11860,21-01-2018,08-06-2017,Engagement Campaign
246,FUR-CH-10000847,3,14700,08-05-2018,16-08-2017,Discount
1390,OFF-ST-10003722,7,11060,14-09-2018,22-03-2018,Loyalty Campaign
1225,FUR-CH-10001270,6,10698,13-09-2018,11-02-2018,Win-Back Campaign
410,FUR-CH-10002044,7,45001,08-03-2018,10-03-2017,Product Launch
1092,FUR-FU-10002960,3,11925,20-12-2017,20-05-2017,First-Time Buyer Campaign
468,OFF-SU-10000952,2,19195,16-03-2017,22-06-2016,Conversion Campaign
1250,TEC-AC-10003174,5,25441,07-09-2018,28-05-2018,Brand Awareness
1149,TEC-PH-10000560,7,9743,28-08-2018,31-03-2018,Win-Back Campaign
350,FUR-CH-10001394,1,11399,12-08-2018,16-01-2018,Win-Back Campaign
103,FUR-FU-10000246,7,5633,15-08-2017,19-03-2017,Loyalty Campaign
704,FUR-FU-10000246,4,15394,17-08-2017,04-11-2016,Retargeting
696,OFF-ST-10004459,3,12784,31-08-2017,03-09-2016,First-Time Buyer Campaign
1377,OFF-ST-10004459,5,16486,20-08-2017,25-02-2017,Conversion Campaign
675,OFF-BI-10004492,3,13844,22-05-2018,21-12-2017,First-Time Buyer Campaign
892,TEC-AC-10000290,2,54924,17-10-2017,11-06-2017,Brand Awareness
498,OFF-PA-10001639,2,9760,30-09-2017,17-10-2016,Win-Back Campaign
645,OFF-PA-10004255,1,23013,14-08-2018,10-05-2018,Conversion Campaign
302,OFF-BI-10004465,3,32558,04-08-2018,29-08-2017,Product Launch
844,OFF-EN-10001539,5,48792,21-08-2018,29-05-2018,Brand Awareness
1061,FUR-CH-10002335,3,10445,02-09-2018,19-01-2018,Loyalty Campaign
1352,FUR-CH-10002335,2,13530,22-08-2018,29-01-2018,Retargeting
166,OFF-ST-10001590,4,15095,21-05-2018,21-06-2017,First-Time Buyer Campaign
832,FUR-CH-10000665,1,21623,08-08-2017,21-03-2017,Engagement Campaign
1053,FUR-CH-10000665,2,34623,23-08-2017,30-05-2017,Product Launch
809,FUR-FU-10002501,2,8937,17-04-2017,06-09-2016,First-Time Buyer Campaign
1004,FUR-FU-10002501,2,22023,24-04-2017,18-12-2016,Seasonal Sale
1564,FUR-FU-10002501,1,33253,24-03-2017,01-02-2017,Brand Awareness
588,OFF-PA-10001357,5,9774,07-10-2017,02-11-2016,Win-Back Campaign
968,OFF-PA-10001357,2,7776,19-10-2017,21-06-2017,First-Time Buyer Campaign
671,FUR-FU-10000758,3,34121,19-09-2017,01-07-2017,Seasonal Sale
972,FUR-FU-10000758,4,33224,20-09-2017,27-04-2017,Product Launch
130,FUR-FU-10000221,4,38480,03-08-2018,19-08-2017,Seasonal Sale
261,OFF-BI-10004600,1,5845,07-08-2018,30-10-2017,Loyalty Campaign
1532,FUR-FU-10002554,3,11194,28-10-2017,06-06-2017,Retargeting
1215,OFF-ST-10002957,7,5721,24-11-2017,03-03-2017,Loyalty Campaign
1356,OFF-ST-10002957,3,13897,28-10-2017,21-06-2017,Discount
1493,FUR-FU-10004053,5,15684,13-09-2018,20-10-2017,Discount
897,OFF-BI-10003094,5,12917,31-10-2017,26-06-2017,Loyalty Campaign
1108,OFF-BI-10003094,6,59477,24-10-2017,07-04-2017,Brand Awareness
664,OFF-EN-10003862,2,37721,10-11-2017,25-07-2017,Seasonal Sale
756,OFF-ST-10001328,2,11234,15-10-2017,03-12-2016,Loyalty Campaign
503,TEC-MA-10002930,7,11667,08-11-2017,16-11-2016,Engagement Campaign
815,TEC-MA-10002930,3,33630,18-10-2017,13-02-2017,Seasonal Sale
147,OFF-PA-10003892,4,26714,02-09-2017,10-04-2017,Product Launch
534,OFF-PA-10003892,2,12460,17-09-2017,25-08-2016,Win-Back Campaign
1592,OFF-PA-10003892,4,37647,11-08-2017,05-07-2017,Product Launch
936,TEC-AC-10001998,7,19598,03-09-2017,08-04-2017,Conversion Campaign
1342,TEC-AC-10001998,4,11020,27-08-2017,08-03-2017,Retargeting
678,FUR-FU-10004597,3,7625,20-08-2017,25-12-2016,First-Time Buyer Campaign
259,FUR-FU-10002253,6,27770,26-03-2018,16-09-2017,Conversion Campaign
768,TEC-PH-10003811,4,9796,19-11-2017,21-12-2016,Retargeting
1571,TEC-PH-10003811,2,46082,02-11-2017,11-04-2017,Brand Awareness
667,OFF-FA-10004854,6,11316,22-03-2018,09-07-2017,Discount
551,OFF-BI-10002103,7,15609,07-03-2018,17-10-2017,Win-Back Campaign
686,OFF-BI-10003981,6,18788,08-01-2018,31-05-2017,Engagement Campaign
569,TEC-AC-10002331,3,29025,05-08-2017,23-12-2016,Product Launch
485,OFF-PA-10000682,3,5733,26-04-2018,30-01-2018,Flash Sale
1142,OFF-BI-10004728,3,7118,02-06-2018,25-04-2017,First-Time Buyer Campaign
1113,OFF-EN-10004773,6,38656,02-02-2018,02-10-2017,Brand Awareness
989,FUR-FU-10002298,5,8294,02-01-2018,13-08-2017,Discount
1220,FUR-FU-10003799,1,25575,28-04-2017,02-11-2016,Seasonal Sale
309,OFF-PA-10000100,5,9125,25-12-2017,18-04-2017,First-Time Buyer Campaign
1331,OFF-AP-10000358,2,8581,21-09-2018,13-07-2018,Flash Sale
1376,OFF-AP-10001005,5,45789,29-03-2018,07-10-2017,Brand Awareness
1389,OFF-AP-10001005,3,22204,17-03-2018,12-11-2017,Engagement Campaign
766,OFF-AR-10003156,5,18899,03-06-2018,05-12-2017,Discount
367,OFF-AR-10002952,6,9573,11-03-2018,09-11-2017,Discount
981,FUR-FU-10000794,5,9727,04-04-2018,03-04-2017,Loyalty Campaign
227,TEC-PH-10001795,4,11508,07-06-2018,14-02-2018,Flash Sale
564,FUR-TA-10000688,6,9265,03-06-2018,03-01-2018,Retargeting
945,FUR-TA-10000688,6,26472,30-05-2018,12-03-2018,Seasonal Sale
168,FUR-TA-10002533,2,13111,10-12-2017,19-05-2017,Retargeting
1219,FUR-FU-10001847,6,25664,17-11-2017,23-08-2017,Conversion Campaign
1363,FUR-FU-10001847,5,19112,21-11-2017,06-11-2016,Engagement Campaign
517,FUR-CH-10004218,7,26622,21-11-2017,23-07-2017,Conversion Campaign
510,OFF-LA-10003498,7,14854,05-03-2018,02-10-2017,Loyalty Campaign
915,TEC-PH-10001552,5,11642,19-03-2018,19-12-2017,Engagement Campaign
917,OFF-AR-10004817,6,8983,25-03-2018,26-08-2017,Discount
864,OFF-FA-10002780,6,12550,15-09-2018,26-04-2018,Conversion Campaign
402,OFF-AP-10000179,6,20971,18-01-2018,13-12-2017,Conversion Campaign
440,OFF-AP-10000179,3,17547,15-02-2018,12-02-2017,Retargeting
185,TEC-MA-10000423,7,17165,17-04-2018,30-10-2017,Engagement Campaign
661,TEC-MA-10000423,4,14173,29-03-2018,27-03-2017,Engagement Campaign
962,FUR-FU-10000732,2,13924,24-05-2018,11-04-2018,Win-Back Campaign
1273,OFF-AP-10000696,6,17073,26-04-2017,24-04-2016,Discount
986,TEC-PH-10001580,5,18480,31-08-2018,26-11-2017,Seasonal Sale
1047,TEC-PH-10001580,3,12064,19-08-2018,02-12-2017,Engagement Campaign
1569,TEC-PH-10001580,4,17785,24-08-2018,04-10-2017,First-Time Buyer Campaign
1543,FUR-CH-10003535,3,8066,13-09-2018,16-09-2017,Flash Sale
477,FUR-CH-10002880,3,7241,09-07-2018,14-08-2017,Win-Back Campaign
1187,FUR-CH-10002880,7,26636,26-06-2018,20-06-2017,Brand Awareness
714,OFF-BI-10003364,1,23591,28-06-2018,13-06-2017,Engagement Campaign
171,OFF-AR-10003732,5,23886,12-07-2018,01-07-2017,Conversion Campaign
1060,OFF-AR-10002578,5,8609,11-01-2018,19-11-2017,Discount
754,FUR-BO-10001519,7,17388,09-02-2018,07-08-2017,Engagement Campaign
1472,OFF-SU-10000898,2,15746,27-01-2018,04-06-2017,Win-Back Campaign
163,TEC-AC-10000521,5,15885,19-11-2017,01-07-2017,First-Time Buyer Campaign
709,TEC-AC-10000521,2,29994,13-11-2017,03-09-2017,Seasonal Sale
614,OFF-PA-10001363,1,24463,14-11-2017,18-07-2017,Conversion Campaign
957,OFF-PA-10001363,5,7848,09-11-2017,12-10-2016,First-Time Buyer Campaign
1079,FUR-CH-10003298,2,6913,03-11-2017,01-08-2017,Loyalty Campaign
279,TEC-CO-10004202,4,15857,09-11-2017,03-09-2017,Retargeting
157,OFF-PA-10002464,1,20400,19-02-2018,14-07-2017,Seasonal Sale
1473,OFF-ST-10000675,2,8101,11-03-2018,12-03-2017,Win-Back Campaign
254,OFF-AR-10004648,6,7380,17-11-2017,30-06-2017,Retargeting
1312,OFF-AR-10004648,7,11983,31-10-2017,11-11-2016,Flash Sale
603,OFF-AR-10004999,4,10545,30-03-2018,08-11-2017,First-Time Buyer Campaign
1397,OFF-AR-10004999,7,25842,03-04-2018,04-06-2017,Seasonal Sale
539,OFF-ST-10003208,4,11396,25-12-2017,05-03-2017,Engagement Campaign
262,FUR-FU-10001861,3,15612,27-03-2017,13-07-2016,Win-Back Campaign
1058,FUR-FU-10001861,1,11933,14-04-2017,17-04-2016,Retargeting
1402,OFF-BI-10003527,2,12019,04-04-2017,01-04-2016,Engagement Campaign
1508,OFF-BI-10003527,2,8490,11-03-2017,28-10-2016,Flash Sale
1140,OFF-BI-10002571,3,40263,21-04-2018,10-09-2017,Brand Awareness
339,OFF-AP-10001563,4,18195,20-04-2018,17-05-2017,Conversion Campaign
341,TEC-PH-10002103,5,10010,13-08-2018,18-02-2018,Discount
424,FUR-FU-10000206,3,12139,23-08-2018,10-04-2018,Loyalty Campaign
1054,FUR-FU-10000206,7,19973,30-08-2018,22-11-2017,Engagement Campaign
591,OFF-SU-10004782,1,21130,11-11-2017,14-02-2017,Conversion Campaign
924,OFF-PA-10003673,6,18521,29-07-2018,27-11-2017,Engagement Campaign
1451,OFF-PA-10003673,6,26973,13-08-2018,17-04-2018,Conversion Campaign
267,OFF-EN-10003134,1,15969,08-10-2017,11-02-2017,First-Time Buyer Campaign
142,OFF-BI-10002003,3,27643,14-10-2017,24-05-2017,Conversion Campaign
195,OFF-AR-10003560,3,10248,15-06-2018,08-12-2017,First-Time Buyer Campaign
497,OFF-AR-10003560,7,11916,22-06-2018,05-10-2017,Engagement Campaign
929,OFF-PA-10003823,7,14199,09-04-2018,11-01-2018,Flash Sale
329,TEC-PH-10002415,4,7824,14-07-2017,27-10-2016,Loyalty Campaign
1246,OFF-ST-10000352,4,12332,30-06-2017,01-01-2017,Loyalty Campaign
153,OFF-AP-10004859,3,15005,19-06-2017,06-03-2017,Win-Back Campaign
1301,OFF-AP-10004859,5,26329,30-06-2017,03-05-2017,Brand Awareness
297,TEC-AC-10004633,1,13200,19-03-2018,14-08-2017,Win-Back Campaign
537,OFF-BI-10004970,3,39001,05-08-2017,06-12-2016,Product Launch
1148,OFF-BI-10004970,1,12565,07-09-2017,03-06-2017,Win-Back Campaign
846,OFF-PA-10003205,6,16165,28-08-2017,11-12-2016,First-Time Buyer Campaign
176,FUR-FU-10001037,1,8488,13-06-2018,07-02-2018,Win-Back Campaign
121,OFF-PA-10004888,6,13300,07-01-2018,21-01-2017,Discount
954,OFF-ST-10003306,5,20430,30-01-2018,27-01-2017,Engagement Campaign
1504,OFF-ST-10003306,7,8580,09-02-2018,14-01-2017,Loyalty Campaign
610,TEC-AC-10002800,5,7332,19-02-2018,31-07-2017,Win-Back Campaign
609,FUR-FU-10001756,5,29580,15-09-2017,22-03-2017,Product Launch
1539,OFF-AR-10004757,6,5524,03-05-2018,25-05-2017,Flash Sale
1378,TEC-AC-10001553,4,53961,02-05-2018,13-01-2018,Brand Awareness
1446,TEC-AC-10001553,5,11845,19-04-2018,17-06-2017,Retargeting
447,FUR-CH-10002965,5,12714,20-04-2018,07-02-2018,Win-Back Campaign
620,FUR-CH-10002965,1,9480,30-04-2018,01-02-2018,First-Time Buyer Campaign
790,OFF-BI-10001078,5,11732,01-11-2017,22-07-2017,Retargeting
462,OFF-SU-10004664,5,8682,01-08-2018,30-08-2017,Flash Sale
1238,TEC-AC-10002637,1,35301,27-03-2018,30-09-2017,Brand Awareness
731,TEC-AC-10004518,5,32426,19-04-2017,02-11-2016,Seasonal Sale
1308,TEC-AC-10004518,1,14445,31-03-2017,10-05-2016,First-Time Buyer Campaign
108,OFF-BI-10004364,1,16418,25-08-2017,13-02-2017,Discount
1071,TEC-PH-10002398,4,19485,02-05-2018,15-02-2018,Discount
286,FUR-FU-10003623,7,5853,29-04-2018,21-11-2017,Loyalty Campaign
871,OFF-EN-10001453,2,10602,27-04-2018,07-12-2017,First-Time Buyer Campaign
1545,OFF-EN-10001453,7,13448,03-05-2018,11-06-2017,Retargeting
1513,OFF-ST-10001128,2,5917,24-04-2018,17-01-2018,Loyalty Campaign
446,TEC-CO-10002313,7,7099,10-07-2018,17-09-2017,First-Time Buyer Campaign
891,TEC-CO-10002313,3,18178,06-08-2018,22-03-2018,Seasonal Sale
116,FUR-FU-10003268,6,15732,17-07-2018,24-12-2017,Seasonal Sale
1019,OFF-PA-10001033,4,42908,13-07-2018,03-05-2018,Brand Awareness
1145,OFF-PA-10001033,2,15048,27-07-2018,16-11-2017,Seasonal Sale
1498,OFF-LA-10000240,2,25910,27-07-2017,10-02-2017,Product Launch
841,FUR-FU-10001918,7,41626,20-03-2018,05-08-2017,Brand Awareness
1151,TEC-CO-10002095,5,15564,11-03-2018,01-02-2018,Win-Back Campaign
1101,TEC-PH-10004539,5,16436,01-06-2018,04-09-2017,Engagement Campaign
216,TEC-MA-10001016,3,9365,29-05-2018,17-11-2017,Retargeting
557,TEC-MA-10001016,3,10166,12-05-2018,30-04-2017,Win-Back Campaign
1093,OFF-PA-10000788,1,13533,20-02-2018,04-10-2017,Win-Back Campaign
679,OFF-PA-10002689,4,7554,11-08-2017,16-09-2016,First-Time Buyer Campaign
179,OFF-BI-10004828,7,11913,06-07-2017,06-12-2016,Loyalty Campaign
893,FUR-FU-10003394,6,15323,28-02-2018,22-11-2017,First-Time Buyer Campaign
1528,OFF-LA-10000248,5,8014,17-03-2018,05-11-2017,Flash Sale
110,FUR-BO-10004218,5,15075,13-12-2017,01-07-2017,Retargeting
1188,OFF-BI-10003712,7,20858,12-02-2018,08-09-2017,Conversion Campaign
519,OFF-BI-10002976,2,14724,18-04-2018,03-01-2018,First-Time Buyer Campaign
1042,FUR-BO-10003272,1,46658,18-10-2017,19-11-2016,Brand Awareness
706,OFF-EN-10004483,4,8803,14-07-2018,02-08-2017,Win-Back Campaign
1440,OFF-EN-10004483,1,29877,22-07-2018,11-07-2017,Brand Awareness
119,OFF-AP-10002906,5,39119,22-05-2018,15-04-2018,Product Launch
1059,TEC-AC-10003063,3,19175,28-09-2017,24-08-2017,Discount
1236,TEC-AC-10003063,1,20120,19-10-2017,16-09-2016,Seasonal Sale
1486,TEC-AC-10003063,2,21499,17-09-2017,18-09-2016,Product Launch
1534,OFF-SU-10002537,1,7847,28-09-2017,31-10-2016,Win-Back Campaign
1393,OFF-PA-10002254,3,8393,28-01-2018,03-07-2017,Discount
716,OFF-FA-10000621,2,35432,24-02-2017,28-01-2016,Seasonal Sale
740,OFF-FA-10000621,1,20216,07-02-2017,01-09-2016,Conversion Campaign
829,OFF-FA-10000621,6,6979,02-03-2017,20-03-2016,Loyalty Campaign
830,OFF-PA-10000029,7,15293,09-04-2018,13-06-2017,Win-Back Campaign
1174,TEC-PH-10002584,2,55275,21-04-2018,26-12-2017,Brand Awareness
245,OFF-AR-10003405,7,11297,23-06-2018,12-02-2018,Retargeting
461,OFF-ST-10003327,5,6921,11-10-2017,25-11-2016,Flash Sale
761,OFF-ST-10003327,5,16161,26-10-2017,30-09-2016,Engagement Campaign
272,OFF-EN-10004955,5,39905,19-08-2018,20-04-2018,Seasonal Sale
221,TEC-PH-10002624,3,18490,26-06-2018,29-01-2018,Seasonal Sale
523,TEC-PH-10002624,3,28592,11-06-2018,04-04-2018,Seasonal Sale
959,TEC-PH-10002624,2,9898,20-06-2018,22-01-2018,Win-Back Campaign
1166,TEC-PH-10000169,7,25966,10-08-2018,04-02-2018,Seasonal Sale
481,OFF-AR-10000034,3,15915,10-08-2018,12-01-2018,Seasonal Sale
1018,OFF-AR-10000034,5,19165,29-07-2018,30-11-2017,Seasonal Sale
1065,OFF-AR-10000034,3,9630,07-08-2018,10-06-2018,First-Time Buyer Campaign
530,TEC-AC-10004975,7,24355,17-04-2018,10-08-2017,Engagement Campaign
763,TEC-AC-10004975,5,11213,28-03-2018,13-09-2017,Win-Back Campaign
1015,FUR-CH-10000454,1,29916,18-08-2017,09-11-2016,Brand Awareness
346,OFF-ST-10003442,6,7371,16-07-2017,26-10-2016,First-Time Buyer Campaign
1086,OFF-ST-10003442,5,13738,10-08-2017,31-05-2017,Retargeting
1357,OFF-BI-10003291,3,17724,06-05-2018,03-10-2017,Discount
947,FUR-FU-10000397,2,12654,14-07-2018,02-01-2018,First-Time Buyer Campaign
260,OFF-AP-10002457,1,7509,22-05-2018,27-09-2017,First-Time Buyer Campaign
319,OFF-AP-10002457,6,11034,17-05-2018,05-01-2018,First-Time Buyer Campaign
400,OFF-AP-10002457,1,15967,13-06-2018,01-12-2017,Win-Back Campaign
418,OFF-PA-10000141,6,20848,28-05-2018,19-07-2017,Product Launch
660,OFF-PA-10000141,3,17833,28-05-2018,27-12-2017,Discount
747,OFF-PA-10001801,3,11023,04-04-2018,17-01-2018,Flash Sale
783,OFF-PA-10001471,5,35079,25-02-2018,11-04-2017,Seasonal Sale
380,OFF-SU-10002522,6,35414,07-10-2017,20-07-2017,Product Launch
1082,OFF-PA-10003848,2,6302,26-09-2017,18-04-2017,Win-Back Campaign
839,TEC-AC-10001590,6,13932,27-09-2017,19-06-2017,Win-Back Campaign
1105,TEC-AC-10001590,7,15117,09-10-2017,30-03-2017,Retargeting
392,OFF-LA-10000443,4,7591,20-12-2017,03-03-2017,Retargeting
1597,OFF-LA-10000443,1,5336,13-12-2017,17-02-2017,Flash Sale
145,FUR-FU-10003026,4,14282,22-12-2017,05-03-2017,Engagement Campaign
541,FUR-FU-10003026,5,18685,31-12-2017,07-01-2017,Conversion Campaign
918,FUR-FU-10003026,1,13307,20-12-2017,23-04-2017,Flash Sale
1096,FUR-FU-10003026,5,24652,11-12-2017,05-08-2017,Seasonal Sale
556,OFF-FA-10000585,4,50569,17-05-2018,02-02-2018,Brand Awareness
663,TEC-PH-10004434,4,12259,27-03-2018,02-06-2017,Conversion Campaign
1582,TEC-PH-10004434,1,19288,07-04-2018,24-11-2017,Discount
1459,OFF-PA-10004355,1,9739,09-04-2018,10-02-2018,First-Time Buyer Campaign
123,FUR-CH-10004997,1,13249,20-04-2017,21-11-2016,Discount
268,FUR-CH-10004997,3,41707,01-05-2017,28-09-2016,Brand Awareness
422,FUR-CH-10004997,2,9089,30-03-2017,24-01-2017,Loyalty Campaign
1426,FUR-CH-10004997,4,21927,30-04-2017,10-06-2016,Conversion Campaign
822,OFF-BI-10003910,7,54806,08-07-2018,05-02-2018,Brand Awareness
1283,OFF-BI-10003910,7,31123,15-07-2018,08-06-2017,Seasonal Sale
951,TEC-AC-10000892,5,19650,15-07-2018,03-07-2017,Conversion Campaign
234,OFF-BI-10004140,5,35915,26-11-2017,28-02-2017,Product Launch
1529,OFF-BI-10004140,4,9659,30-11-2017,09-01-2017,Discount
1032,TEC-AC-10004171,5,29722,11-08-2018,17-03-2018,Product Launch
694,OFF-PA-10002005,7,13406,25-08-2018,06-10-2017,Retargeting
1340,OFF-ST-10000934,5,18160,10-09-2018,17-10-2017,Conversion Campaign
1381,OFF-ST-10000934,4,13865,19-09-2018,28-02-2018,Discount
1085,TEC-CO-10003763,7,13516,16-08-2018,11-01-2018,Loyalty Campaign
1423,TEC-CO-10003763,7,14725,10-08-2018,06-10-2017,Flash Sale
1051,OFF-BI-10001597,2,43216,14-04-2017,11-06-2016,Brand Awareness
1462,OFF-BI-10001597,6,36843,18-04-2017,02-01-2017,Product Launch
973,OFF-EN-10000461,7,8005,13-09-2018,12-01-2018,Flash Sale
1361,OFF-EN-10000461,6,16761,21-09-2018,31-08-2017,First-Time Buyer Campaign
1232,TEC-PH-10002660,4,10210,02-09-2018,06-01-2018,Discount
1287,TEC-PH-10002660,2,16095,27-08-2018,18-03-2018,Engagement Campaign
1407,OFF-AP-10001271,3,10574,23-12-2017,25-10-2017,Discount
1132,OFF-LA-10003930,2,13289,19-08-2017,25-01-2017,First-Time Buyer Campaign
692,OFF-BI-10000605,6,7192,15-08-2017,18-05-2017,First-Time Buyer Campaign
1201,OFF-BI-10000605,7,23493,15-08-2017,24-09-2016,Product Launch
631,TEC-AC-10000199,7,15338,12-02-2018,07-10-2017,First-Time Buyer Campaign
1127,OFF-AR-10000246,4,33081,02-03-2018,12-01-2018,Brand Awareness
239,OFF-AP-10003842,5,7093,12-11-2017,19-05-2017,Flash Sale
1573,FUR-FU-10004018,6,27309,23-11-2017,04-08-2017,Conversion Campaign
1000,TEC-PH-10001536,1,9804,07-06-2018,31-12-2017,Loyalty Campaign
604,OFF-FA-10000611,4,14515,09-02-2017,16-12-2016,Flash Sale
451,FUR-BO-10004015,2,17660,08-11-2017,31-10-2016,Retargeting
211,OFF-BI-10002982,3,5306,03-11-2017,09-09-2017,Loyalty Campaign
321,FUR-FU-10003724,3,7766,22-01-2018,18-01-2017,Win-Back Campaign
934,FUR-FU-10003724,5,21868,30-01-2018,01-04-2017,Seasonal Sale
1417,OFF-AR-10001770,1,14660,09-02-2018,28-02-2017,Win-Back Campaign
389,FUR-CH-10003746,1,12483,08-01-2018,26-08-2017,Engagement Campaign
1173,FUR-CH-10003746,6,14894,22-01-2018,20-11-2017,Win-Back Campaign
1567,FUR-CH-10003746,6,41292,21-01-2018,18-11-2017,Brand Awareness
1034,TEC-AC-10003033,5,16315,21-01-2018,08-06-2017,Conversion Campaign
277,OFF-EN-10002500,2,9946,31-08-2018,21-10-2017,Flash Sale
1222,OFF-EN-10002500,7,30883,12-09-2018,20-09-2017,Product Launch
1229,TEC-MA-10001047,2,23612,10-09-2018,24-11-2017,Conversion Campaign
151,OFF-AP-10003057,7,6067,06-05-2018,16-05-2017,Win-Back Campaign
703,OFF-AP-10003057,6,17174,09-05-2018,19-11-2017,Seasonal Sale
996,OFF-AP-10003057,2,48672,02-04-2018,12-05-2017,Product Launch
552,OFF-PA-10003022,1,22647,06-05-2018,04-07-2017,Product Launch
1099,OFF-PA-10003228,6,14962,28-04-2018,05-05-2017,Conversion Campaign
396,OFF-BI-10001636,4,33626,27-07-2017,02-12-2016,Product Launch
1365,OFF-BI-10001636,7,18965,29-06-2017,25-05-2017,Discount
265,TEC-PH-10004536,4,25479,19-06-2017,31-10-2016,Seasonal Sale
851,TEC-PH-10004536,1,17162,27-06-2017,28-04-2017,Retargeting
555,FUR-FU-10003975,1,19007,14-06-2017,27-02-2017,Engagement Campaign
698,OFF-LA-10004544,1,10595,16-06-2017,20-06-2016,Discount
1251,OFF-LA-10004544,5,13916,17-06-2017,23-11-2016,Flash Sale
1131,FUR-FU-10004017,6,8361,28-08-2018,11-10-2017,Flash Sale
1478,FUR-FU-10004017,4,16598,15-09-2018,21-04-2018,Seasonal Sale
927,OFF-BI-10002012,2,14419,23-06-2018,19-11-2017,Loyalty Campaign
1180,OFF-BI-10001718,3,33321,13-10-2017,07-12-2016,Brand Awareness
687,FUR-CH-10001891,2,9801,27-07-2018,21-05-2018,Loyalty Campaign
1411,OFF-PA-10001260,3,42612,14-07-2018,27-10-2017,Brand Awareness
1500,OFF-PA-10001144,7,5664,03-06-2017,09-05-2017,Flash Sale
1055,OFF-AP-10001394,4,17185,20-06-2018,09-01-2018,Seasonal Sale
1083,OFF-AP-10001394,4,11905,15-06-2018,27-10-2017,Win-Back Campaign
1313,OFF-AP-10001394,2,59208,17-06-2018,11-09-2017,Brand Awareness
912,OFF-ST-10002370,6,16499,04-06-2018,29-12-2017,Discount
738,OFF-EN-10001532,6,12997,16-01-2018,09-01-2017,Discount
1265,OFF-EN-10001532,3,23035,01-02-2018,18-02-2017,Conversion Campaign
428,FUR-FU-10003535,2,11638,25-05-2017,03-10-2016,Discount
640,OFF-AR-10001972,3,20594,05-09-2018,01-06-2018,Conversion Campaign
1168,TEC-PH-10000369,3,42001,15-01-2018,04-08-2017,Product Launch
707,FUR-CH-10003379,5,41192,29-03-2017,12-09-2016,Product Launch
764,OFF-BI-10001758,1,11033,14-03-2018,19-08-2017,First-Time Buyer Campaign
896,OFF-AP-10002534,7,17129,12-05-2018,03-11-2017,Conversion Campaign
1185,OFF-ST-10000107,1,15303,14-07-2017,18-04-2017,Engagement Campaign
935,OFF-LA-10001474,4,16365,24-06-2017,25-06-2016,Seasonal Sale
570,TEC-PH-10000038,5,14973,11-08-2018,01-07-2018,Discount
1401,TEC-PH-10000038,5,10455,03-08-2018,09-02-2018,Flash Sale
737,TEC-PH-10001817,6,7044,21-11-2017,03-10-2017,Loyalty Campaign
1574,TEC-PH-10001817,7,17557,09-12-2017,04-09-2017,Discount
465,TEC-PH-10003691,3,58126,21-07-2017,04-07-2016,Brand Awareness
688,OFF-PA-10000357,1,10691,14-02-2018,25-04-2017,Engagement Campaign
1358,OFF-PA-10000357,3,5775,16-01-2018,08-09-2017,Loyalty Campaign
214,OFF-ST-10000344,6,11323,29-04-2017,02-06-2016,Flash Sale
1306,FUR-CH-10000015,4,21809,25-05-2017,24-03-2017,Engagement Campaign
1388,OFF-PA-10003729,6,8687,14-06-2017,07-03-2017,Win-Back Campaign
758,OFF-ST-10000142,3,26804,27-01-2018,20-05-2017,Brand Awareness
290,TEC-AC-10002567,4,12640,06-02-2018,01-06-2017,Engagement Campaign
524,TEC-AC-10002567,6,10122,14-01-2018,10-07-2017,Win-Back Campaign
1428,TEC-AC-10002567,2,7496,16-01-2018,19-09-2017,Flash Sale
574,OFF-AP-10003860,4,29757,14-10-2017,15-10-2016,Product Launch
1228,OFF-AP-10003860,3,27973,20-10-2017,31-10-2016,Conversion Campaign
1057,OFF-BI-10001510,5,13756,21-09-2018,14-05-2018,Loyalty Campaign
138,OFF-LA-10002271,4,10963,17-09-2018,17-08-2017,Retargeting
202,OFF-ST-10002292,7,9960,23-04-2018,07-05-2017,Discount
1190,OFF-ST-10002292,1,21088,21-05-2018,26-08-2017,Product Launch
327,TEC-PH-10000576,3,39661,11-05-2018,02-02-2018,Seasonal Sale
1455,OFF-ST-10000642,5,13030,08-03-2017,03-03-2016,First-Time Buyer Campaign
708,TEC-AC-10001908,2,38861,13-08-2018,23-06-2018,Brand Awareness
1170,TEC-AC-10001908,7,35884,27-08-2018,14-02-2018,Product Launch
814,OFF-AP-10001242,2,10108,12-10-2017,04-06-2017,Win-Back Campaign
1016,OFF-AP-10001242,3,17411,21-10-2017,27-02-2017,Retargeting
549,FUR-FU-10002445,6,21506,02-03-2018,30-03-2017,Conversion Campaign
978,TEC-PH-10002549,6,32598,25-08-2018,07-11-2017,Brand Awareness
1206,TEC-PH-10003484,7,12084,29-08-2018,16-09-2017,Discount
280,TEC-PH-10003012,4,43444,13-12-2017,26-04-2017,Product Launch
1368,TEC-PH-10003012,4,12583,05-12-2017,13-10-2017,Engagement Campaign
872,TEC-AC-10003433,2,14416,23-12-2017,11-01-2017,Flash Sale
691,TEC-AC-10004864,6,23455,22-10-2017,16-07-2017,Conversion Campaign
759,TEC-AC-10004864,2,19272,21-10-2017,05-05-2017,Conversion Campaign
305,TEC-AC-10002647,3,45642,24-09-2017,08-03-2017,Brand Awareness
370,OFF-PA-10002713,7,50347,06-04-2017,03-12-2016,Brand Awareness
443,OFF-PA-10002713,7,10969,27-03-2017,22-01-2017,Win-Back Campaign
963,OFF-EN-10003072,5,11685,05-09-2017,31-10-2016,Discount
1178,OFF-PA-10002581,6,6399,22-02-2018,01-06-2017,Loyalty Campaign
469,TEC-PH-10002834,7,34225,20-04-2018,24-07-2017,Seasonal Sale
504,OFF-PA-10000477,3,9962,14-12-2017,31-08-2017,Flash Sale
1030,OFF-PA-10000477,7,14243,21-01-2018,06-06-2017,Engagement Campaign
1554,OFF-PA-10000477,4,29577,23-12-2017,03-05-2017,Seasonal Sale
695,OFF-ST-10000943,1,12124,24-03-2018,09-12-2017,Engagement Campaign
1066,OFF-ST-10000943,5,12003,16-03-2018,02-01-2018,Loyalty Campaign
281,TEC-PH-10004071,5,51878,15-03-2018,19-07-2017,Brand Awareness
483,TEC-PH-10004071,5,38118,20-02-2018,06-01-2018,Product Launch
637,OFF-AP-10002203,5,9138,02-05-2017,05-05-2016,First-Time Buyer Campaign
109,OFF-BI-10003091,7,17769,02-05-2017,04-02-2017,Retargeting
786,OFF-BI-10003091,6,9688,11-05-2017,30-10-2016,Win-Back Campaign
357,OFF-ST-10000060,3,26734,02-09-2018,25-10-2017,Product Launch
1239,OFF-ST-10000060,4,13893,09-09-2018,25-06-2018,Engagement Campaign
1525,OFF-BI-10004187,2,6987,02-05-2017,29-04-2016,Loyalty Campaign
143,OFF-ST-10004804,2,11223,16-09-2017,30-01-2017,Discount
992,OFF-PA-10001289,3,13753,13-05-2018,01-08-2017,Conversion Campaign
1447,OFF-PA-10001289,3,5089,13-05-2018,23-09-2017,Flash Sale
680,FUR-FU-10001588,2,25001,19-09-2018,12-06-2018,Conversion Campaign
1562,FUR-FU-10001588,7,11677,02-09-2018,01-10-2017,Retargeting
1186,OFF-PA-10000308,6,13023,11-07-2018,26-10-2017,Win-Back Campaign
1315,OFF-PA-10000308,2,34667,16-07-2018,23-04-2018,Seasonal Sale
383,OFF-AP-10000240,5,8302,02-06-2017,23-12-2016,First-Time Buyer Campaign
441,OFF-AP-10000240,5,45365,12-06-2017,14-12-2016,Product Launch
933,OFF-AP-10000240,7,14288,21-05-2017,01-05-2016,Loyalty Campaign
719,OFF-PA-10004082,2,15747,19-04-2018,30-05-2017,Conversion Campaign
792,OFF-AR-10003338,5,21127,16-01-2018,07-10-2017,Engagement Campaign
473,OFF-PA-10001509,6,13164,24-04-2018,06-05-2017,Conversion Campaign
781,OFF-PA-10001509,4,11086,28-04-2018,24-11-2017,First-Time Buyer Campaign
1438,OFF-PA-10001509,1,33485,20-04-2018,10-05-2017,Brand Awareness
1305,OFF-AR-10004269,7,8519,05-04-2018,06-10-2017,Win-Back Campaign
788,FUR-FU-10001057,5,9133,11-07-2018,04-03-2018,Discount
217,OFF-BI-10002082,3,58603,02-03-2018,01-03-2017,Brand Awareness
527,TEC-AC-10001956,7,45347,20-10-2017,25-06-2017,Product Launch
1263,TEC-AC-10001956,1,19454,08-10-2017,04-05-2017,Discount
1258,OFF-BI-10004390,1,45831,17-02-2018,14-04-2017,Brand Awareness
1062,FUR-FU-10000277,3,16404,15-08-2018,18-10-2017,First-Time Buyer Campaign
1471,FUR-FU-10000277,2,8691,25-07-2018,09-06-2018,Discount
314,OFF-AR-10000127,3,12328,20-03-2018,29-04-2017,Conversion Campaign
363,OFF-AR-10000127,7,10171,21-03-2018,05-08-2017,Flash Sale
1242,FUR-FU-10004904,3,14763,07-03-2018,21-03-2017,Win-Back Campaign
1395,FUR-FU-10002918,2,7504,22-12-2017,03-05-2017,Flash Sale
1040,OFF-BI-10004716,6,25091,07-12-2017,13-05-2017,Seasonal Sale
1449,FUR-FU-10004666,3,10064,08-06-2017,24-11-2016,Flash Sale
1578,OFF-AP-10002945,3,17889,07-06-2017,03-12-2016,Conversion Campaign
619,OFF-PA-10002870,1,16523,26-06-2018,31-08-2017,Conversion Campaign
806,FUR-CH-10003833,2,20859,14-07-2018,06-02-2018,Seasonal Sale
231,OFF-LA-10001074,5,41319,06-10-2017,11-03-2017,Brand Awareness
558,TEC-AC-10002217,6,25862,16-04-2018,26-01-2018,Conversion Campaign
1114,TEC-AC-10002217,3,8632,13-03-2018,27-07-2017,Loyalty Campaign
1217,TEC-AC-10002217,7,13389,19-03-2018,05-05-2017,Retargeting
191,OFF-ST-10004507,2,22190,26-01-2018,08-10-2017,Conversion Campaign
651,OFF-ST-10004507,1,12983,30-01-2018,18-01-2017,Retargeting
1169,OFF-ST-10004507,6,27823,13-01-2018,30-01-2017,Conversion Campaign
1177,OFF-ST-10004507,4,12052,01-02-2018,12-03-2017,Retargeting
1213,OFF-AP-10000891,5,21509,07-05-2018,24-04-2017,Seasonal Sale
1324,OFF-AP-10000891,7,13958,15-04-2018,31-07-2017,Discount
1318,FUR-CH-10002331,1,18663,15-09-2017,07-12-2016,Discount
638,OFF-SU-10001664,2,22613,22-09-2018,15-08-2017,Engagement Campaign
285,OFF-AR-10001958,5,9295,13-06-2018,18-01-2018,Flash Sale
508,FUR-CH-10004063,2,15383,28-06-2018,29-03-2018,Conversion Campaign
333,OFF-FA-10001843,5,46449,21-06-2018,25-03-2018,Product Launch
172,OFF-ST-10003641,4,9864,04-07-2018,16-03-2018,First-Time Buyer Campaign
724,OFF-ST-10003641,1,17433,03-07-2018,07-12-2017,Seasonal Sale
689,TEC-PH-10002310,5,11408,10-03-2018,08-04-2017,First-Time Buyer Campaign
561,OFF-PA-10001947,4,6116,28-09-2018,13-07-2018,Win-Back Campaign
863,TEC-AC-10001606,4,39744,24-04-2018,16-04-2017,Seasonal Sale
345,OFF-BI-10004817,1,12390,26-02-2018,01-11-2017,Flash Sale
1261,OFF-BI-10004817,3,39634,24-01-2018,16-12-2017,Seasonal Sale
278,TEC-PH-10002115,6,7878,02-07-2018,17-02-2018,Retargeting
492,TEC-PH-10002115,1,15127,27-05-2018,28-02-2018,Engagement Campaign
1295,TEC-PH-10002115,7,26864,02-07-2018,21-05-2017,Product Launch
1495,OFF-AP-10000938,5,46499,16-04-2018,09-06-2017,Brand Awareness
192,OFF-BI-10004139,5,13048,03-06-2017,11-02-2017,Retargeting
964,OFF-BI-10004139,6,17632,17-06-2017,19-08-2016,Retargeting
458,FUR-FU-10000719,6,6466,29-08-2018,25-12-2017,Loyalty Campaign
842,OFF-PA-10000130,5,14130,25-01-2018,07-05-2017,Win-Back Campaign
887,OFF-PA-10000130,2,35089,05-02-2018,23-07-2017,Product Launch
137,FUR-FU-10000965,4,11899,10-12-2017,03-05-2017,Loyalty Campaign
226,FUR-FU-10000965,7,12615,02-01-2018,14-09-2017,Flash Sale
495,FUR-FU-10000965,2,8395,19-12-2017,04-06-2017,Loyalty Campaign
949,FUR-FU-10000965,4,15890,14-12-2017,02-11-2017,Discount
454,TEC-AC-10003027,1,15476,30-01-2018,24-11-2017,First-Time Buyer Campaign
1253,TEC-AC-10003027,6,23925,06-01-2018,30-09-2017,Engagement Campaign
1291,TEC-AC-10003027,1,8354,31-01-2018,28-01-2017,Win-Back Campaign
1017,TEC-PH-10002563,5,17264,17-08-2018,10-05-2018,Engagement Campaign
784,FUR-FU-10003142,1,10182,11-07-2017,01-10-2016,First-Time Buyer Campaign
931,OFF-ST-10003656,1,9674,21-09-2018,10-02-2018,Retargeting
264,FUR-BO-10002202,4,14493,01-06-2018,06-12-2017,Discount
580,FUR-BO-10002202,1,14421,24-06-2018,09-01-2018,Flash Sale
1405,FUR-BO-10002202,6,14668,28-05-2018,03-10-2017,Retargeting
1523,TEC-AC-10003590,4,13991,06-08-2017,09-05-2017,Conversion Campaign
826,OFF-AP-10004868,5,15121,12-07-2018,23-07-2017,First-Time Buyer Campaign
836,OFF-AP-10004868,1,36664,04-08-2018,23-11-2017,Product Launch
1130,OFF-AP-10004868,6,33983,07-08-2018,18-02-2018,Seasonal Sale
1575,OFF-AP-10004868,4,13866,06-08-2018,20-05-2018,Loyalty Campaign
1165,OFF-PA-10001972,5,10196,23-09-2018,07-11-2017,Discount
243,OFF-AR-10002818,4,13453,16-09-2018,09-06-2018,First-Time Buyer Campaign
1164,OFF-EN-10000056,5,11649,18-08-2018,24-12-2017,First-Time Buyer Campaign
1527,OFF-FA-10004838,6,25107,15-04-2018,12-01-2018,Brand Awareness
1167,OFF-PA-10003424,5,52477,28-04-2018,18-07-2017,Brand Awareness
1479,OFF-PA-10003424,5,15881,09-04-2018,12-09-2017,Win-Back Campaign
276,OFF-PA-10000174,7,10627,24-10-2017,18-11-2016,Loyalty Campaign
726,OFF-PA-10000174,7,18544,13-11-2017,22-07-2017,Discount
1176,OFF-PA-10000174,7,10613,18-10-2017,05-09-2017,Discount
655,OFF-EN-10002592,1,13243,13-08-2018,05-01-2018,Retargeting
1205,OFF-EN-10002592,2,17972,20-08-2018,23-04-2018,Retargeting
518,OFF-PA-10000501,4,58087,13-09-2018,01-07-2018,Brand Awareness
837,TEC-PH-10001527,7,26992,16-05-2017,01-07-2016,Seasonal Sale
546,OFF-EN-10002621,1,16377,25-02-2018,26-02-2017,First-Time Buyer Campaign
1317,FUR-TA-10002645,6,10835,18-03-2018,29-01-2018,Retargeting
303,OFF-ST-10000777,3,13055,16-07-2018,01-01-2018,Conversion Campaign
1218,OFF-FA-10000304,3,29054,20-10-2017,31-05-2017,Product Launch
152,OFF-AR-10001231,6,38028,12-04-2017,06-10-2016,Seasonal Sale
1418,OFF-BI-10000545,3,8639,27-05-2018,21-07-2017,Win-Back Campaign
349,OFF-EN-10003068,3,16956,28-08-2017,27-12-2016,Discount
617,TEC-PH-10003645,5,13180,23-02-2018,13-03-2017,Flash Sale
1235,TEC-PH-10003645,4,9753,27-01-2018,07-09-2017,Loyalty Campaign
804,TEC-AC-10003023,7,16199,30-01-2018,07-02-2017,Seasonal Sale
676,FUR-TA-10001771,1,13765,15-02-2018,20-03-2017,First-Time Buyer Campaign
879,TEC-AC-10001445,7,44250,26-01-2018,18-04-2017,Brand Awareness
1391,TEC-AC-10001445,2,21888,22-01-2018,19-11-2017,Seasonal Sale
1591,TEC-AC-10001445,2,10905,24-01-2018,26-03-2017,Discount
563,OFF-PA-10003039,5,16686,30-03-2017,21-07-2016,Engagement Campaign
1200,OFF-PA-10003039,1,36539,16-04-2017,02-01-2017,Seasonal Sale
683,OFF-AR-10003478,1,38504,24-08-2018,20-08-2017,Product Launch
1372,OFF-AR-10003478,6,14132,19-09-2018,04-09-2017,Loyalty Campaign
745,FUR-FU-10001475,5,16078,20-08-2018,16-07-2018,Seasonal Sale
1270,OFF-AR-10000203,3,9280,05-03-2018,29-03-2017,Win-Back Campaign
107,FUR-CH-10003396,2,58388,04-07-2017,25-10-2016,Brand Awareness
356,OFF-LA-10004008,2,10769,08-09-2017,07-03-2017,Retargeting
852,FUR-BO-10002916,6,47376,05-10-2017,10-06-2017,Product Launch
867,FUR-BO-10002916,7,8557,06-09-2017,19-04-2017,Loyalty Campaign
174,OFF-LA-10003663,6,24242,05-03-2018,14-07-2017,Conversion Campaign
193,OFF-LA-10003663,6,44161,16-02-2018,10-11-2017,Product Launch
840,OFF-LA-10003663,7,10407,13-03-2018,20-11-2017,Win-Back Campaign
391,OFF-BI-10002764,3,13592,11-12-2017,08-06-2017,Loyalty Campaign
1595,OFF-BI-10002764,1,10312,08-12-2017,20-04-2017,Flash Sale
1221,OFF-ST-10002444,2,28364,22-01-2018,27-09-2017,Seasonal Sale
344,FUR-CH-10001215,2,38312,16-12-2017,18-09-2017,Product Launch
1460,FUR-CH-10001215,1,7852,07-12-2017,03-04-2017,Win-Back Campaign
576,FUR-CH-10002304,5,35412,15-11-2017,29-03-2017,Brand Awareness
690,FUR-CH-10002304,2,34065,12-11-2017,14-03-2017,Seasonal Sale
898,FUR-FU-10003829,2,12191,19-07-2017,18-02-2017,Loyalty Campaign
127,OFF-BI-10001120,2,8947,21-04-2018,19-03-2018,Loyalty Campaign
353,TEC-PH-10003655,1,37642,12-11-2017,02-04-2017,Brand Awareness
967,TEC-PH-10003655,5,12138,01-12-2017,30-09-2017,Win-Back Campaign
1189,OFF-PA-10002923,2,59835,01-09-2018,06-09-2017,Brand Awareness
150,TEC-PH-10000526,7,15545,16-09-2018,11-06-2018,Retargeting
624,TEC-PH-10000526,1,17054,31-08-2018,05-03-2018,Conversion Campaign
811,TEC-PH-10000526,4,8553,28-09-2018,14-11-2017,Loyalty Campaign
773,OFF-EN-10004846,4,15171,05-10-2018,26-04-2018,First-Time Buyer Campaign
521,OFF-EN-10003448,1,39515,09-03-2018,22-04-2017,Seasonal Sale
250,OFF-ST-10000876,6,9592,07-01-2018,22-08-2017,Flash Sale
652,OFF-ST-10000876,7,33735,08-01-2018,12-03-2017,Seasonal Sale
291,OFF-BI-10004738,2,10278,19-05-2018,09-10-2017,First-Time Buyer Campaign
1373,OFF-PA-10004610,6,15262,23-05-2018,14-05-2017,First-Time Buyer Campaign
393,OFF-PA-10004092,4,10272,27-09-2017,01-02-2017,Retargeting
263,TEC-PH-10000439,2,46566,05-11-2017,27-06-2017,Product Launch
1302,TEC-PH-10000439,7,10308,01-10-2017,16-06-2017,Loyalty Campaign
953,FUR-TA-10001705,5,9656,21-03-2018,14-07-2017,First-Time Buyer Campaign
456,OFF-BI-10003638,7,44597,09-11-2017,27-05-2017,Product Launch
965,OFF-BI-10003638,3,10874,15-10-2017,06-12-2016,First-Time Buyer Campaign
471,FUR-FU-10004245,3,17900,09-11-2017,06-01-2017,Conversion Campaign
1581,FUR-FU-10004245,2,6997,10-11-2017,16-10-2016,First-Time Buyer Campaign
1354,TEC-AC-10003289,1,25386,15-02-2018,21-12-2017,Product Launch
860,FUR-FU-10001025,7,23587,25-08-2018,16-02-2018,Seasonal Sale
946,TEC-AC-10002335,6,46206,13-09-2018,24-02-2018,Brand Awareness
184,TEC-AC-10002076,3,28828,27-02-2017,16-04-2016,Conversion Campaign
1094,TEC-AC-10002076,7,9217,29-03-2017,29-08-2016,Loyalty Campaign
1412,TEC-AC-10002076,3,9488,26-02-2017,21-05-2016,Win-Back Campaign
1496,OFF-AR-10002257,7,13299,07-10-2017,20-08-2017,Conversion Campaign
1427,TEC-PH-10003442,1,28685,07-02-2018,15-06-2017,Conversion Campaign
491,TEC-CO-10000971,3,29906,04-09-2018,25-07-2018,Brand Awareness
340,TEC-PH-10002468,6,14331,09-02-2018,29-06-2017,Retargeting
566,OFF-BI-10004308,3,17344,06-01-2018,10-04-2017,Discount
1467,OFF-BI-10004308,7,30088,25-01-2018,21-05-2017,Seasonal Sale
405,OFF-BI-10001679,7,14466,12-09-2017,24-02-2017,Engagement Campaign
869,OFF-BI-10001679,6,45093,21-09-2017,12-11-2016,Brand Awareness
1021,OFF-BI-10001679,2,13715,02-10-2017,10-06-2017,Discount
1403,OFF-BI-10001679,3,9503,27-09-2017,18-09-2016,Win-Back Campaign
233,TEC-CO-10004115,1,20274,31-12-2017,18-09-2017,Engagement Campaign
735,TEC-CO-10004115,4,8497,30-12-2017,21-10-2017,Win-Back Campaign
1442,TEC-PH-10003601,2,14988,22-08-2017,12-11-2016,First-Time Buyer Campaign
1502,OFF-AP-10003884,4,16271,09-12-2017,28-05-2017,Seasonal Sale
182,OFF-ST-10002485,2,14521,15-08-2018,24-07-2017,First-Time Buyer Campaign
253,TEC-MA-10004679,3,16055,20-07-2018,02-04-2018,Conversion Campaign
1104,TEC-MA-10004679,2,8521,24-08-2018,20-02-2018,Win-Back Campaign
1511,TEC-MA-10004679,7,13560,17-08-2018,09-03-2018,Win-Back Campaign
755,FUR-FU-10001731,6,14850,06-01-2018,24-08-2017,Flash Sale
1002,FUR-FU-10001731,5,17525,28-12-2017,28-02-2017,Engagement Campaign
1360,FUR-FU-10001731,7,16265,15-01-2018,23-02-2017,Discount
224,TEC-PH-10004774,1,14900,06-01-2018,26-02-2017,Retargeting
723,TEC-PH-10002726,1,16004,03-10-2017,24-11-2016,Conversion Campaign
888,OFF-ST-10001809,2,12702,02-11-2017,20-08-2017,First-Time Buyer Campaign
328,OFF-PA-10004983,2,23541,09-07-2018,09-10-2017,Product Launch
855,OFF-PA-10001534,4,11675,04-08-2018,23-04-2018,Flash Sale
820,OFF-AR-10004165,1,8765,18-12-2017,02-08-2017,Win-Back Campaign
1297,OFF-BI-10004099,6,55460,03-08-2018,22-05-2018,Brand Awareness
922,OFF-PA-10004996,6,10477,04-09-2018,03-10-2017,Discount
1350,OFF-PA-10004996,7,18308,03-09-2018,10-08-2017,Conversion Campaign
125,OFF-LA-10001175,5,13681,30-08-2018,05-05-2018,First-Time Buyer Campaign
1209,OFF-LA-10001175,4,16429,17-08-2018,18-07-2018,First-Time Buyer Campaign
1343,OFF-PA-10004041,7,13605,06-04-2018,17-03-2017,Flash Sale
310,OFF-FA-10000053,6,19952,15-04-2018,17-10-2017,Discount
1269,OFF-FA-10000053,2,46494,04-05-2018,02-08-2017,Brand Awareness
369,OFF-PA-10000605,2,6758,27-04-2018,11-05-2017,Flash Sale
906,OFF-PA-10000605,3,6076,09-05-2018,25-04-2017,Loyalty Campaign
881,TEC-PH-10001128,6,15314,29-03-2017,23-05-2016,First-Time Buyer Campaign
501,OFF-AR-10004602,3,12146,18-04-2018,11-12-2017,Win-Back Campaign
275,OFF-BI-10000301,6,24199,05-03-2018,18-07-2017,Engagement Campaign
375,OFF-BI-10000301,6,13359,16-02-2018,15-02-2017,Loyalty Campaign
940,OFF-BI-10000301,1,12338,06-03-2018,24-02-2017,Engagement Campaign
442,FUR-CH-10001973,4,22672,07-05-2018,16-01-2018,Conversion Campaign
710,FUR-CH-10001973,6,12638,14-05-2018,22-06-2017,Conversion Campaign
941,FUR-CH-10001973,5,14780,14-05-2018,22-09-2017,Engagement Campaign
1070,FUR-CH-10001973,2,22972,22-05-2018,07-02-2018,Engagement Campaign
304,FUR-FU-10003981,3,9600,21-04-2018,05-04-2017,Retargeting
482,OFF-AP-10001293,5,14710,02-09-2018,15-12-2017,First-Time Buyer Campaign
1007,OFF-ST-10001526,1,11828,02-09-2018,19-10-2017,Flash Sale
791,TEC-PH-10001254,3,23184,25-11-2017,07-12-2016,Conversion Campaign
516,OFF-PA-10002120,1,9007,26-12-2017,22-02-2017,Flash Sale
1255,OFF-PA-10001937,2,24042,20-02-2018,22-10-2017,Product Launch
118,FUR-BO-10001798,6,10793,23-03-2018,15-02-2017,Win-Back Campaign
252,TEC-PH-10001198,1,42677,12-03-2018,13-03-2017,Product Launch
362,TEC-AC-10000580,3,12009,29-04-2018,18-01-2018,Flash Sale
883,OFF-BI-10004876,4,22753,24-07-2018,30-07-2017,Seasonal Sale
352,OFF-BI-10003166,1,13192,22-01-2018,04-10-2017,Discount
586,OFF-BI-10003166,5,10647,15-02-2018,07-09-2017,Flash Sale
937,OFF-BI-10003166,1,15321,19-01-2018,23-11-2017,Win-Back Campaign
615,OFF-BI-10003694,3,7414,22-01-2018,06-04-2017,Loyalty Campaign
573,FUR-BO-10000711,6,8944,11-01-2018,26-08-2017,Win-Back Campaign
1141,TEC-PH-10002789,2,13317,03-01-2018,21-07-2017,Retargeting
120,OFF-EN-10002230,7,21601,23-07-2018,20-01-2018,Engagement Campaign
364,OFF-EN-10002230,6,14424,07-08-2018,15-11-2017,Retargeting
700,OFF-EN-10002230,6,8118,08-07-2018,06-12-2017,Discount
1020,OFF-BI-10000042,1,16012,02-11-2017,29-10-2016,First-Time Buyer Campaign
1087,OFF-PA-10001293,2,14024,23-04-2018,24-05-2017,Flash Sale
1278,FUR-CH-10002073,6,58241,13-05-2018,17-10-2017,Brand Awareness
1465,FUR-TA-10003008,1,17439,18-08-2017,14-10-2016,First-Time Buyer Campaign
1338,OFF-ST-10003638,7,16211,03-04-2017,02-01-2017,Discount
535,FUR-FU-10000260,4,36755,25-05-2018,25-09-2017,Seasonal Sale
611,FUR-FU-10000260,5,31452,19-05-2018,10-08-2017,Brand Awareness
697,OFF-BI-10002799,7,7285,01-12-2017,28-10-2016,Flash Sale
1045,OFF-BI-10000848,2,11158,14-02-2017,29-12-2016,Engagement Campaign
416,OFF-PA-10003936,1,39143,07-08-2018,05-02-2018,Seasonal Sale
1029,OFF-PA-10003936,2,12578,06-09-2018,19-03-2018,Win-Back Campaign
1587,OFF-PA-10003936,1,45690,23-08-2018,28-08-2017,Brand Awareness
612,FUR-FU-10003374,1,11349,25-11-2017,28-02-2017,Loyalty Campaign
111,FUR-CH-10000513,1,7599,20-05-2018,02-01-2018,Retargeting
575,FUR-CH-10000513,2,26329,10-06-2018,22-07-2017,Seasonal Sale
1367,FUR-CH-10000513,6,15437,30-05-2018,29-03-2018,Engagement Campaign
807,OFF-AR-10002766,6,15728,19-08-2018,03-05-2018,Win-Back Campaign
122,FUR-FU-10003274,5,7534,13-06-2017,21-02-2017,Win-Back Campaign
529,FUR-FU-10003274,4,15145,21-06-2017,28-04-2017,Retargeting
545,FUR-FU-10003274,3,14265,05-06-2017,23-10-2016,Discount
1134,FUR-FU-10003274,4,13744,08-06-2017,27-04-2017,Engagement Campaign
1056,TEC-PH-10001750,5,18817,07-09-2018,27-08-2017,Conversion Campaign
594,OFF-LA-10003766,4,26720,27-05-2018,10-01-2018,Brand Awareness
593,OFF-PA-10004071,2,38488,06-04-2018,07-08-2017,Product Launch
974,OFF-BI-10003656,5,12857,12-08-2018,30-10-2017,Flash Sale
238,TEC-PH-10001433,3,9406,03-02-2018,16-11-2017,Win-Back Campaign
598,TEC-PH-10001433,4,7017,25-01-2018,06-11-2017,Flash Sale
1233,TEC-PH-10001433,7,38311,24-01-2018,02-07-2017,Product Launch
140,FUR-BO-10003450,5,14440,10-10-2017,02-05-2017,Loyalty Campaign
767,FUR-BO-10003450,2,21827,06-10-2017,04-05-2017,Seasonal Sale
1436,FUR-BO-10003450,5,14724,12-09-2017,13-06-2017,Flash Sale
1212,OFF-AP-10003281,6,35580,02-01-2018,01-06-2017,Seasonal Sale
505,TEC-AC-10004510,2,14256,18-01-2018,30-08-2017,First-Time Buyer Campaign
823,TEC-AC-10003870,2,9575,12-04-2017,18-05-2016,Flash Sale
131,OFF-BI-10004826,1,29841,08-07-2018,20-05-2018,Seasonal Sale
787,OFF-BI-10004826,1,9754,16-07-2018,31-10-2017,First-Time Buyer Campaign
223,OFF-BI-10004519,1,6552,08-07-2018,14-05-2018,Flash Sale
1074,TEC-AC-10000420,2,22132,06-08-2018,12-07-2017,Seasonal Sale
1252,TEC-AC-10000420,1,14563,06-07-2018,23-07-2017,Engagement Campaign
1370,OFF-PA-10004285,1,53677,07-08-2018,27-11-2017,Brand Awareness
1515,OFF-PA-10003172,7,11649,23-10-2016,25-11-2015,Flash Sale
730,OFF-PA-10004470,5,27738,17-04-2018,09-01-2018,Brand Awareness
394,OFF-PA-10004971,5,11126,07-05-2017,02-12-2016,Retargeting
365,OFF-AR-10004344,2,30841,27-03-2017,02-12-2016,Product Launch
307,OFF-AP-10004336,5,24095,03-04-2017,12-03-2016,Engagement Campaign
590,OFF-AP-10004336,7,18072,09-04-2017,21-07-2016,Conversion Campaign
141,OFF-BI-10001634,6,11695,10-01-2018,13-01-2017,Loyalty Campaign
160,OFF-BI-10001634,7,14621,09-01-2018,11-01-2017,Engagement Campaign
605,OFF-PA-10004327,5,8456,12-09-2018,06-12-2017,First-Time Buyer Campaign
904,OFF-PA-10004327,7,31005,05-09-2018,13-12-2017,Seasonal Sale
201,OFF-AP-10001366,1,10392,21-01-2018,07-05-2017,Retargeting
1526,FUR-CH-10001714,2,9835,24-09-2017,12-05-2017,Retargeting
183,OFF-EN-10002504,6,13873,30-03-2017,15-05-2016,Win-Back Campaign
1419,OFF-EN-10002504,7,31637,01-04-2017,23-04-2016,Seasonal Sale
409,FUR-BO-10003660,2,23059,29-11-2017,23-06-2017,Product Launch
206,FUR-CH-10001482,4,11498,13-09-2018,18-01-2018,Loyalty Campaign
641,OFF-PA-10003845,5,15235,28-11-2017,19-04-2017,Engagement Campaign
1552,OFF-PA-10003845,7,48677,22-12-2017,08-07-2017,Brand Awareness
1392,OFF-ST-10004180,4,7743,20-03-2018,05-10-2017,Loyalty Campaign
1570,OFF-ST-10004180,2,49559,15-04-2018,10-03-2017,Brand Awareness
1193,FUR-CH-10001797,1,10520,17-04-2017,01-11-2016,Loyalty Campaign
1257,FUR-CH-10001797,4,8992,10-04-2017,30-04-2016,Win-Back Campaign
1541,OFF-PA-10002222,5,37610,16-08-2018,15-12-2017,Product Launch
582,OFF-AP-10002495,2,11417,18-05-2017,05-12-2016,Engagement Campaign
1276,OFF-AP-10002495,5,13721,06-05-2017,10-01-2017,Flash Sale
850,OFF-AR-10003394,1,8225,15-01-2018,18-02-2017,Flash Sale
1033,FUR-FU-10003553,1,13468,09-02-2018,21-01-2017,Win-Back Campaign
1422,OFF-BI-10004781,1,23361,22-04-2017,01-11-2016,Seasonal Sale
173,FUR-FU-10002088,2,12609,30-08-2018,12-02-2018,Win-Back Campaign
377,FUR-FU-10002088,3,5872,23-09-2018,31-12-2017,Loyalty Campaign
1135,OFF-AR-10001547,5,19666,22-08-2018,06-01-2018,Conversion Campaign
1248,OFF-BI-10000279,6,14215,22-03-2018,01-02-2018,Discount
360,OFF-PA-10000246,5,15633,25-09-2017,05-03-2017,Discount
292,TEC-PH-10001944,7,11631,13-04-2018,22-09-2017,Engagement Campaign
1234,TEC-PH-10003988,3,11436,17-09-2018,28-08-2017,Loyalty Campaign
1319,FUR-BO-10002824,2,13849,01-09-2018,28-07-2017,Loyalty Campaign
1210,OFF-BI-10000136,5,11619,01-04-2017,16-12-2016,First-Time Buyer Campaign
129,OFF-PA-10000528,2,25078,23-10-2017,14-08-2017,Seasonal Sale
1326,FUR-BO-10003894,4,15809,30-08-2018,10-11-2017,Conversion Campaign
1572,OFF-EN-10001099,1,44124,26-03-2017,04-02-2017,Brand Awareness
886,OFF-AR-10003251,4,13697,28-04-2017,22-01-2017,Retargeting
289,OFF-AP-10002191,3,38452,07-05-2018,06-05-2017,Seasonal Sale
1118,FUR-TA-10004154,4,24903,30-03-2018,09-09-2017,Conversion Campaign
1119,FUR-TA-10004154,6,45291,18-03-2018,21-08-2017,Brand Awareness
847,OFF-BI-10001132,4,9256,29-10-2016,02-04-2016,Loyalty Campaign
775,OFF-PA-10002479,7,46223,07-08-2017,15-01-2017,Product Launch
1271,OFF-PA-10000232,5,14367,25-12-2017,05-05-2017,Win-Back Campaign
1484,OFF-PA-10000232,5,8580,13-12-2017,24-05-2017,Discount
500,OFF-ST-10000464,6,7278,03-05-2018,21-12-2017,Retargeting
782,FUR-FU-10004671,5,13180,01-01-2018,12-05-2017,Retargeting
583,OFF-BI-10002026,5,31895,01-05-2018,17-07-2017,Seasonal Sale
734,OFF-ST-10004634,2,37902,02-04-2018,03-04-2017,Seasonal Sale
1409,OFF-ST-10004634,7,15867,25-04-2018,13-06-2017,First-Time Buyer Campaign
295,OFF-AP-10004487,5,22657,06-02-2018,18-02-2017,Seasonal Sale
425,OFF-AP-10004487,7,12049,08-03-2018,19-08-2017,First-Time Buyer Campaign
255,OFF-AP-10000026,6,21610,15-11-2017,24-07-2017,Seasonal Sale
1084,OFF-BI-10003784,6,12589,06-02-2017,06-02-2016,Loyalty Campaign
1112,OFF-BI-10003784,6,12857,15-02-2017,14-07-2016,Win-Back Campaign
1277,OFF-PA-10002195,1,9904,13-06-2018,07-06-2017,Win-Back Campaign
1285,FUR-TA-10004175,7,55281,02-09-2018,09-01-2018,Brand Awareness
677,OFF-BI-10000088,4,14830,28-04-2017,17-06-2016,Conversion Campaign
1116,OFF-ST-10000760,6,24371,10-07-2018,06-01-2018,Engagement Campaign
1124,OFF-ST-10000760,4,24659,30-07-2018,04-03-2018,Conversion Campaign
484,FUR-FU-10004093,2,17513,28-02-2018,29-03-2017,Engagement Campaign
509,FUR-FU-10000755,7,20546,08-09-2018,09-11-2017,Engagement Campaign
998,FUR-FU-10000755,7,11354,03-09-2018,05-04-2018,Discount
658,OFF-BI-10000320,1,12106,28-01-2018,22-11-2017,Win-Back Campaign
621,OFF-ST-10001837,4,20699,18-01-2018,15-10-2017,Engagement Campaign
765,OFF-ST-10001837,4,13605,19-02-2018,10-01-2017,Discount
865,OFF-ST-10001837,3,8970,22-02-2018,11-06-2017,Loyalty Campaign
180,FUR-FU-10004090,4,9643,11-03-2018,22-03-2017,Loyalty Campaign
306,OFF-LA-10001982,5,8918,02-08-2018,21-05-2018,Win-Back Campaign
342,OFF-LA-10001982,5,26918,15-08-2018,23-12-2017,Product Launch
944,OFF-LA-10001982,5,8521,02-09-2018,02-07-2018,Flash Sale
1453,TEC-MA-10000418,2,15135,13-09-2018,13-12-2017,Retargeting
817,OFF-PA-10000062,5,12335,27-08-2017,22-06-2017,Flash Sale
334,TEC-AC-10004901,2,14141,21-02-2018,18-09-2017,Loyalty Campaign
975,OFF-AP-10002082,5,13657,24-02-2018,05-05-2017,Discount
1199,OFF-AP-10002082,7,14152,01-03-2018,07-05-2017,Flash Sale
1300,OFF-ST-10000649,6,13667,23-02-2018,27-04-2017,Engagement Campaign
772,OFF-BI-10002897,6,9664,25-03-2018,17-10-2017,Flash Sale
961,OFF-BI-10001982,1,26779,12-05-2017,14-10-2016,Product Launch
1014,FUR-BO-10001608,1,15105,01-01-2018,18-02-2017,Engagement Campaign
799,FUR-FU-10003577,5,8400,01-08-2018,10-05-2018,Discount
241,OFF-FA-10004076,4,27143,23-07-2017,24-09-2016,Conversion Campaign
540,OFF-FA-10004076,6,7781,26-06-2017,21-12-2016,Flash Sale
1123,OFF-PA-10000380,7,8141,07-03-2018,25-11-2017,Flash Sale
455,OFF-PA-10001274,4,16413,14-06-2018,21-06-2017,First-Time Buyer Campaign
1536,OFF-PA-10001274,1,14655,06-07-2018,24-08-2017,First-Time Buyer Campaign
1013,OFF-PA-10004451,2,8168,28-08-2017,18-12-2016,Win-Back Campaign
361,TEC-AC-10000023,5,11201,25-06-2018,11-11-2017,Loyalty Campaign
1089,OFF-FA-10002983,3,31691,20-02-2018,06-11-2017,Brand Awareness
1161,OFF-PA-10002787,6,13057,24-05-2018,10-08-2017,First-Time Buyer Campaign
1268,OFF-PA-10002787,6,16000,02-06-2018,31-12-2017,Retargeting
288,OFF-AR-10004685,5,5046,08-05-2018,09-11-2017,Loyalty Campaign
1120,OFF-AR-10004685,2,14610,05-05-2018,08-07-2017,Loyalty Campaign
838,TEC-PH-10003580,3,47904,30-03-2018,21-10-2017,Brand Awareness
742,TEC-PH-10002680,3,26849,10-08-2018,24-06-2018,Seasonal Sale
739,TEC-PH-10002922,6,6596,11-07-2017,09-04-2017,Flash Sale
643,OFF-AP-10000252,6,9049,19-07-2017,05-02-2017,Loyalty Campaign
669,FUR-FU-10003192,6,26088,20-01-2018,09-07-2017,Seasonal Sale
547,OFF-LA-10001045,3,14415,06-09-2017,22-06-2017,Retargeting
496,OFF-AR-10001374,5,14723,25-09-2018,23-04-2018,Loyalty Campaign
902,OFF-AR-10001374,7,15982,27-09-2018,25-02-2018,First-Time Buyer Campaign
942,OFF-AR-10001374,1,6329,07-09-2018,03-08-2018,Win-Back Campaign
1435,OFF-AR-10001374,4,16679,18-09-2018,29-09-2017,Conversion Campaign
1332,OFF-ST-10000918,6,6598,01-10-2018,19-02-2018,First-Time Buyer Campaign
132,FUR-CH-10001190,6,10874,02-10-2017,30-12-2016,First-Time Buyer Campaign
1547,FUR-FU-10004909,3,15397,09-10-2017,04-01-2017,Win-Back Campaign
875,OFF-BI-10000632,7,18529,01-02-2018,24-06-2017,Discount
222,OFF-BI-10001721,6,22546,05-08-2018,04-10-2017,Seasonal Sale
649,OFF-BI-10001721,7,44340,12-08-2018,30-08-2017,Brand Awareness
438,OFF-BI-10000831,2,15171,16-02-2018,02-05-2017,Discount
1309,FUR-CH-10002317,4,15531,05-12-2017,27-08-2017,First-Time Buyer Campaign
1198,FUR-FU-10001967,3,13147,23-01-2018,28-09-2017,Retargeting
1262,FUR-FU-10001967,1,45827,01-02-2018,12-01-2017,Product Launch
423,OFF-PA-10001609,7,15838,21-12-2017,30-12-2016,First-Time Buyer Campaign
1289,OFF-PA-10001609,6,12304,01-12-2017,01-09-2017,Engagement Campaign
382,OFF-SU-10002881,1,11053,14-04-2018,28-01-2018,Retargeting
1477,OFF-SU-10003567,5,12391,04-11-2017,28-06-2017,Loyalty Campaign
654,OFF-AR-10001026,7,26987,14-09-2017,11-12-2016,Conversion Campaign
995,OFF-AR-10001026,6,13585,08-09-2017,13-10-2016,Flash Sale
322,TEC-PH-10001918,7,12536,24-07-2018,31-10-2017,Discount
567,TEC-PH-10001918,7,22329,23-06-2018,08-09-2017,Product Launch
613,FUR-TA-10004575,7,7848,03-07-2018,08-08-2017,Win-Back Campaign
444,OFF-EN-10001990,2,17412,19-12-2017,05-12-2016,Discount
1469,OFF-EN-10001990,2,8115,13-12-2017,30-09-2017,Loyalty Campaign
1026,FUR-TA-10004442,3,12773,31-08-2017,07-04-2017,Win-Back Campaign
554,OFF-PA-10004621,1,45305,12-02-2017,22-09-2016,Brand Awareness
861,OFF-PA-10004621,5,13341,06-03-2017,05-05-2016,Retargeting
1223,OFF-ST-10001418,6,11590,16-11-2017,29-05-2017,Retargeting
1024,OFF-PA-10003134,2,24147,06-03-2018,17-11-2017,Product Launch
197,TEC-AC-10001874,6,9533,30-07-2017,17-01-2017,Loyalty Campaign
616,TEC-AC-10001874,2,12116,21-07-2017,05-10-2016,Retargeting
721,TEC-AC-10004114,7,11871,07-05-2017,25-07-2016,Flash Sale
299,OFF-LA-10002475,3,14521,27-05-2018,05-11-2017,First-Time Buyer Campaign
1043,OFF-LA-10002475,2,16541,22-05-2018,11-12-2017,Retargeting
628,OFF-EN-10003845,6,11961,23-10-2016,08-11-2015,Retargeting
149,FUR-FU-10003806,2,16268,19-06-2018,06-08-2017,Discount
1565,FUR-FU-10003806,2,12663,22-05-2018,19-08-2017,Conversion Campaign
966,OFF-BI-10001308,3,16360,23-07-2018,03-12-2017,Conversion Campaign
1494,OFF-BI-10001308,3,10631,08-07-2018,19-02-2018,Discount
478,OFF-AR-10002375,2,16899,05-07-2018,29-11-2017,First-Time Buyer Campaign
1485,OFF-AR-10002375,6,9852,06-07-2018,05-03-2018,Win-Back Campaign
1540,OFF-PA-10000483,6,10886,30-12-2017,22-05-2017,Discount
104,TEC-MA-10003173,7,6727,22-05-2018,17-06-2017,First-Time Buyer Campaign
301,TEC-MA-10003173,1,10882,22-05-2018,12-06-2017,Flash Sale
1452,OFF-PA-10002105,3,14648,31-08-2018,26-09-2017,Conversion Campaign
713,OFF-LA-10004545,7,8351,27-03-2018,12-12-2017,Flash Sale
894,OFF-LA-10004545,2,56968,19-03-2018,24-12-2017,Brand Awareness
907,TEC-AC-10003095,3,6889,30-09-2017,23-12-2016,Win-Back Campaign
1106,TEC-AC-10003095,3,36279,16-09-2017,11-10-2016,Product Launch
1298,TEC-AC-10003095,5,18489,16-10-2017,20-01-2017,Seasonal Sale
317,OFF-PA-10001204,2,45073,16-09-2017,25-05-2017,Product Launch
434,OFF-BI-10001628,4,10702,01-12-2017,20-07-2017,Retargeting
1400,OFF-EN-10003040,1,5019,28-11-2017,30-03-2017,Flash Sale
793,TEC-AC-10002857,2,11480,20-11-2017,08-05-2017,Flash Sale
1009,TEC-AC-10002857,2,36857,21-11-2017,05-09-2017,Product Launch
988,FUR-FU-10004188,4,28040,27-05-2017,17-07-2016,Seasonal Sale
542,OFF-ST-10000615,7,27085,16-03-2018,20-07-2017,Conversion Campaign
866,OFF-ST-10000615,2,7922,23-03-2018,06-09-2017,Loyalty Campaign
427,OFF-EN-10002831,2,13748,21-11-2017,11-01-2017,Flash Sale
449,OFF-EN-10002831,5,17656,11-11-2017,24-07-2017,Retargeting
499,OFF-EN-10002831,2,14936,27-11-2017,10-08-2017,Win-Back Campaign
818,OFF-ST-10001511,7,6712,05-01-2018,17-01-2017,Win-Back Campaign
1546,OFF-ST-10001511,7,10998,15-12-2017,10-01-2017,Win-Back Campaign
994,OFF-SU-10004115,3,31269,08-08-2018,30-05-2018,Product Launch
848,TEC-AC-10003709,3,8003,01-10-2018,20-04-2018,First-Time Buyer Campaign
648,OFF-BI-10002432,2,8495,12-07-2018,09-01-2018,Loyalty Campaign
1325,OFF-BI-10002432,6,10953,24-06-2018,17-02-2018,First-Time Buyer Campaign
273,OFF-PA-10000289,5,7372,31-07-2018,16-07-2017,Loyalty Campaign
705,OFF-LA-10004559,5,10648,16-03-2018,30-04-2017,Discount
463,OFF-PA-10000675,5,8526,07-09-2017,17-08-2016,Flash Sale
568,OFF-PA-10000675,5,14917,20-08-2017,28-11-2016,Win-Back Campaign
335,FUR-FU-10002107,3,19968,29-09-2017,31-07-2017,Conversion Campaign
1171,FUR-FU-10002107,4,34179,30-09-2017,25-12-2016,Seasonal Sale
1256,FUR-FU-10002107,7,15851,10-10-2017,18-09-2016,Seasonal Sale
1147,OFF-PA-10002319,7,45708,25-07-2018,22-05-2018,Brand Awareness
190,OFF-LA-10000634,5,17665,10-01-2018,26-06-2017,Engagement Campaign
144,OFF-PA-10001892,3,58692,01-06-2018,04-04-2018,Brand Awareness
513,TEC-MA-10001127,6,14683,20-05-2018,18-03-2018,Conversion Campaign
572,TEC-MA-10001127,5,40424,30-05-2018,28-08-2017,Product Launch
762,TEC-MA-10001127,7,28852,25-05-2018,07-09-2017,Seasonal Sale
990,OFF-BI-10000948,3,8557,02-07-2018,09-05-2018,Retargeting
1003,OFF-BI-10000948,4,7932,25-06-2018,15-09-2017,Flash Sale
1163,OFF-BI-10000948,5,12803,16-06-2018,10-11-2017,Retargeting
1349,OFF-BI-10000948,4,44109,15-07-2018,12-02-2018,Brand Awareness
448,OFF-BI-10000546,4,7166,16-05-2018,27-12-2017,Loyalty Campaign
1588,OFF-BI-10000546,4,8194,10-05-2018,01-04-2018,Discount
701,OFF-PA-10000482,3,43128,22-05-2018,08-02-2018,Brand Awareness
1046,TEC-AC-10001267,5,12794,16-05-2018,08-12-2017,Conversion Campaign
1284,TEC-AC-10001267,2,16733,25-05-2018,30-09-2017,Engagement Campaign
337,OFF-FA-10001754,5,7220,19-05-2018,10-10-2017,Loyalty Campaign
939,TEC-PH-10004042,4,22037,26-11-2017,25-07-2017,Conversion Campaign
1183,OFF-BI-10002049,6,16441,19-08-2017,03-11-2016,Engagement Campaign
717,OFF-BI-10004528,2,13442,05-09-2017,10-04-2017,Conversion Campaign
1245,OFF-BI-10004528,1,18454,28-08-2017,04-01-2017,Discount
395,OFF-PA-10002666,4,24139,21-10-2017,15-04-2017,Engagement Campaign
1463,OFF-PA-10002666,3,36507,30-10-2017,12-11-2016,Brand Awareness
1461,OFF-LA-10000414,1,26335,08-10-2017,03-08-2017,Seasonal Sale
256,OFF-AP-10004540,5,6380,23-08-2018,05-12-2017,Win-Back Campaign
296,OFF-AP-10004540,6,11417,17-09-2018,24-09-2017,Discount
315,OFF-AP-10000027,2,6352,08-05-2018,01-10-2017,Flash Sale
1012,OFF-AP-10000027,5,7341,09-05-2018,29-10-2017,Flash Sale
271,TEC-CO-10001449,7,11858,08-09-2017,20-12-2016,Flash Sale
938,TEC-CO-10001449,1,8330,02-09-2017,06-05-2017,Win-Back Campaign
979,TEC-CO-10001449,7,23471,02-09-2017,12-09-2016,Engagement Campaign
1580,OFF-PA-10001725,1,29952,10-07-2018,24-01-2018,Conversion Campaign
630,OFF-AP-10002670,4,15587,05-05-2018,09-08-2017,First-Time Buyer Campaign
1162,OFF-AP-10002670,4,24289,16-05-2018,04-11-2017,Product Launch
1355,TEC-AC-10000387,4,9560,29-08-2018,19-08-2017,Flash Sale
1160,OFF-PA-10003543,3,18094,08-05-2018,18-01-2018,Seasonal Sale
1293,OFF-PA-10003543,5,10907,01-04-2018,13-04-2017,Retargeting
720,OFF-FA-10002763,1,12075,16-10-2017,31-07-2017,Retargeting
1090,OFF-PA-10004782,1,21060,30-12-2017,28-03-2017,Product Launch
412,TEC-AC-10002558,4,23285,12-02-2018,15-11-2017,Product Launch
748,TEC-AC-10002558,2,9162,07-02-2018,26-12-2017,Win-Back Campaign
162,TEC-MA-10004002,4,12941,09-08-2018,03-10-2017,Flash Sale
625,TEC-MA-10004002,2,13986,04-08-2018,06-07-2017,First-Time Buyer Campaign
531,OFF-PA-10002499,3,35342,30-03-2018,28-12-2017,Product Launch
1121,OFF-PA-10002751,2,16453,29-06-2018,13-09-2017,First-Time Buyer Campaign
397,FUR-TA-10003715,4,16926,22-01-2018,09-12-2017,Seasonal Sale
925,OFF-PA-10004948,5,5103,17-05-2018,03-11-2017,Loyalty Campaign
1385,OFF-PA-10004948,3,10315,06-05-2018,16-05-2017,First-Time Buyer Campaign
417,OFF-PA-10004381,6,17087,03-02-2018,30-03-2017,Retargeting
1091,OFF-PA-10004381,6,31198,05-02-2018,04-08-2017,Product Launch
544,OFF-BI-10003655,4,14325,09-02-2018,14-06-2017,Win-Back Campaign
1432,OFF-BI-10003655,1,35827,23-01-2018,14-02-2017,Brand Awareness
511,FUR-TA-10004256,4,18712,23-09-2018,04-05-2018,Conversion Campaign
1158,OFF-PA-10004665,5,22521,19-08-2018,17-01-2018,Conversion Campaign
752,OFF-PA-10002893,6,12414,13-02-2018,02-10-2017,Engagement Campaign
646,TEC-AC-10002134,6,43404,05-02-2018,19-06-2017,Product Launch
1207,TEC-PH-10004700,3,32744,20-08-2018,04-09-2017,Seasonal Sale
1095,OFF-BI-10000591,3,38038,04-05-2018,27-03-2017,Product Launch
1566,OFF-BI-10000591,1,21265,02-05-2018,19-09-2017,Engagement Campaign
134,OFF-AR-10001315,1,21413,04-07-2018,17-02-2018,Seasonal Sale
779,TEC-AC-10002323,1,5923,09-09-2017,07-09-2016,Loyalty Campaign
1025,TEC-AC-10001772,2,14069,06-08-2018,28-07-2017,Discount
1152,OFF-AP-10000275,4,15090,13-07-2017,13-01-2017,Discount
1150,FUR-TA-10001857,7,14486,22-02-2018,15-05-2017,Win-Back Campaign
1476,FUR-TA-10001857,6,21220,19-02-2018,16-07-2017,Engagement Campaign
431,OFF-PA-10002137,6,26218,28-03-2018,21-08-2017,Seasonal Sale
983,OFF-AR-10001954,2,14195,11-06-2018,06-02-2018,Discount
626,TEC-PH-10002555,7,12383,01-08-2017,23-09-2016,Engagement Campaign
585,OFF-PA-10000157,7,12105,18-03-2017,02-03-2016,Retargeting
1425,TEC-PH-10000923,5,12506,20-05-2017,19-01-2017,First-Time Buyer Campaign
587,TEC-PH-10002807,4,40249,16-09-2017,04-11-2016,Product Launch
854,TEC-PH-10002807,7,17453,23-08-2017,16-08-2016,Engagement Campaign
1153,TEC-PH-10002807,5,14137,11-09-2017,08-10-2016,Discount
1398,OFF-BI-10001294,4,47466,23-04-2017,24-10-2016,Product Launch
486,TEC-MA-10003176,4,10797,12-07-2017,21-09-2016,Loyalty Campaign
699,OFF-AR-10003811,6,14324,11-06-2017,05-02-2017,Flash Sale
1290,OFF-AP-10003278,6,31717,14-05-2018,28-08-2017,Brand Awareness
248,OFF-AR-10004930,6,9922,24-03-2018,18-08-2017,Discount
1394,OFF-AR-10004930,7,49136,13-03-2018,10-04-2017,Brand Awareness
300,FUR-FU-10002813,3,9485,28-08-2018,27-02-2018,Retargeting
453,OFF-LA-10004055,4,17321,05-06-2018,02-01-2018,Discount
1069,OFF-FA-10004968,2,31736,05-02-2018,26-06-2017,Product Launch
670,OFF-PA-10003724,1,17939,22-03-2018,26-08-2017,Retargeting
1159,OFF-PA-10003724,3,44436,25-02-2018,03-04-2017,Product Launch
1197,OFF-PA-10003724,5,8759,03-03-2018,24-02-2017,Flash Sale
1353,OFF-PA-10003724,3,10793,24-02-2018,07-10-2017,First-Time Buyer Campaign
1516,OFF-PA-10003724,5,32768,25-02-2018,14-10-2017,Brand Awareness
1563,OFF-PA-10003724,4,5304,01-03-2018,24-09-2017,Flash Sale
406,OFF-AR-10001246,7,23046,04-10-2017,16-09-2016,Conversion Campaign
124,TEC-AC-10001101,7,29178,23-05-2018,06-06-2017,Product Launch
178,OFF-LA-10000121,5,13216,08-10-2017,14-08-2017,Flash Sale
1359,OFF-LA-10000121,3,18856,15-09-2017,06-04-2017,Conversion Campaign
733,TEC-CO-10001766,6,15180,11-03-2018,19-08-2017,Discount
1109,OFF-ST-10001291,6,13490,14-05-2017,02-04-2017,Discount
560,TEC-MA-10003337,7,30069,19-03-2018,02-09-2017,Seasonal Sale
1548,TEC-MA-10003337,4,46294,26-03-2018,02-05-2017,Product Launch
506,FUR-FU-10004415,7,22695,23-01-2018,19-05-2017,Seasonal Sale
932,FUR-FU-10004415,7,17272,11-02-2018,09-11-2017,Retargeting
228,TEC-PH-10001299,2,7412,11-05-2018,27-11-2017,Retargeting
553,OFF-AR-10001227,1,37123,19-04-2018,12-12-2017,Product Launch
833,TEC-PH-10000347,7,49164,14-02-2018,12-11-2017,Brand Awareness
1589,OFF-PA-10000955,6,9916,15-08-2017,25-02-2017,First-Time Buyer Campaign
1110,OFF-PA-10003651,4,35449,25-08-2017,12-11-2016,Seasonal Sale
1586,OFF-PA-10003651,3,44688,12-09-2017,15-09-2016,Brand Awareness
1445,TEC-PH-10001448,4,38804,13-01-2018,13-06-2017,Seasonal Sale
1420,OFF-PA-10002250,2,20426,08-11-2017,04-08-2017,Conversion Campaign
158,OFF-PA-10001560,1,11660,11-10-2017,28-04-2017,Retargeting
220,OFF-ST-10003572,1,14460,29-11-2017,12-01-2017,Retargeting
1274,OFF-ST-10003572,2,11592,12-12-2017,23-02-2017,Discount
1329,OFF-ST-10003572,3,22186,28-12-2017,24-12-2016,Conversion Campaign
1549,OFF-ST-10000025,3,14807,15-07-2017,11-04-2017,Engagement Campaign
1052,OFF-AP-10001469,7,8600,21-07-2017,19-09-2016,Loyalty Campaign
1098,OFF-AP-10001469,3,13873,22-06-2017,13-03-2017,Retargeting
480,OFF-PA-10002421,6,24278,25-03-2018,04-09-2017,Conversion Campaign
526,OFF-LA-10001641,2,12651,04-07-2017,06-10-2016,Flash Sale
976,OFF-LA-10001641,5,12151,08-07-2017,12-07-2016,First-Time Buyer Campaign
1555,OFF-LA-10001641,6,15637,24-06-2017,08-07-2016,Discount
1076,OFF-AR-10001216,1,31756,16-04-2018,19-07-2017,Brand Awareness
1406,OFF-AR-10001216,5,7806,22-04-2018,13-07-2017,Loyalty Campaign
1530,OFF-AR-10001216,6,16950,04-04-2018,06-11-2017,First-Time Buyer Campaign
744,OFF-BI-10001575,2,14962,18-01-2018,25-05-2017,First-Time Buyer Campaign
1064,OFF-BI-10001575,1,12659,07-01-2018,21-07-2017,Engagement Campaign
1379,FUR-FU-10003849,4,8974,27-05-2018,09-08-2017,Loyalty Campaign
528,FUR-CH-10001802,5,27969,30-09-2017,31-03-2017,Seasonal Sale
909,FUR-CH-10001802,1,14606,14-10-2017,13-04-2017,Engagement Campaign
666,OFF-PA-10000551,2,28240,08-07-2018,23-01-2018,Conversion Campaign
650,FUR-FU-10000087,3,46496,15-07-2018,30-03-2018,Product Launch
715,OFF-PA-10000350,5,34212,02-07-2018,06-07-2017,Brand Awareness
311,OFF-AP-10002765,1,12581,31-07-2017,17-10-2016,Loyalty Campaign
635,OFF-AP-10002765,3,10464,02-08-2017,07-10-2016,Retargeting
240,OFF-ST-10000636,3,7200,31-05-2018,10-12-2017,Flash Sale
1551,OFF-ST-10000636,3,54337,29-05-2018,20-02-2018,Brand Awareness
1243,OFF-AP-10002998,6,14061,24-03-2018,18-01-2018,Win-Back Campaign
595,FUR-TA-10004289,3,11096,07-02-2018,18-06-2017,First-Time Buyer Campaign
373,TEC-AC-10003610,6,29726,21-07-2018,30-12-2017,Brand Awareness
1175,TEC-AC-10003610,1,19893,06-07-2018,23-08-2017,Conversion Campaign
325,OFF-LA-10003388,7,15290,24-07-2018,07-07-2017,First-Time Buyer Campaign
1456,OFF-LA-10003388,4,19836,27-06-2018,23-04-2018,Discount
599,OFF-LA-10000407,4,9421,14-05-2017,07-08-2016,Win-Back Campaign
943,OFF-LA-10000407,6,7733,24-05-2017,09-06-2016,First-Time Buyer Campaign
1404,FUR-FU-10003424,3,5552,02-07-2018,14-03-2018,Loyalty Campaign
1226,FUR-TA-10004147,7,28004,20-08-2018,12-11-2017,Brand Awareness
146,TEC-MA-10004212,3,17613,16-03-2018,23-04-2017,Conversion Campaign
432,TEC-MA-10004212,3,14688,25-02-2018,14-04-2017,Engagement Campaign
1533,TEC-MA-10004212,3,21229,08-03-2018,19-01-2018,Product Launch
282,OFF-LA-10003714,7,30183,24-09-2017,30-12-2016,Product Launch
746,OFF-LA-10003714,6,24051,23-09-2017,10-05-2017,Engagement Campaign
169,TEC-MA-10004125,4,11102,11-07-2018,11-06-2017,Engagement Campaign
475,TEC-MA-10004125,5,29835,07-07-2018,12-01-2018,Product Launch
1559,TEC-AC-10000397,3,21963,23-05-2018,16-09-2017,Engagement Campaign
1560,OFF-PA-10000143,6,27803,08-10-2017,07-04-2017,Brand Awareness
899,FUR-FU-10002506,7,15610,28-10-2017,06-10-2016,Engagement Campaign
1421,OFF-PA-10001281,4,17415,27-11-2017,30-09-2017,First-Time Buyer Campaign
148,OFF-ST-10003996,5,20845,17-04-2018,21-09-2017,Conversion Campaign
401,OFF-PA-10001457,1,34978,13-12-2017,20-08-2017,Seasonal Sale
1468,OFF-PA-10001457,2,17441,07-12-2017,19-09-2017,Retargeting
139,TEC-PH-10003875,5,9404,07-12-2017,21-06-2017,Win-Back Campaign
771,TEC-AC-10000487,7,8577,21-04-2018,12-02-2018,Loyalty Campaign
235,TEC-PH-10000307,2,19568,06-10-2017,24-05-2017,Discount
608,TEC-PH-10000307,5,8602,29-10-2017,03-10-2016,Flash Sale
390,FUR-TA-10004767,4,33494,29-07-2018,05-01-2018,Brand Awareness
681,OFF-PA-10001001,1,24274,08-03-2018,22-07-2017,Seasonal Sale
404,TEC-MA-10003356,5,19181,10-05-2018,29-06-2017,Discount
868,TEC-MA-10003356,2,10830,14-05-2018,20-05-2017,Flash Sale
1444,TEC-MA-10003356,6,17511,11-05-2018,31-01-2018,Seasonal Sale
472,TEC-PH-10002597,6,19347,05-09-2018,20-12-2017,Discount
674,TEC-PH-10002597,5,17716,28-08-2018,27-04-2018,First-Time Buyer Campaign
1594,TEC-MA-10002412,3,11763,28-05-2018,22-11-2017,First-Time Buyer Campaign
1075,TEC-MA-10000864,6,23422,26-03-2018,27-04-2017,Engagement Campaign
1077,TEC-MA-10000864,2,14469,18-04-2018,29-06-2017,Win-Back Campaign
512,FUR-FU-10000175,4,14379,19-05-2018,19-12-2017,Discount
725,FUR-FU-10000175,1,8372,04-05-2018,28-02-2018,First-Time Buyer Campaign
1259,OFF-PA-10004353,3,33714,30-06-2018,25-11-2017,Seasonal Sale
159,OFF-EN-10004147,2,28611,10-03-2018,31-12-2017,Brand Awareness
1457,OFF-EN-10004147,3,9104,11-04-2018,31-10-2017,Loyalty Campaign
1296,TEC-AC-10002600,1,27380,03-03-2017,07-12-2016,Brand Awareness
577,OFF-AR-10004027,7,21978,16-04-2018,06-07-2017,Product Launch
636,OFF-AR-10004027,2,25814,30-04-2018,11-05-2017,Brand Awareness
662,OFF-AR-10004027,2,32205,12-04-2018,27-02-2018,Seasonal Sale
1464,FUR-FU-10003096,3,41602,10-09-2018,19-04-2018,Product Launch
1303,OFF-AP-10002222,6,12974,06-08-2018,27-12-2017,First-Time Buyer Campaign
244,FUR-FU-10002508,2,9787,30-04-2018,16-04-2017,Loyalty Campaign
1279,OFF-AR-10002804,7,16215,23-04-2018,14-12-2017,Retargeting
969,OFF-PA-10000418,5,13727,03-05-2018,31-12-2017,Win-Back Campaign
1247,OFF-PA-10000418,1,56843,29-04-2018,30-11-2017,Brand Awareness
347,OFF-LA-10004345,5,15228,02-11-2017,06-07-2017,Conversion Campaign
634,OFF-LA-10004345,5,9230,29-11-2017,25-10-2016,Flash Sale
971,OFF-LA-10004345,6,7348,15-11-2017,03-07-2017,Retargeting
1063,OFF-AR-10003770,4,15773,05-05-2018,15-01-2018,Discount
1507,OFF-AR-10003770,5,12055,09-06-2018,16-11-2017,Flash Sale
1598,OFF-AR-10003770,6,32586,16-05-2018,02-04-2018,Product Launch
930,OFF-PA-10001736,2,55936,01-09-2018,19-01-2018,Brand Awareness
525,OFF-AP-10000692,4,9191,23-04-2018,21-11-2017,Discount
1288,OFF-AP-10000692,7,27777,04-05-2018,22-02-2018,Conversion Campaign
170,TEC-MA-10001856,1,13542,23-12-2017,24-04-2017,Conversion Campaign
251,TEC-MA-10001856,2,45036,13-01-2018,20-08-2017,Product Launch
618,TEC-MA-10001856,5,14550,29-12-2017,18-01-2017,Discount
948,TEC-MA-10001856,6,28311,12-12-2017,23-01-2017,Product Launch
1321,TEC-MA-10001856,7,23215,28-12-2017,22-08-2017,Conversion Campaign
324,TEC-AC-10000991,2,12107,09-08-2017,11-12-2016,Flash Sale
533,TEC-AC-10000991,4,49972,23-08-2017,27-02-2017,Product Launch
770,TEC-AC-10000991,4,22502,08-09-2017,02-11-2016,Engagement Campaign
960,TEC-AC-10000991,5,25132,11-08-2017,05-07-2017,Conversion Campaign
1037,TEC-AC-10000991,3,11460,04-09-2017,12-05-2017,Win-Back Campaign
105,OFF-PA-10004734,6,9930,13-03-2018,24-07-2017,Retargeting
777,OFF-PA-10004734,5,9882,16-03-2018,07-04-2017,Flash Sale
1041,OFF-PA-10004734,1,37599,14-03-2018,31-07-2017,Product Launch
672,OFF-PA-10000587,2,13922,17-02-2018,29-01-2017,First-Time Buyer Campaign
682,FUR-BO-10004690,3,21899,05-08-2018,24-06-2017,Conversion Campaign
1490,OFF-AR-10004272,1,6346,18-12-2017,16-08-2017,Loyalty Campaign
920,TEC-AC-10000109,5,7087,29-08-2018,24-09-2017,Retargeting
1202,TEC-AC-10000109,6,38899,26-08-2018,01-05-2018,Brand Awareness
515,TEC-AC-10003657,3,11621,30-06-2018,10-07-2017,Loyalty Campaign
1519,TEC-AC-10003657,1,12203,15-06-2018,07-02-2018,Flash Sale
1568,TEC-AC-10003657,6,14076,08-06-2018,07-06-2017,Flash Sale
536,OFF-AR-10004790,7,13813,10-01-2018,29-11-2016,Conversion Campaign
330,OFF-SU-10004768,1,12694,01-09-2018,19-05-2018,Loyalty Campaign
466,OFF-SU-10004768,4,17290,25-08-2018,13-06-2018,Discount
1416,FUR-FU-10000193,3,32261,23-12-2017,23-05-2017,Product Launch
421,OFF-AR-10004956,5,8764,13-06-2018,01-07-2017,Win-Back Campaign
450,OFF-AR-10004956,1,13078,21-06-2018,09-04-2018,Retargeting
1143,FUR-BO-10003893,1,10008,18-05-2018,03-12-2017,First-Time Buyer Campaign
229,OFF-AR-10003876,6,8594,28-07-2017,27-06-2017,Loyalty Campaign
488,OFF-AR-10003876,5,12157,16-08-2017,20-05-2017,Retargeting
668,FUR-TA-10004619,7,18011,10-12-2017,02-02-2017,Engagement Campaign
1330,OFF-PA-10001246,4,23646,18-06-2017,21-01-2017,Conversion Campaign
326,OFF-BI-10000216,6,9208,22-04-2018,08-11-2017,Loyalty Campaign
785,OFF-BI-10000216,2,23307,10-04-2018,10-07-2017,Conversion Campaign
1023,OFF-PA-10001497,1,11498,25-05-2017,08-08-2016,Flash Sale
991,TEC-PH-10001870,4,23541,28-10-2017,26-08-2017,Conversion Campaign
1585,OFF-AR-10004707,4,12657,22-06-2018,04-11-2017,Engagement Campaign
161,TEC-PH-10004080,7,9759,09-03-2017,10-05-2016,Win-Back Campaign
550,TEC-PH-10004080,7,13623,26-02-2017,20-05-2016,Win-Back Campaign
728,OFF-ST-10002011,2,54236,14-03-2018,05-07-2017,Brand Awareness
336,TEC-PH-10000004,3,8246,14-04-2017,09-08-2016,Flash Sale
1214,FUR-FU-10000305,6,21852,29-07-2017,06-09-2016,Engagement Campaign
1182,OFF-ST-10000136,7,10826,31-12-2017,24-07-2017,First-Time Buyer Campaign
1335,OFF-ST-10000136,2,8575,11-12-2017,17-06-2017,Loyalty Campaign
1038,TEC-PH-10002070,1,14986,13-06-2018,27-11-2017,Engagement Campaign
1224,TEC-PH-10002070,3,36447,18-05-2018,07-02-2018,Product Launch
1208,OFF-SU-10004290,4,28470,03-05-2018,31-10-2017,Brand Awareness
429,FUR-BO-10000362,1,44549,01-04-2017,10-02-2017,Brand Awareness
1509,FUR-BO-10000362,2,17921,13-04-2017,03-04-2016,Discount
653,OFF-AR-10001130,7,14205,16-04-2018,05-05-2017,Retargeting
579,FUR-BO-10003433,3,6378,30-11-2017,25-06-2017,Flash Sale
1556,FUR-BO-10003433,7,8713,29-11-2017,10-02-2017,Win-Back Campaign
117,FUR-FU-10004587,7,8547,28-06-2017,07-09-2016,Discount
1027,FUR-FU-10003798,6,29916,27-08-2018,01-06-2018,Conversion Campaign
1596,FUR-FU-10003798,3,12087,12-08-2018,07-10-2017,Flash Sale
805,TEC-MA-10003979,5,17051,26-11-2017,24-11-2016,Engagement Campaign
816,TEC-MA-10003979,2,9210,13-11-2017,12-04-2017,First-Time Buyer Campaign
774,TEC-MA-10002694,7,6688,02-02-2018,04-12-2017,Loyalty Campaign
1122,FUR-CH-10002780,6,42283,07-04-2018,13-02-2018,Product Launch
435,FUR-FU-10000222,6,13113,04-11-2017,13-12-2016,Discount
1249,OFF-LA-10003077,2,42030,21-04-2017,05-06-2016,Product Launch
1010,OFF-LA-10003121,4,14176,28-04-2018,11-02-2018,Flash Sale
1334,OFF-LA-10003121,2,5340,16-05-2018,21-12-2017,Loyalty Campaign
644,OFF-AP-10002472,1,15276,04-07-2018,12-08-2017,Discount
1345,OFF-AP-10002472,5,12808,19-07-2018,25-10-2017,First-Time Buyer Campaign
479,TEC-PH-10000562,6,22323,26-03-2018,14-06-2017,Engagement Campaign
114,TEC-CO-10003236,1,14537,12-08-2018,12-02-2018,Retargeting
489,TEC-CO-10003236,6,13433,15-08-2018,03-05-2018,Conversion Campaign
1244,OFF-AR-10001221,6,13450,26-07-2018,31-07-2017,Win-Back Campaign
378,OFF-PA-10000048,7,49261,12-06-2018,11-05-2017,Brand Awareness
1483,OFF-EN-10004007,3,32867,21-05-2018,18-09-2017,Brand Awareness
1035,TEC-AC-10004666,3,29568,08-02-2018,26-07-2017,Seasonal Sale
884,OFF-AR-10004974,5,7120,18-08-2018,04-12-2017,Loyalty Campaign
1512,OFF-AR-10004974,7,12144,10-09-2018,15-04-2018,Win-Back Campaign
415,TEC-MA-10002859,5,8781,14-09-2017,31-01-2017,Win-Back Campaign
379,TEC-MA-10002981,4,7671,13-06-2018,27-07-2017,Flash Sale
316,TEC-PH-10002483,1,12305,12-05-2018,05-02-2018,Flash Sale
154,OFF-AR-10003896,6,7100,22-06-2018,19-09-2017,Win-Back Campaign
215,TEC-AC-10003133,5,21238,01-06-2018,30-12-2017,Conversion Campaign
1028,TEC-AC-10003133,4,12629,17-05-2018,31-05-2017,Flash Sale
188,OFF-AP-10003099,7,12633,09-05-2018,08-10-2017,Win-Back Campaign
810,OFF-AP-10003099,5,51541,22-04-2018,23-07-2017,Brand Awareness
507,TEC-MA-10002937,4,16653,23-02-2018,28-11-2017,Discount
359,TEC-MA-10000029,4,19751,08-05-2017,20-04-2016,Seasonal Sale
901,TEC-MA-10000029,7,14341,24-05-2017,13-11-2016,Retargeting
112,OFF-ST-10000676,3,12838,12-03-2017,13-12-2016,Retargeting
543,OFF-ST-10000676,3,9103,13-04-2017,22-04-2016,Loyalty Campaign
1204,OFF-ST-10000676,2,11436,29-03-2017,21-10-2016,Loyalty Campaign
914,TEC-AC-10001090,7,17963,27-09-2017,22-09-2016,Seasonal Sale
702,FUR-TA-10002228,3,10322,13-09-2018,06-02-2018,First-Time Buyer Campaign
354,OFF-AP-10003914,7,11330,24-12-2017,17-04-2017,Win-Back Campaign
877,OFF-AP-10003914,3,7687,24-12-2017,05-05-2017,Loyalty Campaign
460,OFF-AP-10000326,2,8762,27-07-2017,02-09-2016,First-Time Buyer Campaign
824,OFF-AP-10000326,5,31717,25-07-2017,01-02-2017,Seasonal Sale
1537,OFF-AP-10000326,6,11009,06-07-2017,18-12-2016,First-Time Buyer Campaign
1544,OFF-AP-10000326,7,14543,02-08-2017,10-11-2016,Win-Back Campaign
293,TEC-PH-10003174,7,20916,12-02-2018,20-11-2017,Seasonal Sale
156,OFF-PA-10000919,4,16542,23-04-2018,06-11-2017,First-Time Buyer Campaign
433,TEC-MA-10000904,3,40545,10-08-2018,25-02-2018,Brand Awareness
559,TEC-MA-10000904,1,19168,28-07-2018,15-12-2017,Conversion Campaign
257,TEC-MA-10002790,7,12037,07-07-2018,07-10-2017,Retargeting
1154,TEC-MA-10002790,5,14655,06-07-2018,28-02-2018,Retargeting
102,OFF-PA-10002333,4,14258,11-02-2017,07-04-2016,Retargeting
753,OFF-ST-10001627,2,17972,08-12-2017,12-04-2017,Engagement Campaign




















































































































































































































































































































































































































































































































































































































































































































































































































































































































































































































































































































































































































































































































































































































































































































































































































































































































































































































































































































































































































































































































































































































































































































































































































































































































































































































































































































































































































































































































































































































































































































































































































































































































































































































































































































































