metric_id,campaign_id,impressions,clicks,conversions,bounces,metric_date
1,101,14019,1418,427,155,04-10-2017
2,101,24560,1590,402,142,03-10-2017
3,101,11482,580,194,180,30-09-2017
4,101,20166,1817,332,139,07-10-2017
5,101,17636,1183,287,156,05-10-2017
6,101,14165,1121,494,157,06-10-2017
7,101,7254,435,28,40,02-10-2017
8,101,3056,193,390,90,08-10-2017
9,101,18151,1601,484,72,01-10-2017
10,101,20541,548,123,19,29-09-2017
11,102,8796,643,251,96,07-12-2017
12,102,23580,2111,381,168,10-12-2017
13,102,18197,1904,368,86,04-12-2017
14,102,18499,1881,498,151,08-12-2017
15,102,13847,776,18,6,09-12-2017
16,102,18375,1360,217,184,05-12-2017
17,102,22701,1187,224,97,06-12-2017
18,102,3647,236,471,154,11-12-2017
19,103,4147,247,128,9,07-03-2016
20,103,21888,1766,224,96,09-03-2016
21,103,21742,2120,238,106,06-03-2016
22,103,22683,1275,398,107,13-03-2016
23,103,17904,695,15,4,02-03-2016
24,103,10521,1124,326,111,29-02-2016
25,103,21951,1136,207,5,03-03-2016
26,103,5030,512,468,192,08-03-2016
27,103,22102,668,415,184,11-03-2016
28,103,15232,457,53,189,28-02-2016
29,103,18463,1049,64,36,01-03-2016
30,103,13595,954,351,27,10-03-2016
31,103,9150,783,291,158,04-03-2016
32,103,23415,1811,113,181,12-03-2016
33,104,17266,720,241,133,11-08-2017
34,104,18910,1113,195,91,18-08-2017
35,104,10699,391,373,144,08-08-2017
36,104,6670,555,334,141,17-08-2017
37,104,6386,409,181,52,12-08-2017
38,104,19589,1610,102,121,07-08-2017
39,104,3416,290,210,74,09-08-2017
40,104,12481,886,300,50,15-08-2017
41,104,13715,1401,276,21,10-08-2017
42,104,23945,617,492,138,13-08-2017
43,104,3504,378,176,139,16-08-2017
44,104,18967,2245,265,120,14-08-2017
45,105,6977,151,241,111,09-11-2016
46,105,8439,574,379,91,15-10-2016
47,105,23837,1651,100,21,18-10-2016
48,105,6060,510,236,38,20-10-2016
49,105,20319,501,231,103,11-10-2016
50,105,11184,712,86,103,16-10-2016
51,105,17874,1392,363,154,19-10-2016
52,105,20216,2292,436,173,13-10-2016
53,105,24716,1027,87,79,08-11-2016
54,105,11149,432,481,81,25-10-2016
55,105,20467,575,181,106,29-10-2016
56,105,9879,736,217,65,21-10-2016
57,105,3117,252,418,172,28-10-2016
58,105,6319,559,96,161,01-11-2016
59,106,7141,830,405,77,01-02-2017
60,106,24977,1224,259,36,28-01-2017
61,106,17748,1251,482,142,04-02-2017
62,106,10847,1182,234,141,29-01-2017
63,106,15044,1136,376,110,31-01-2017
64,106,23663,536,32,83,03-02-2017
65,106,11315,631,398,182,02-02-2017
66,106,5046,272,368,107,27-01-2017
67,106,11078,597,307,39,26-01-2017
68,106,21356,1552,207,162,30-01-2017
69,107,9512,242,135,72,08-09-2017
70,107,12739,297,92,137,14-09-2017
71,107,6548,366,141,135,09-09-2017
72,107,3349,152,442,155,15-09-2017
73,107,15109,1582,335,92,10-09-2017
74,107,10816,1008,21,60,12-09-2017
75,107,21375,1365,450,190,13-09-2017
76,107,21077,606,94,126,11-09-2017
77,108,8161,739,322,81,30-05-2016
78,108,16213,1277,291,79,17-05-2016
79,108,5431,262,452,144,15-05-2016
80,108,18787,1867,491,7,28-05-2016
81,108,23281,1730,377,16,06-06-2016
82,108,8037,803,257,68,20-05-2016
83,109,3040,99,202,8,20-03-2016
84,109,4962,289,116,10,17-03-2016
85,109,8706,1042,72,31,04-04-2016
86,109,14038,1461,142,21,11-03-2016
87,109,24163,977,174,48,16-03-2016
88,109,21869,667,175,61,29-03-2016
89,109,14709,510,326,174,05-04-2016
90,109,4697,554,197,164,07-04-2016
91,109,21432,1807,418,51,31-03-2016
92,109,9607,700,472,170,01-04-2016
93,109,15230,304,99,35,24-03-2016
94,109,20169,2341,9,67,21-03-2016
95,109,5466,411,136,116,13-03-2016
96,109,4994,179,286,152,06-04-2016
97,110,20083,2016,393,112,29-11-2017
98,110,21244,676,144,66,23-12-2017
99,110,3852,269,157,63,24-11-2017
100,110,19114,1887,285,137,22-12-2017
101,110,18220,847,42,45,17-12-2017
102,110,13454,984,467,2,20-12-2017
103,110,24847,2554,49,8,04-12-2017
104,110,14782,532,262,145,13-11-2017
105,110,5245,481,327,111,23-11-2017
106,110,18509,469,289,151,14-11-2017
107,110,20488,790,219,134,08-12-2017
108,111,10279,1032,106,12,08-11-2017
109,111,22285,1397,201,176,12-11-2017
110,111,11062,864,217,141,26-10-2017
111,111,21011,1498,281,25,12-10-2017
112,111,11436,801,283,97,10-11-2017
113,111,23173,2547,351,190,07-11-2017
114,111,24463,2840,106,51,19-10-2017
115,111,10921,581,44,48,21-11-2017
116,111,7218,860,117,17,29-10-2017
117,111,7787,667,52,155,17-11-2017
118,111,5537,660,60,116,20-11-2017
119,111,9795,443,410,40,20-10-2017
120,111,22322,1680,480,48,24-10-2017
121,112,16063,1419,73,92,17-07-2017
122,112,10774,252,288,13,15-07-2017
123,112,11459,700,84,77,19-07-2017
124,112,13744,335,227,6,23-07-2017
125,112,18849,1145,298,178,28-07-2017
126,113,4906,340,297,128,23-12-2017
127,113,7817,468,493,19,16-12-2017
128,113,18653,1689,96,81,05-01-2018
129,113,14370,995,100,139,21-12-2017
130,113,6737,625,244,138,29-12-2017
131,113,3515,386,139,1,09-01-2018
132,113,10992,870,168,197,19-12-2017
133,113,9820,361,23,98,07-01-2018
134,113,14917,510,279,47,06-01-2018
135,113,6794,135,402,177,14-01-2018
136,114,3615,117,165,161,20-02-2017
137,114,15551,354,364,191,01-03-2017
138,114,17522,769,38,132,19-02-2017
139,114,20456,1762,65,112,21-02-2017
140,114,12116,1432,348,159,27-02-2017
141,114,13914,829,393,166,25-02-2017
142,114,9566,803,314,101,28-02-2017
143,114,15363,1557,372,105,18-02-2017
144,114,5107,125,200,78,23-02-2017
145,114,10524,1174,313,155,24-02-2017
146,114,11649,946,347,193,22-02-2017
147,114,22366,2549,486,116,26-02-2017
148,115,23743,1712,135,100,01-07-2016
149,115,12840,624,303,185,29-07-2016
150,115,13616,949,8,126,04-07-2016
151,115,23042,1638,461,69,02-07-2016
152,115,12510,370,14,135,30-07-2016
153,115,9778,866,245,151,27-07-2016
154,115,3505,395,341,167,31-07-2016
155,115,16109,726,325,97,15-07-2016
156,115,24023,2083,89,164,24-07-2016
157,115,24079,1514,59,89,07-07-2016
158,116,7990,653,152,63,02-02-2017
159,116,11502,637,49,178,07-02-2017
160,116,7768,697,314,197,12-02-2017
161,116,14527,660,249,80,18-02-2017
162,116,10007,1124,304,144,03-02-2017
163,116,24989,509,263,75,11-02-2017
164,116,9774,395,158,90,16-02-2017
165,116,6687,787,247,60,09-02-2017
166,117,13868,597,220,183,02-11-2016
167,117,13812,610,226,4,24-10-2016
168,117,5179,373,4,180,07-11-2016
169,117,18650,666,94,176,20-10-2016
170,117,5538,351,82,178,06-11-2016
171,117,19310,417,76,51,18-10-2016
172,117,10690,737,31,66,21-10-2016
173,117,10967,407,337,68,27-10-2016
174,117,23838,1190,329,199,10-11-2016
175,117,15957,796,484,82,12-11-2016
176,117,18763,2142,277,39,28-10-2016
177,117,16559,1211,352,121,30-10-2016
178,117,18617,1198,409,59,08-11-2016
179,117,6395,447,370,41,22-10-2016
180,118,16774,1161,204,180,06-05-2016
181,118,12014,1146,24,31,30-04-2016
182,118,17170,805,95,122,01-05-2016
183,118,5366,467,415,138,07-05-2016
184,118,20601,753,464,74,03-05-2016
185,118,12263,1427,303,122,09-05-2016
186,118,6762,697,206,69,05-05-2016
187,118,17103,1855,492,82,02-05-2016
188,119,21611,2528,140,120,19-06-2016
189,119,21838,456,235,25,01-07-2016
190,119,7070,823,365,94,08-07-2016
191,119,22561,1480,333,194,17-06-2016
192,119,8914,248,380,196,25-06-2016
193,119,23243,919,450,25,26-06-2016
194,119,20630,2436,314,35,22-06-2016
195,119,6220,471,211,188,01-06-2016
196,119,6260,325,442,184,18-06-2016
197,119,15485,1258,493,28,20-06-2016
198,119,22424,2636,329,139,29-06-2016
199,119,23716,1284,273,107,04-07-2016
200,119,19552,985,216,110,30-06-2016
201,119,8033,617,408,94,02-07-2016
202,120,22744,686,132,184,05-02-2017
203,120,23795,2029,413,189,16-02-2017
204,120,8794,646,2,41,19-02-2017
205,120,21509,2029,491,79,03-02-2017
206,120,7521,429,156,65,01-02-2017
207,120,11105,1200,459,12,11-02-2017
208,120,19046,1153,246,49,15-02-2017
209,120,15467,1597,158,84,10-02-2017
210,120,9817,508,155,171,04-02-2017
211,120,22414,1610,397,114,20-02-2017
212,120,6643,695,223,151,12-02-2017
213,120,24579,1686,199,153,18-02-2017
214,120,17505,1820,375,14,31-01-2017
215,121,7960,522,50,99,12-06-2016
216,121,23806,2291,365,173,18-06-2016
217,121,7120,684,163,106,27-06-2016
218,121,7761,578,391,33,13-06-2016
219,121,23220,765,467,75,10-06-2016
220,121,24331,1881,62,35,17-06-2016
221,121,16430,1005,49,128,08-06-2016
222,121,17846,1536,114,75,09-06-2016
223,121,22207,1084,254,90,23-06-2016
224,121,18417,1786,203,117,11-06-2016
225,121,12475,303,193,8,07-06-2016
226,121,3617,88,442,150,21-06-2016
227,122,10948,913,82,40,12-02-2016
228,122,19059,1168,357,127,28-01-2016
229,122,18245,1312,487,96,24-01-2016
230,122,6502,150,131,195,17-02-2016
231,122,12896,905,414,15,05-02-2016
232,122,8978,946,50,58,01-02-2016
233,122,5327,124,482,99,20-02-2016
234,122,21276,1330,364,137,07-02-2016
235,123,22671,2299,243,50,14-06-2017
236,123,23361,1475,372,188,26-06-2017
237,123,10504,833,378,179,21-06-2017
238,123,18212,392,186,71,13-07-2017
239,123,14382,1297,287,99,10-06-2017
240,123,19292,593,107,26,17-06-2017
241,123,20089,2357,447,178,04-06-2017
242,123,21226,1281,455,163,19-06-2017
243,123,24648,1002,166,140,29-06-2017
244,123,16080,1857,404,123,08-06-2017
245,123,6740,629,387,93,06-07-2017
246,123,5704,459,482,125,09-06-2017
247,123,14894,1444,240,97,08-07-2017
248,123,16611,1201,374,162,18-06-2017
249,124,23200,2587,140,164,20-01-2016
250,124,16042,439,26,21,02-02-2016
251,124,6703,509,381,128,01-02-2016
252,124,19490,1596,35,105,19-01-2016
253,124,3150,231,357,10,13-01-2016
254,124,11267,838,157,138,12-02-2016
255,124,15897,1611,305,72,07-01-2016
256,124,22857,499,482,77,27-01-2016
257,124,9541,649,474,121,13-02-2016
258,124,9331,645,329,39,11-01-2016
259,124,16307,589,241,16,23-01-2016
260,124,16483,1822,200,104,17-01-2016
261,124,19172,2135,372,145,18-01-2016
262,124,20875,469,468,116,21-01-2016
263,125,22467,1235,334,190,02-06-2017
264,125,20185,2022,319,178,03-06-2017
265,125,3207,355,327,8,06-06-2017
266,125,18310,2160,359,51,04-06-2017
267,125,15667,906,272,142,11-06-2017
268,125,24114,1371,169,153,08-06-2017
269,125,14800,1044,402,129,19-06-2017
270,125,22372,1219,152,30,16-06-2017
271,125,14422,1540,405,105,05-06-2017
272,125,24264,1307,450,15,18-06-2017
273,125,8155,494,183,189,17-06-2017
274,126,21667,2264,245,89,14-03-2016
275,126,16274,1088,388,14,07-03-2016
276,126,15615,1695,415,9,22-03-2016
277,126,5691,164,354,99,05-03-2016
278,126,3601,216,225,6,15-03-2016
279,126,19443,876,417,135,20-03-2016
280,126,20395,2373,309,20,12-03-2016
281,126,17343,878,224,182,16-03-2016
282,127,18845,1370,484,80,18-11-2016
283,127,15121,1635,174,81,02-12-2016
284,127,15389,1085,234,114,21-11-2016
285,127,17244,716,244,48,25-11-2016
286,127,13920,755,265,83,11-11-2016
287,127,8494,971,333,154,29-11-2016
288,128,3354,76,94,155,24-05-2016
289,128,20686,789,456,16,20-05-2016
290,128,4954,172,367,93,02-06-2016
291,128,14128,638,393,135,28-05-2016
292,128,17468,1851,342,63,01-06-2016
293,128,24876,1575,328,2,22-05-2016
294,128,6997,276,154,99,30-05-2016
295,128,17088,1448,417,92,07-06-2016
296,128,24648,1864,417,121,04-06-2016
297,128,20114,888,98,145,19-05-2016
298,128,22514,813,51,35,08-06-2016
299,128,10366,474,343,178,16-05-2016
300,128,23230,2100,167,18,21-05-2016
301,128,12263,1453,297,14,29-05-2016
302,128,20244,1065,89,56,23-05-2016
303,129,4099,482,364,190,03-12-2017
304,129,8836,795,118,40,12-12-2017
305,129,13077,1065,175,12,24-11-2017
306,129,6795,632,320,198,07-12-2017
307,129,19481,480,261,8,22-12-2017
308,129,23615,2757,121,35,02-01-2018
309,130,6629,693,42,3,08-07-2017
310,130,4632,359,316,150,07-07-2017
311,130,7951,199,395,16,06-07-2017
312,130,21032,977,129,1,30-06-2017
313,130,8967,419,467,152,03-06-2017
314,130,18774,474,341,29,27-06-2017
315,130,3245,207,496,130,02-06-2017
316,130,12243,858,279,5,03-07-2017
317,130,9303,1033,429,144,28-06-2017
318,130,19370,484,434,11,07-06-2017
319,130,7005,638,118,8,12-06-2017
320,130,10524,695,414,143,02-07-2017
321,130,19359,447,270,27,16-06-2017
322,131,18076,1890,152,63,20-04-2017
323,131,15214,1774,105,123,12-05-2017
324,131,22960,1426,302,132,13-05-2017
325,131,19772,1502,76,103,08-05-2017
326,131,14087,1271,374,11,07-05-2017
327,131,18577,1291,115,157,02-05-2017
328,131,20580,1605,41,91,06-05-2017
329,131,19758,979,156,33,27-04-2017
330,131,24481,2846,56,83,17-04-2017
331,131,10773,366,185,123,05-05-2017
332,131,12117,604,395,141,22-04-2017
333,131,4244,394,458,32,11-05-2017
334,131,24534,1272,448,91,13-04-2017
335,131,4680,227,446,93,18-05-2017
336,131,13738,1083,310,110,29-04-2017
337,132,6713,591,33,98,25-11-2017
338,132,5689,307,111,31,15-12-2017
339,132,14963,1561,295,29,02-01-2018
340,132,18961,1229,224,138,20-11-2017
341,132,3387,149,429,73,19-11-2017
342,132,12559,969,267,96,12-12-2017
343,132,15093,1660,203,116,07-12-2017
344,132,4356,416,24,98,30-12-2017
345,132,8714,530,449,28,03-12-2017
346,132,19122,509,410,70,09-12-2017
347,132,15299,350,162,161,08-12-2017
348,132,15926,866,228,111,19-12-2017
349,133,12787,1429,420,71,18-12-2017
350,133,10579,512,350,44,22-12-2017
351,133,19663,851,324,156,23-12-2017
352,133,6292,284,87,149,16-12-2017
353,133,21966,1993,340,60,17-12-2017
354,133,17905,408,175,171,24-12-2017
355,133,7375,593,279,130,19-12-2017
356,133,8144,542,52,8,14-12-2017
357,133,11543,985,304,40,21-12-2017
358,133,21077,1268,491,148,15-12-2017
359,133,24417,2454,385,26,20-12-2017
360,134,22229,657,99,141,03-11-2016
361,134,15902,680,348,173,06-11-2016
362,134,8542,945,56,45,20-11-2016
363,134,19343,1451,178,61,26-11-2016
364,134,12097,264,441,129,24-11-2016
365,134,13625,1228,163,35,27-11-2016
366,134,18511,1952,35,93,03-12-2016
367,134,8642,728,490,124,12-11-2016
368,135,5265,567,147,83,12-03-2017
369,135,11786,755,472,103,11-03-2017
370,135,14212,837,165,102,22-03-2017
371,135,17620,1075,346,68,18-03-2017
372,135,15165,542,299,16,27-03-2017
373,135,9652,783,106,64,10-03-2017
374,136,20843,640,334,17,11-08-2017
375,136,15363,1625,29,5,16-08-2017
376,136,23716,2389,63,22,24-08-2017
377,136,15219,930,138,187,23-08-2017
378,136,20945,1831,107,95,18-08-2017
379,136,16674,1477,381,16,15-08-2017
380,136,14149,1393,66,48,20-08-2017
381,136,4231,99,110,56,30-08-2017
382,136,11470,1033,290,23,01-09-2017
383,136,5141,560,190,187,22-08-2017
384,136,17082,939,395,191,14-08-2017
385,136,20073,1621,446,39,12-08-2017
386,136,10275,628,93,53,21-08-2017
387,136,17481,446,16,41,13-08-2017
388,136,4315,388,191,177,31-08-2017
389,137,11095,709,259,169,15-11-2016
390,137,22179,2455,107,196,19-11-2016
391,137,13137,757,359,150,12-11-2016
392,137,14856,1682,49,131,27-10-2016
393,137,16156,1230,380,182,18-11-2016
394,137,22537,1648,151,90,09-11-2016
395,138,17700,1266,86,158,25-03-2017
396,138,24584,1343,14,146,04-04-2017
397,138,24870,2035,345,85,05-04-2017
398,138,20748,1758,160,102,19-04-2017
399,138,8074,285,450,196,23-03-2017
400,138,10155,601,345,31,31-03-2017
401,138,21263,2531,227,79,22-03-2017
402,138,20592,2082,96,199,21-04-2017
403,138,17393,1890,81,192,07-04-2017
404,138,15562,1117,486,30,27-03-2017
405,139,3374,288,125,46,16-03-2017
406,139,9785,233,92,51,04-04-2017
407,139,16307,1104,488,65,26-02-2017
408,139,24050,1334,298,161,27-02-2017
409,139,17929,392,62,1,24-03-2017
410,139,6625,791,24,140,02-04-2017
411,139,17780,888,448,88,25-02-2017
412,139,13229,1464,162,130,30-03-2017
413,140,15741,679,335,165,30-10-2016
414,140,6064,526,317,155,29-09-2016
415,140,24091,2370,41,130,06-10-2016
416,140,7816,440,493,78,27-09-2016
417,140,24476,851,191,139,22-10-2016
418,140,18974,1239,473,140,01-11-2016
419,140,9536,438,292,22,04-10-2016
420,140,14716,1393,243,16,28-09-2016
421,140,22015,2009,94,176,03-10-2016
422,140,7072,692,479,154,07-10-2016
423,140,20805,582,256,189,11-10-2016
424,140,24063,1119,304,98,30-09-2016
425,141,4131,465,158,131,24-06-2017
426,141,5211,264,182,89,20-06-2017
427,141,3906,231,229,79,24-05-2017
428,141,18959,840,8,153,17-06-2017
429,141,21092,2256,412,166,01-06-2017
430,141,9985,719,126,123,31-05-2017
431,141,9364,516,140,16,23-06-2017
432,141,9915,559,87,17,11-06-2017
433,141,15790,1469,0,179,21-06-2017
434,141,20437,1644,497,14,30-05-2017
435,141,9626,896,210,85,18-06-2017
436,141,17595,1798,260,45,22-06-2017
437,142,24818,2508,366,159,04-05-2017
438,142,5572,357,492,66,30-05-2017
439,142,9335,936,385,163,05-05-2017
440,142,22353,2260,140,96,18-05-2017
441,142,22996,844,96,69,16-05-2017
442,142,15832,1536,193,90,03-06-2017
443,142,19556,1585,285,175,07-06-2017
444,142,7724,462,148,88,11-05-2017
445,143,15064,1741,122,97,25-08-2016
446,143,18257,2097,414,115,23-08-2016
447,143,20302,1418,233,196,22-08-2016
448,143,15930,401,477,170,18-08-2016
449,143,16518,1516,410,93,20-08-2016
450,143,12336,1163,244,79,19-08-2016
451,143,4706,237,399,103,24-08-2016
452,143,17575,669,318,152,21-08-2016
453,144,10787,1087,471,116,31-03-2016
454,144,24139,2166,429,106,28-03-2016
455,144,10843,237,361,165,07-04-2016
456,144,6023,228,285,142,08-04-2016
457,144,10243,391,422,23,04-04-2016
458,144,15824,572,16,119,03-03-2016
459,144,23293,895,176,108,09-04-2016
460,144,14545,1300,240,107,01-04-2016
461,144,16111,1599,113,182,11-04-2016
462,145,4148,194,427,64,24-12-2017
463,145,13616,732,274,180,07-12-2017
464,145,23076,1494,188,109,23-12-2017
465,145,22554,1517,247,90,11-12-2017
466,145,20965,2404,7,36,30-11-2017
467,145,7591,851,299,25,20-11-2017
468,145,9686,397,68,62,21-11-2017
469,145,15781,1055,497,44,13-12-2017
470,145,18446,1706,187,4,22-11-2017
471,145,19027,2059,188,175,15-12-2017
472,146,3498,352,478,53,04-07-2017
473,146,5856,430,432,2,01-07-2017
474,146,19066,1223,238,87,28-06-2017
475,146,7765,495,459,199,08-07-2017
476,146,21716,926,88,71,05-07-2017
477,146,17409,1555,15,8,29-06-2017
478,146,16389,1907,54,78,03-07-2017
479,146,22228,1719,320,137,06-07-2017
480,146,18687,1265,112,149,26-06-2017
481,146,10906,655,258,138,02-07-2017
482,146,18802,742,69,78,07-07-2017
483,146,9216,1082,426,162,30-06-2017
484,146,3091,244,362,90,27-06-2017
485,147,9847,415,295,64,07-11-2017
486,147,22711,2207,134,187,06-11-2017
487,147,12475,1091,285,128,14-11-2017
488,147,4489,183,215,140,04-11-2017
489,147,21962,2324,391,198,19-11-2017
490,147,3290,389,431,40,05-11-2017
491,147,4946,349,241,39,13-11-2017
492,147,21292,2503,482,50,11-11-2017
493,148,8787,855,186,160,21-01-2016
494,148,7580,799,484,163,03-02-2016
495,148,10757,763,493,141,28-01-2016
496,148,8452,340,195,88,06-02-2016
497,148,3291,368,147,72,24-01-2016
498,148,9805,719,473,13,11-02-2016
499,148,24301,724,70,153,08-02-2016
500,148,16722,1687,22,92,19-02-2016
501,149,17227,634,270,58,01-12-2016
502,149,10433,813,79,34,26-11-2016
503,149,15626,1150,310,56,03-12-2016
504,149,6054,594,162,13,25-11-2016
505,149,21041,2477,255,55,23-11-2016
506,149,12493,1316,370,94,02-12-2016
507,149,14483,440,133,52,04-12-2016
508,149,8797,711,162,13,28-11-2016
509,149,7235,384,222,123,24-11-2016
510,149,19209,1451,54,139,19-11-2016
511,149,17675,848,496,56,29-11-2016
512,150,17940,631,116,24,19-10-2017
513,150,12072,740,494,29,29-10-2017
514,150,3343,123,451,149,23-10-2017
515,150,9828,221,243,18,17-10-2017
516,150,5790,200,10,129,20-10-2017
517,150,3082,323,239,130,21-10-2017
518,150,19152,1452,176,13,07-11-2017
519,150,12088,775,56,28,03-11-2017
520,151,16680,1894,444,115,05-09-2016
521,151,21241,1762,139,8,14-09-2016
522,151,7498,267,122,1,01-10-2016
523,151,8759,903,216,183,24-08-2016
524,151,6595,423,264,188,04-09-2016
525,151,14798,469,411,165,26-08-2016
526,151,8527,486,404,30,01-09-2016
527,152,22541,510,442,0,13-09-2016
528,152,20733,726,70,134,18-08-2016
529,152,17362,1509,312,16,14-08-2016
530,152,16603,868,489,170,24-08-2016
531,152,9277,310,147,44,14-09-2016
532,152,20251,2043,278,171,01-09-2016
533,152,10191,857,153,159,25-08-2016
534,152,23237,2542,357,193,23-08-2016
535,152,3741,437,231,90,12-09-2016
536,152,14265,1000,486,72,10-09-2016
537,152,3408,284,273,63,15-08-2016
538,152,15819,1311,379,94,27-08-2016
539,152,6853,500,310,61,11-09-2016
540,152,18727,1617,34,46,21-08-2016
541,152,8816,1018,220,128,03-09-2016
542,153,12093,1014,242,127,23-08-2017
543,153,12020,1429,104,26,13-08-2017
544,153,10040,221,217,168,17-08-2017
545,153,8599,209,235,105,19-08-2017
546,153,9301,437,191,169,28-08-2017
547,154,9779,1052,402,174,21-07-2016
548,154,18054,419,174,150,24-07-2016
549,154,7943,367,497,76,22-07-2016
550,154,19652,1935,295,26,27-07-2016
551,154,21857,1731,393,155,26-07-2016
552,154,7976,427,147,123,29-07-2016
553,154,3666,341,216,81,28-07-2016
554,154,19187,1854,206,87,25-07-2016
555,154,7126,318,103,43,23-07-2016
556,155,16489,778,122,157,18-02-2016
557,155,15399,628,308,171,03-02-2016
558,155,6689,361,7,68,31-01-2016
559,155,6248,269,254,188,01-02-2016
560,155,23676,2334,41,52,10-02-2016
561,155,20409,1200,293,29,17-02-2016
562,155,18048,1202,21,9,14-02-2016
563,156,9630,952,228,121,27-12-2016
564,156,20551,2152,273,83,15-01-2017
565,156,16534,1687,356,140,29-12-2016
566,156,24542,1353,171,141,26-12-2016
567,156,10512,253,181,35,18-01-2017
568,156,20447,1426,117,155,25-12-2016
569,156,17956,916,68,48,24-12-2016
570,156,5900,226,282,58,28-12-2016
571,156,7095,705,37,35,14-01-2017
572,156,6600,541,258,47,08-01-2017
573,156,13717,1097,468,196,31-12-2016
574,156,19453,1583,342,18,06-01-2017
575,156,8543,988,491,76,02-01-2017
576,156,17844,649,392,17,04-01-2017
577,157,23752,2448,53,85,13-10-2016
578,157,8454,464,167,192,29-09-2016
579,157,9573,269,452,52,04-10-2016
580,157,15758,536,49,187,02-11-2016
581,157,11136,1058,327,87,07-10-2016
582,157,3780,399,156,96,03-10-2016
583,157,3440,251,330,16,18-10-2016
584,157,24014,2410,29,43,06-10-2016
585,157,16762,425,99,118,24-10-2016
586,157,11393,980,281,24,22-10-2016
587,158,4868,482,425,11,27-03-2016
588,158,5404,313,421,178,20-02-2016
589,158,24396,1032,411,35,12-03-2016
590,158,20358,1314,333,156,20-03-2016
591,158,9895,298,455,47,19-03-2016
592,159,23162,825,141,125,12-10-2017
593,159,23530,2643,497,107,08-10-2017
594,159,13337,707,291,25,14-10-2017
595,159,8735,468,74,31,11-10-2017
596,159,15854,1752,398,18,09-10-2017
597,159,7208,571,181,149,10-10-2017
598,159,13835,726,56,52,13-10-2017
599,159,3153,65,370,113,07-10-2017
600,160,9082,357,103,85,12-04-2017
601,160,23931,2617,422,64,04-04-2017
602,160,11818,340,350,183,02-04-2017
603,160,19915,2299,367,80,15-04-2017
604,160,7959,785,47,173,19-04-2017
605,160,4380,335,498,157,13-04-2017
606,160,19902,1343,299,149,16-04-2017
607,160,24432,2186,363,26,18-04-2017
608,160,18916,1964,403,22,05-04-2017
609,160,12186,521,232,190,01-04-2017
610,160,21018,1106,229,134,03-04-2017
611,160,13259,1206,23,29,27-03-2017
612,160,3144,317,287,136,09-04-2017
613,161,13292,1267,3,137,09-02-2017
614,161,20789,772,28,13,05-02-2017
615,161,11351,992,397,121,19-01-2017
616,161,22061,2138,374,118,20-01-2017
617,161,10020,621,494,60,04-02-2017
618,161,4398,247,156,131,08-02-2017
619,161,5893,370,11,160,12-02-2017
620,161,3978,350,214,197,07-02-2017
621,161,12450,840,338,192,03-02-2017
622,162,20177,2180,403,21,09-08-2016
623,162,6260,278,468,25,25-07-2016
624,162,23090,2616,445,144,07-08-2016
625,162,21314,656,273,146,10-08-2016
626,162,19780,859,414,0,24-07-2016
627,162,14732,1736,94,15,19-07-2016
628,162,23764,2752,463,94,12-08-2016
629,162,23047,694,417,82,18-07-2016
630,162,18282,1801,482,141,27-07-2016
631,162,9115,679,135,148,20-08-2016
632,162,6831,530,443,84,03-08-2016
633,162,17678,1396,187,129,11-08-2016
634,163,4157,285,374,91,11-06-2017
635,163,17658,1692,76,69,24-06-2017
636,163,11769,470,373,55,17-06-2017
637,163,11142,246,274,23,20-06-2017
638,163,15183,1615,307,96,13-06-2017
639,163,3829,296,224,37,25-06-2017
640,163,6581,153,368,148,14-06-2017
641,164,15179,767,239,20,06-08-2016
642,164,19034,1597,240,170,08-09-2016
643,164,8059,723,147,54,09-09-2016
644,164,10779,971,29,37,19-08-2016
645,164,4091,323,238,16,29-08-2016
646,164,20619,747,80,84,07-08-2016
647,164,15636,1163,180,68,22-08-2016
648,164,10076,671,245,0,27-08-2016
649,164,10881,1032,364,177,12-08-2016
650,164,13449,753,339,193,10-09-2016
651,164,19703,789,269,175,17-08-2016
652,164,12728,861,416,162,14-08-2016
653,165,3367,98,173,14,04-06-2016
654,165,20056,437,187,4,11-06-2016
655,165,10148,1030,324,20,08-06-2016
656,165,21341,1880,29,77,09-06-2016
657,165,12323,856,301,162,06-06-2016
658,165,18455,1680,235,46,05-06-2016
659,165,13819,1588,377,80,07-06-2016
660,165,19739,1796,18,181,10-06-2016
661,166,10742,241,242,13,04-06-2016
662,166,4725,279,194,62,03-06-2016
663,166,16775,1372,76,153,01-06-2016
664,166,24187,2691,150,0,02-06-2016
665,166,8033,396,208,170,29-05-2016
666,166,12404,865,270,128,28-05-2016
667,166,19619,1363,479,104,30-05-2016
668,166,21798,2166,181,15,05-06-2016
669,166,4411,156,139,155,31-05-2016
670,167,8532,576,102,94,24-06-2016
671,167,4357,104,157,189,04-07-2016
672,167,5912,547,153,95,17-06-2016
673,167,15297,1066,296,96,12-06-2016
674,167,10578,1040,314,131,28-06-2016
675,167,12114,642,368,67,03-06-2016
676,167,10629,837,199,50,26-06-2016
677,167,23719,1695,246,12,23-06-2016
678,167,4744,321,458,57,22-06-2016
679,167,6252,138,134,75,07-07-2016
680,168,9859,1089,412,107,02-01-2018
681,168,9289,577,151,131,05-01-2018
682,168,20048,1834,152,21,29-12-2017
683,168,16928,1558,315,60,08-01-2018
684,168,11908,500,96,36,14-01-2018
685,168,3954,453,471,190,09-01-2018
686,168,19297,1551,419,114,06-01-2018
687,168,13677,749,20,188,11-01-2018
688,168,5923,381,343,3,10-01-2018
689,168,20034,1871,82,186,03-01-2018
690,169,17872,1755,335,84,31-12-2017
691,169,18499,1182,325,193,08-01-2018
692,169,5776,560,416,127,05-01-2018
693,169,3467,333,263,190,01-01-2018
694,169,12158,505,465,132,27-12-2017
695,169,22906,2129,493,1,13-12-2017
696,169,24078,1994,72,129,03-01-2018
697,169,8960,412,56,179,30-12-2017
698,169,11836,778,246,56,04-01-2018
699,169,12043,1333,463,59,13-01-2018
700,170,13696,1068,248,44,17-07-2017
701,170,10281,635,283,47,09-07-2017
702,170,5909,384,333,110,08-07-2017
703,170,23676,2229,171,165,16-07-2017
704,170,12757,815,303,132,01-07-2017
705,171,3939,266,376,177,29-12-2016
706,171,16100,443,7,159,11-12-2016
707,171,15150,1113,149,94,20-12-2016
708,171,5626,156,198,57,04-01-2017
709,171,6114,149,180,165,22-12-2016
710,171,17669,391,453,162,17-12-2016
711,171,18282,473,243,78,14-12-2016
712,171,7099,573,299,199,27-12-2016
713,171,21875,2171,494,162,21-12-2016
714,171,12956,751,411,127,16-12-2016
715,172,15816,851,206,52,03-12-2016
716,172,10733,1111,163,75,20-11-2016
717,172,20730,1645,355,158,22-11-2016
718,172,16855,1677,295,30,21-11-2016
719,172,23414,1564,2,45,26-11-2016
720,172,6049,485,412,44,17-11-2016
721,172,14948,788,66,128,07-12-2016
722,172,5671,540,408,101,05-12-2016
723,172,10560,1027,495,83,25-11-2016
724,172,9750,515,379,79,15-11-2016
725,172,10852,1040,128,130,08-12-2016
726,172,14673,1157,74,77,01-12-2016
727,172,7483,402,191,190,18-11-2016
728,172,13478,903,121,179,24-11-2016
729,172,21998,1105,385,164,06-12-2016
730,173,23278,1873,54,78,05-08-2017
731,173,14197,996,462,196,23-08-2017
732,173,10719,939,337,60,14-08-2017
733,173,22418,1427,478,81,22-08-2017
734,173,17754,1788,106,74,02-08-2017
735,173,19256,1784,429,100,08-08-2017
736,173,10332,803,121,145,30-07-2017
737,173,3129,187,182,73,21-08-2017
738,173,13266,800,178,183,13-08-2017
739,173,24696,843,362,171,07-08-2017
740,173,5628,202,444,115,15-08-2017
741,173,4218,130,412,3,09-08-2017
742,173,9268,916,437,116,10-08-2017
743,174,13094,1012,142,164,19-07-2017
744,174,17621,1548,374,169,17-07-2017
745,174,20784,1781,121,62,30-06-2017
746,174,13966,772,103,14,26-07-2017
747,174,4521,239,264,41,06-07-2017
748,174,15547,1028,40,83,25-07-2017
749,174,16607,909,412,26,14-07-2017
750,174,14571,1270,358,184,13-07-2017
751,174,17675,1101,271,92,16-07-2017
752,175,12607,409,290,17,11-02-2016
753,175,5723,291,112,79,10-02-2016
754,175,4687,263,381,150,08-02-2016
755,175,6511,584,210,96,01-02-2016
756,175,15927,1471,123,85,09-02-2016
757,175,15823,640,284,89,13-02-2016
758,175,9862,1147,142,26,30-01-2016
759,175,17999,1150,19,193,03-02-2016
760,175,19194,1814,236,184,05-02-2016
761,176,13905,1175,365,155,23-11-2017
762,176,6805,625,474,14,29-10-2017
763,176,9497,796,108,27,09-11-2017
764,176,23131,2307,300,195,11-11-2017
765,176,16279,1152,237,120,17-11-2017
766,176,10565,735,435,61,01-11-2017
767,176,3024,344,50,165,20-11-2017
768,176,20813,1908,182,191,03-11-2017
769,176,9419,434,124,35,16-11-2017
770,176,3453,399,15,166,19-11-2017
771,176,7274,860,413,187,14-11-2017
772,176,20340,562,131,179,25-11-2017
773,176,6523,470,4,155,22-11-2017
774,177,7409,839,287,49,05-07-2016
775,177,8946,256,187,12,25-06-2016
776,177,24515,806,229,95,28-06-2016
777,177,16246,1561,7,16,04-07-2016
778,177,11666,1071,148,120,07-07-2016
779,177,14508,413,493,0,01-07-2016
780,177,16640,1105,470,77,06-07-2016
781,177,10346,237,205,93,02-07-2016
782,178,15996,1910,388,12,11-11-2017
783,178,8662,760,461,33,25-11-2017
784,178,19823,1177,284,130,27-10-2017
785,178,20113,2332,393,0,28-11-2017
786,178,20631,1856,8,44,05-12-2017
787,178,22560,1422,230,46,02-12-2017
788,179,15692,1186,216,117,30-01-2017
789,179,23771,2207,499,85,05-02-2017
790,179,8559,374,271,113,27-01-2017
791,179,11208,716,30,76,10-02-2017
792,179,7801,532,222,36,23-01-2017
793,179,21387,1625,388,70,12-02-2017
794,179,18983,1419,229,74,04-02-2017
795,180,18400,1641,67,18,25-04-2016
796,180,19658,2282,390,66,30-04-2016
797,180,8212,408,179,58,05-05-2016
798,180,16281,1053,128,163,07-05-2016
799,180,15344,995,16,85,08-04-2016
800,180,21114,573,482,192,22-04-2016
801,180,7436,795,34,18,23-04-2016
802,180,6509,723,118,94,20-04-2016
803,181,21893,1075,292,120,11-06-2016
804,181,6996,574,339,131,08-06-2016
805,181,24406,2506,295,79,09-06-2016
806,181,23521,986,19,65,13-06-2016
807,181,15562,361,344,91,10-06-2016
808,181,22659,1978,37,151,14-06-2016
809,181,19270,667,444,144,12-06-2016
810,181,3722,279,380,18,07-06-2016
811,181,24599,1862,488,18,06-06-2016
812,182,18717,1187,391,160,18-12-2017
813,182,8287,887,3,112,22-12-2017
814,182,3794,175,1,22,27-12-2017
815,182,11959,922,213,132,10-01-2018
816,182,23140,1762,150,116,19-01-2018
817,182,7880,844,63,59,21-12-2017
818,182,7620,326,99,1,16-01-2018
819,183,7136,502,438,113,01-05-2016
820,183,21970,1467,408,172,28-04-2016
821,183,5610,554,446,118,11-04-2016
822,183,6007,452,308,160,02-05-2016
823,183,9073,278,487,69,13-04-2016
824,183,13213,1526,277,156,20-05-2016
825,184,17932,1253,347,47,09-03-2017
826,184,4414,238,280,107,04-03-2017
827,184,17127,1842,188,138,03-03-2017
828,184,18121,774,388,78,11-03-2017
829,184,3921,143,164,117,10-03-2017
830,185,16174,1762,42,140,20-11-2016
831,185,11153,806,77,42,17-12-2016
832,185,22528,981,375,178,02-12-2016
833,185,11245,818,154,179,07-12-2016
834,185,16044,1340,365,1,11-11-2016
835,185,24200,2035,494,51,12-12-2016
836,185,22173,1266,302,7,22-11-2016
837,185,24668,1143,154,185,01-12-2016
838,185,23403,726,343,157,14-11-2016
839,185,13947,396,351,139,27-11-2016
840,185,6348,340,448,98,10-11-2016
841,186,6727,732,197,33,15-01-2016
842,186,11961,1198,326,10,09-01-2016
843,186,20682,1869,31,156,17-01-2016
844,186,9361,428,372,119,11-01-2016
845,186,18955,1309,212,96,12-01-2016
846,186,3306,271,158,113,14-01-2016
847,186,21239,894,387,13,16-01-2016
848,186,12691,921,196,15,10-01-2016
849,186,10455,650,314,3,13-01-2016
850,186,4950,441,162,49,08-01-2016
851,186,23510,665,62,191,07-01-2016
852,187,7138,251,370,68,29-03-2017
853,187,12722,1450,267,177,22-03-2017
854,187,12861,731,167,163,12-04-2017
855,187,19460,1788,47,74,05-04-2017
856,187,12249,303,205,44,30-03-2017
857,187,5467,507,385,160,28-03-2017
858,188,12615,669,120,47,05-06-2017
859,188,12992,824,60,181,19-06-2017
860,188,17094,1389,103,18,12-06-2017
861,188,12581,1489,146,198,03-06-2017
862,188,20638,797,143,76,08-06-2017
863,188,11676,1034,18,14,29-05-2017
864,188,16694,604,150,30,14-06-2017
865,188,13620,1216,198,44,13-06-2017
866,188,15799,1840,466,150,04-06-2017
867,188,10908,960,366,24,07-06-2017
868,188,10338,1158,87,102,10-06-2017
869,188,5583,617,156,174,28-05-2017
870,189,14575,1480,282,43,30-08-2017
871,189,16148,1891,214,85,05-09-2017
872,189,9770,560,222,63,25-08-2017
873,189,6670,327,176,189,24-08-2017
874,189,17997,1610,472,90,08-09-2017
875,189,21934,1073,67,97,22-08-2017
876,189,8342,240,52,124,07-09-2017
877,189,4890,205,494,134,28-08-2017
878,189,10412,1069,315,188,03-09-2017
879,189,20665,1051,227,167,06-09-2017
880,189,13765,1126,409,52,31-08-2017
881,189,18560,1155,24,120,23-08-2017
882,189,18638,1836,39,195,01-09-2017
883,189,21961,1760,399,97,04-09-2017
884,190,9417,975,406,55,16-10-2017
885,190,13700,772,168,137,24-10-2017
886,190,23435,2218,256,79,08-10-2017
887,190,17762,1791,451,100,17-10-2017
888,190,4540,243,445,29,10-10-2017
889,190,4189,234,203,16,23-10-2017
890,190,22770,1364,275,156,02-10-2017
891,190,6141,455,286,106,01-10-2017
892,190,7097,189,29,4,13-10-2017
893,190,9196,1084,302,192,30-09-2017
894,190,11405,1087,313,16,07-10-2017
895,190,23109,846,51,167,28-09-2017
896,190,24123,2394,246,124,09-10-2017
897,191,14865,1561,469,99,23-02-2017
898,191,23777,2834,458,18,07-03-2017
899,191,21354,1955,48,147,08-03-2017
900,191,22106,1181,448,7,02-03-2017
901,191,15461,435,434,26,05-03-2017
902,191,17064,1458,76,17,06-03-2017
903,191,5977,565,480,94,26-02-2017
904,191,11434,328,422,13,24-02-2017
905,191,23818,1155,80,162,11-03-2017
906,191,20906,1307,227,22,28-02-2017
907,191,7951,387,267,32,09-03-2017
908,191,21407,2517,352,58,20-02-2017
909,192,10743,253,255,34,28-09-2017
910,192,11528,944,117,79,25-10-2017
911,192,5539,261,350,179,29-09-2017
912,192,4786,108,449,117,20-10-2017
913,192,13831,307,489,151,04-11-2017
914,192,10258,413,118,181,01-10-2017
915,192,17716,471,114,46,05-10-2017
916,192,11428,1261,369,86,26-10-2017
917,192,4876,295,409,80,22-10-2017
918,193,19457,746,67,183,20-12-2016
919,193,12008,1263,307,58,18-12-2016
920,193,23814,974,299,124,27-12-2016
921,193,14509,637,380,86,14-12-2016
922,193,14791,1366,419,167,19-12-2016
923,193,19440,1316,206,84,28-12-2016
924,193,10059,288,25,145,25-12-2016
925,193,5418,205,64,171,10-12-2016
926,193,4902,270,109,136,22-12-2016
927,193,12164,748,393,120,16-12-2016
928,193,24117,1266,103,186,29-12-2016
929,193,9455,702,268,147,23-12-2016
930,193,20690,2046,4,25,30-12-2016
931,194,3643,198,373,160,15-01-2017
932,194,9965,359,58,91,30-12-2016
933,194,15482,650,296,14,30-01-2017
934,194,5989,384,103,103,19-01-2017
935,194,7862,863,479,57,24-01-2017
936,194,24208,1490,493,23,29-01-2017
937,194,3336,95,339,176,14-01-2017
938,194,14839,801,440,112,16-01-2017
939,194,24351,655,162,53,04-01-2017
940,194,12255,1217,153,141,25-12-2016
941,194,18010,546,330,7,10-01-2017
942,194,21914,1505,232,64,06-01-2017
943,195,11283,1107,207,173,15-10-2017
944,195,15958,701,128,14,08-10-2017
945,195,15438,580,185,78,19-10-2017
946,195,22168,755,188,59,21-10-2017
947,195,6294,641,175,195,09-10-2017
948,195,5306,418,406,171,12-10-2017
949,195,4519,506,385,0,23-10-2017
950,195,13715,465,3,65,22-10-2017
951,195,10239,711,27,80,13-10-2017
952,195,9170,375,353,29,07-10-2017
953,196,18186,940,421,22,06-12-2017
954,196,12857,548,209,165,08-12-2017
955,196,10604,380,292,64,17-11-2017
956,196,24811,537,168,0,19-12-2017
957,196,13623,1307,191,141,15-12-2017
958,196,7304,336,390,193,18-12-2017
959,196,21957,1268,133,84,22-11-2017
960,196,22803,2599,307,72,17-12-2017
961,196,13083,1021,227,146,14-12-2017
962,196,4302,254,196,109,04-12-2017
963,196,15471,1658,158,134,03-12-2017
964,196,13187,548,106,192,20-12-2017
965,197,18952,1771,462,142,20-04-2017
966,197,11756,775,494,124,16-04-2017
967,197,4400,457,481,107,14-04-2017
968,197,6711,227,158,171,28-04-2017
969,197,12559,285,309,142,26-04-2017
970,197,16866,1284,65,58,17-04-2017
971,197,14253,775,158,34,23-04-2017
972,197,20223,1539,88,67,21-04-2017
973,197,15465,1749,452,22,27-04-2017
974,197,10241,249,313,150,22-04-2017
975,197,6121,436,317,101,25-04-2017
976,197,24961,1094,171,69,18-04-2017
977,197,14787,666,205,52,24-04-2017
978,197,19645,571,487,32,15-04-2017
979,197,20342,1943,264,128,19-04-2017
980,198,3344,332,65,174,13-04-2016
981,198,7544,552,486,84,09-04-2016
982,198,24231,657,55,108,11-04-2016
983,198,7286,698,84,150,10-04-2016
984,198,15782,401,123,157,07-04-2016
985,198,3033,253,284,100,12-04-2016
986,198,12524,784,17,37,06-04-2016
987,198,5295,432,162,49,08-04-2016
988,198,7450,278,115,67,05-04-2016
989,199,13943,1115,471,51,18-08-2016
990,199,19401,1104,224,53,24-08-2016
991,199,16369,1907,96,154,21-07-2016
992,199,3559,88,212,85,31-07-2016
993,199,16101,1030,98,144,19-08-2016
994,199,19788,1148,371,140,16-08-2016
995,199,17498,848,368,168,14-08-2016
996,199,5371,399,294,48,09-08-2016
997,199,3975,108,324,58,24-07-2016
998,199,19865,775,296,175,22-07-2016
999,199,16022,423,148,86,04-08-2016
1000,199,22132,1847,244,190,03-08-2016
1001,200,22352,2033,112,4,25-12-2016
1002,200,11744,685,302,51,30-12-2016
1003,200,20575,626,280,5,12-12-2016
1004,200,13919,853,185,163,20-12-2016
1005,200,10086,444,319,19,26-12-2016
1006,200,23537,2476,106,77,11-12-2016
1007,200,12756,983,282,26,18-12-2016
1008,200,7243,649,159,91,22-12-2016
1009,200,9390,709,436,121,24-12-2016
1010,200,18735,1559,52,48,17-12-2016
1011,201,13066,694,206,191,23-03-2017
1012,201,24167,2140,303,50,18-02-2017
1013,201,24315,2655,11,68,20-02-2017
1014,201,10889,609,225,81,17-02-2017
1015,201,3834,447,297,84,21-02-2017
1016,201,24745,2565,254,122,11-03-2017
1017,201,20528,770,380,90,05-03-2017
1018,201,12792,1410,157,79,07-03-2017
1019,201,12890,585,453,55,23-02-2017
1020,201,6192,426,87,172,25-02-2017
1021,202,21505,857,152,128,04-01-2017
1022,202,13087,1192,252,119,26-12-2016
1023,202,9590,263,394,152,11-01-2017
1024,202,12627,1377,79,88,06-01-2017
1025,202,5977,172,81,128,16-01-2017
1026,202,5730,357,468,114,14-01-2017
1027,202,17188,639,229,12,08-01-2017
1028,203,22112,2277,498,137,09-10-2016
1029,203,23886,587,370,82,21-09-2016
1030,203,13375,904,199,123,26-09-2016
1031,203,19445,2166,485,83,17-09-2016
1032,203,21634,2425,283,189,01-10-2016
1033,203,23328,1790,343,126,29-09-2016
1034,203,6115,540,490,145,19-09-2016
1035,203,13131,825,68,125,20-10-2016
1036,203,7836,173,280,117,18-09-2016
1037,203,10055,814,50,113,16-09-2016
1038,203,11967,1024,357,138,19-10-2016
1039,203,18453,2212,439,154,13-09-2016
1040,203,17687,1635,462,32,27-10-2016
1041,204,4828,276,222,9,20-05-2017
1042,204,12771,1012,466,166,25-05-2017
1043,204,15562,1422,94,199,05-05-2017
1044,204,11698,628,205,157,26-05-2017
1045,204,22563,2013,166,37,16-05-2017
1046,204,15121,1478,162,138,19-05-2017
1047,204,3165,145,494,192,23-05-2017
1048,204,4498,227,401,3,17-05-2017
1049,204,15111,751,421,84,11-05-2017
1050,205,21515,987,335,117,08-09-2017
1051,205,16466,1547,366,80,19-08-2017
1052,205,9591,731,479,10,22-08-2017
1053,205,23096,1036,170,128,24-08-2017
1054,205,16069,1893,17,67,04-09-2017
1055,205,22884,859,339,11,07-09-2017
1056,205,14886,770,300,178,06-09-2017
1057,205,23708,1941,411,141,21-08-2017
1058,205,9833,875,51,107,02-09-2017
1059,205,4952,227,110,3,23-08-2017
1060,206,5612,401,20,137,12-03-2016
1061,206,4073,398,1,10,29-02-2016
1062,206,9733,483,20,68,26-02-2016
1063,206,14282,807,203,98,12-02-2016
1064,206,5566,622,353,142,21-02-2016
1065,206,17566,1939,195,95,23-02-2016
1066,207,23978,953,423,183,22-02-2016
1067,207,23552,2770,62,71,23-02-2016
1068,207,3764,148,8,77,05-03-2016
1069,207,13278,1296,238,100,15-02-2016
1070,207,6376,562,135,188,29-02-2016
1071,207,9106,1011,464,118,21-02-2016
1072,207,16999,1695,234,151,28-02-2016
1073,207,6430,139,416,23,08-02-2016
1074,207,18781,763,481,56,15-03-2016
1075,207,3433,266,90,82,13-02-2016
1076,208,18153,2142,152,89,29-04-2016
1077,208,21153,1981,244,59,22-04-2016
1078,208,8367,651,209,105,30-04-2016
1079,208,14279,417,289,190,07-05-2016
1080,208,11430,482,245,116,08-05-2016
1081,208,9770,268,89,8,10-05-2016
1082,208,3123,143,54,159,28-04-2016
1083,209,5600,244,349,1,27-06-2016
1084,209,9179,989,101,145,09-06-2016
1085,209,13795,326,468,31,22-06-2016
1086,209,4999,467,99,148,18-06-2016
1087,209,19347,1928,108,96,10-06-2016
1088,209,17615,1779,412,183,20-06-2016
1089,209,7130,179,79,126,19-06-2016
1090,209,13300,1576,389,134,15-06-2016
1091,209,3996,147,133,82,07-06-2016
1092,210,15818,1337,313,198,26-07-2016
1093,210,21029,540,295,62,29-06-2016
1094,210,11794,918,301,39,27-07-2016
1095,210,10725,1113,490,186,30-06-2016
1096,210,11673,1255,360,67,11-07-2016
1097,210,8231,539,460,174,24-07-2016
1098,211,9586,513,200,134,30-11-2016
1099,211,18926,1639,69,67,19-11-2016
1100,211,23013,2095,80,33,22-11-2016
1101,211,15349,1614,183,105,10-11-2016
1102,211,10696,939,203,138,24-11-2016
1103,211,6917,781,392,35,17-11-2016
1104,211,23351,531,316,8,07-11-2016
1105,211,20881,2229,490,113,11-11-2016
1106,212,19216,2160,164,174,24-09-2016
1107,212,15155,1739,164,120,18-09-2016
1108,212,12895,1409,19,3,19-09-2016
1109,212,17580,1779,443,134,22-09-2016
1110,212,3366,336,106,104,21-09-2016
1111,212,6529,425,355,137,17-09-2016
1112,212,16145,1638,83,80,20-09-2016
1113,212,21651,1116,377,187,25-09-2016
1114,213,8879,713,398,106,20-02-2016
1115,213,21535,2018,244,194,16-02-2016
1116,213,16781,646,170,87,22-02-2016
1117,213,19322,1930,209,130,24-02-2016
1118,213,3390,264,117,126,18-02-2016
1119,214,16815,1888,443,61,05-08-2016
1120,214,3853,332,401,156,01-08-2016
1121,214,22869,886,480,15,22-08-2016
1122,214,16469,1652,354,157,07-08-2016
1123,214,3248,124,246,10,18-08-2016
1124,215,24944,2589,289,170,08-09-2016
1125,215,9063,387,430,35,28-09-2016
1126,215,24930,835,460,54,11-09-2016
1127,215,20151,1197,58,60,21-09-2016
1128,215,10571,1204,431,167,13-09-2016
1129,215,16753,1553,489,183,22-09-2016
1130,215,24009,1295,398,22,09-09-2016
1131,215,23162,830,425,125,20-09-2016
1132,215,21173,2197,56,152,12-09-2016
1133,215,3383,251,218,26,23-09-2016
1134,215,19443,472,316,100,16-09-2016
1135,215,10320,316,205,44,18-09-2016
1136,216,23966,2644,423,59,04-06-2017
1137,216,19437,1596,282,116,16-05-2017
1138,216,22090,2229,193,75,17-05-2017
1139,216,17238,1381,310,199,24-05-2017
1140,216,5441,271,439,76,28-05-2017
1141,216,22231,1483,60,103,23-05-2017
1142,217,17167,1866,227,165,13-08-2017
1143,217,17346,1721,271,183,18-08-2017
1144,217,21722,945,392,24,09-08-2017
1145,217,9145,514,196,165,14-08-2017
1146,217,11589,602,308,8,26-08-2017
1147,217,24986,641,333,168,22-08-2017
1148,217,19431,1219,208,72,29-08-2017
1149,217,23161,2101,220,117,17-08-2017
1150,217,3240,307,14,48,19-08-2017
1151,217,6278,220,352,13,08-08-2017
1152,217,19581,717,236,30,27-08-2017
1153,217,9314,723,135,94,06-08-2017
1154,217,6832,803,417,23,28-08-2017
1155,217,5238,571,185,77,16-08-2017
1156,218,7767,231,137,104,25-12-2017
1157,218,16583,705,139,46,27-12-2017
1158,218,18290,527,132,115,11-12-2017
1159,218,20048,1823,267,96,23-12-2017
1160,218,24842,1724,15,81,10-12-2017
1161,218,21836,1814,130,176,02-12-2017
1162,218,14533,868,407,93,01-01-2018
1163,218,22046,1095,497,140,28-12-2017
1164,218,22791,2638,473,132,31-12-2017
1165,218,10409,994,387,127,21-12-2017
1166,218,11025,676,293,136,08-12-2017
1167,218,11016,1036,44,74,26-12-2017
1168,218,7609,527,339,120,22-12-2017
1169,218,6720,636,16,53,17-12-2017
1170,218,6914,392,12,18,19-12-2017
1171,219,16145,1830,295,123,05-07-2016
1172,219,13116,638,478,99,23-06-2016
1173,219,16682,1422,452,50,12-07-2016
1174,219,5940,700,319,54,13-07-2016
1175,219,12875,979,317,34,14-07-2016
1176,219,16348,1219,331,189,18-07-2016
1177,220,13203,884,266,145,22-03-2017
1178,220,11548,629,427,8,21-03-2017
1179,220,8572,792,98,57,24-03-2017
1180,220,20647,1745,408,141,02-04-2017
1181,220,7711,424,202,79,03-04-2017
1182,221,6003,459,474,156,05-10-2016
1183,221,18565,2177,16,163,25-09-2016
1184,221,7554,320,300,89,09-10-2016
1185,221,9704,860,229,78,07-10-2016
1186,221,8611,745,61,174,04-10-2016
1187,221,3623,415,2,11,02-10-2016
1188,221,22300,1000,372,173,26-09-2016
1189,222,20778,2235,300,198,20-06-2017
1190,222,23569,2525,221,76,25-05-2017
1191,222,7562,684,478,84,11-06-2017
1192,222,21351,686,32,65,25-06-2017
1193,222,22263,1179,249,126,01-06-2017
1194,222,20089,1867,294,198,30-05-2017
1195,222,4448,488,458,57,01-07-2017
1196,222,21770,2223,449,91,29-06-2017
1197,222,9284,1111,208,37,23-06-2017
1198,222,18450,1937,107,198,02-06-2017
1199,223,18788,1217,13,120,03-04-2016
1200,223,3808,201,383,143,24-04-2016
1201,223,16347,556,446,107,04-04-2016
1202,223,8715,827,194,127,20-04-2016
1203,223,5766,628,392,56,01-04-2016
1204,223,19013,1093,416,81,28-03-2016
1205,223,11217,489,277,182,21-04-2016
1206,223,21004,1831,230,135,09-04-2016
1207,223,14221,729,277,112,13-04-2016
1208,223,11734,968,451,137,10-04-2016
1209,223,5581,454,171,4,23-04-2016
1210,223,24460,1538,214,157,06-04-2016
1211,223,8287,363,486,43,29-03-2016
1212,223,23030,1273,203,75,25-04-2016
1213,224,4884,327,117,199,23-02-2017
1214,224,21543,1329,131,33,26-02-2017
1215,224,10161,464,496,126,12-02-2017
1216,224,20122,2135,299,184,24-02-2017
1217,224,3459,406,343,165,19-02-2017
1218,224,6729,546,291,38,09-02-2017
1219,224,11320,1337,466,40,17-02-2017
1220,224,12819,572,452,61,14-02-2017
1221,224,20596,707,29,5,18-02-2017
1222,224,15248,1363,275,107,11-02-2017
1223,224,15562,622,493,62,21-02-2017
1224,224,6743,245,332,50,25-02-2017
1225,224,4986,181,254,171,10-02-2017
1226,225,14640,1038,31,4,26-04-2017
1227,225,9722,351,90,97,11-05-2017
1228,225,10385,421,152,186,02-05-2017
1229,225,15901,1418,5,112,30-04-2017
1230,225,16163,337,279,196,01-05-2017
1231,225,6569,662,498,90,03-05-2017
1232,225,11804,1412,346,159,27-04-2017
1233,225,4674,338,35,181,04-05-2017
1234,225,5417,165,185,182,28-04-2017
1235,225,3547,327,113,161,29-04-2017
1236,225,3818,187,99,156,05-05-2017
1237,226,15133,1614,218,169,20-03-2017
1238,226,19684,1445,12,161,25-03-2017
1239,226,19234,2235,149,171,27-03-2017
1240,226,9205,488,213,127,10-03-2017
1241,226,23360,2488,135,120,21-03-2017
1242,226,10156,665,470,50,28-03-2017
1243,226,22626,1938,5,19,19-03-2017
1244,226,19606,2042,388,196,12-03-2017
1245,226,22561,1802,239,16,13-03-2017
1246,226,15960,484,77,159,02-04-2017
1247,226,18684,1187,78,142,17-03-2017
1248,226,8423,763,381,147,31-03-2017
1249,226,4521,316,203,101,09-03-2017
1250,226,19851,748,156,185,26-03-2017
1251,226,7704,729,350,153,15-03-2017
1252,227,11057,1216,31,60,27-09-2017
1253,227,13875,550,158,87,16-10-2017
1254,227,5244,460,325,56,13-10-2017
1255,227,14368,807,393,156,23-09-2017
1256,227,4326,394,112,194,19-09-2017
1257,228,5852,239,289,87,21-04-2016
1258,228,22303,2379,211,72,22-04-2016
1259,228,23748,1029,377,53,25-04-2016
1260,228,12022,497,89,101,20-04-2016
1261,228,14626,520,73,47,23-04-2016
1262,228,11674,654,318,45,26-04-2016
1263,228,21556,930,79,4,28-04-2016
1264,229,15053,1583,414,127,25-09-2016
1265,229,17070,1728,48,116,04-10-2016
1266,229,5998,376,475,123,03-10-2016
1267,229,3163,277,390,3,09-10-2016
1268,229,13235,1421,454,119,01-10-2016
1269,229,9940,252,173,40,17-09-2016
1270,229,20505,1775,463,47,15-09-2016
1271,229,24184,1770,461,74,13-09-2016
1272,229,15659,498,55,89,12-10-2016
1273,229,18580,1255,79,100,08-10-2016
1274,229,17711,1327,357,2,29-09-2016
1275,229,8580,781,471,96,07-10-2016
1276,229,9203,559,190,34,16-09-2016
1277,230,7768,520,309,119,01-05-2016
1278,230,11678,710,416,15,21-04-2016
1279,230,8780,239,315,82,04-05-2016
1280,230,6042,306,358,161,25-04-2016
1281,230,6880,563,187,91,24-05-2016
1282,230,11189,659,40,140,15-04-2016
1283,230,23690,1353,100,15,14-04-2016
1284,230,18682,1031,491,179,17-05-2016
1285,230,18713,1207,228,179,20-05-2016
1286,230,5507,351,465,108,12-05-2016
1287,231,24273,1266,479,16,11-09-2017
1288,231,14369,415,455,75,18-09-2017
1289,231,12394,543,333,199,26-09-2017
1290,231,24189,1844,192,171,01-10-2017
1291,231,12771,457,136,107,15-09-2017
1292,231,22922,1695,467,88,21-09-2017
1293,232,24096,2256,374,76,07-03-2017
1294,232,17737,1754,200,25,08-03-2017
1295,232,17077,523,334,87,09-03-2017
1296,232,9973,199,492,137,10-03-2017
1297,232,21060,910,415,171,02-03-2017
1298,232,11242,486,452,100,03-03-2017
1299,232,12916,680,260,151,17-03-2017
1300,232,4425,346,57,124,15-03-2017
1301,232,17274,983,288,53,05-03-2017
1302,232,18692,1628,470,33,18-03-2017
1303,232,10133,536,50,5,19-03-2017
1304,232,22151,1524,156,140,14-03-2017
1305,232,17713,743,440,127,12-03-2017
1306,232,14896,1573,69,165,06-03-2017
1307,232,4497,370,389,127,04-03-2017
1308,233,24393,1398,363,63,30-09-2017
1309,233,20692,2327,281,193,15-10-2017
1310,233,18980,1687,479,101,26-09-2017
1311,233,16537,1203,355,111,07-10-2017
1312,233,13415,1067,158,4,27-09-2017
1313,233,9439,606,276,56,02-10-2017
1314,233,17502,654,20,29,08-10-2017
1315,233,23881,592,377,92,04-10-2017
1316,233,20655,2234,430,105,16-10-2017
1317,234,7054,720,385,37,26-01-2017
1318,234,8747,437,243,124,20-01-2017
1319,234,23366,1225,245,124,25-01-2017
1320,234,8160,950,248,180,24-01-2017
1321,234,4755,205,1,53,29-01-2017
1322,234,12120,624,239,190,23-01-2017
1323,234,10250,410,157,98,19-01-2017
1324,235,24017,2042,429,151,22-06-2016
1325,235,10578,748,28,9,29-06-2016
1326,235,21870,1624,162,97,16-06-2016
1327,235,14354,1154,348,62,10-07-2016
1328,235,3564,225,487,71,03-06-2016
1329,235,6325,718,310,54,02-07-2016
1330,235,17385,1113,276,190,13-07-2016
1331,236,6079,440,295,106,10-04-2016
1332,236,3544,418,472,191,30-04-2016
1333,236,14034,500,232,30,09-05-2016
1334,236,22874,1243,65,42,06-04-2016
1335,236,16405,448,244,79,18-04-2016
1336,236,4185,204,438,136,21-04-2016
1337,236,3068,217,112,2,28-04-2016
1338,236,16886,1580,92,172,02-04-2016
1339,237,24159,2798,231,136,03-07-2016
1340,237,24308,925,10,188,09-07-2016
1341,237,9892,275,174,192,10-07-2016
1342,237,3999,306,345,56,08-07-2016
1343,237,22435,959,419,6,11-07-2016
1344,237,15585,1122,193,184,02-07-2016
1345,237,20458,1261,498,96,05-07-2016
1346,237,18773,1742,327,99,04-07-2016
1347,237,16772,1057,327,178,01-07-2016
1348,237,4391,112,36,112,07-07-2016
1349,237,21290,1248,463,67,06-07-2016
1350,238,6878,523,228,113,14-01-2018
1351,238,10192,414,198,172,08-01-2018
1352,238,6854,734,185,161,03-01-2018
1353,238,20990,2105,479,198,10-01-2018
1354,238,12985,475,142,23,15-01-2018
1355,238,8754,700,151,88,28-12-2017
1356,239,9667,457,241,194,03-12-2016
1357,239,16700,1337,137,156,12-12-2016
1358,239,3807,380,26,190,09-12-2016
1359,239,8877,395,355,92,13-12-2016
1360,239,13006,1083,305,141,07-12-2016
1361,239,9718,861,61,192,06-12-2016
1362,239,5015,558,461,144,04-12-2016
1363,239,21414,947,387,80,08-12-2016
1364,239,14978,837,80,192,05-12-2016
1365,239,21360,1535,227,54,15-12-2016
1366,240,15293,957,93,3,26-11-2016
1367,240,8382,990,319,196,09-12-2016
1368,240,10470,1082,199,157,13-12-2016
1369,240,8787,828,106,109,08-12-2016
1370,240,21808,1786,177,176,15-12-2016
1371,240,18908,1009,60,44,24-12-2016
1372,240,18514,1662,342,68,06-12-2016
1373,240,3860,82,490,191,29-11-2016
1374,241,21570,2236,488,38,18-10-2017
1375,241,13516,932,68,155,19-10-2017
1376,241,12327,1417,18,37,30-09-2017
1377,241,15424,1787,402,1,14-10-2017
1378,241,8148,271,409,3,13-10-2017
1379,241,4437,531,59,101,05-10-2017
1380,241,18170,1226,419,13,17-10-2017
1381,241,12330,1015,301,100,22-10-2017
1382,242,20946,1741,82,125,03-03-2016
1383,242,17847,1884,177,141,26-03-2016
1384,242,24609,2366,270,85,07-04-2016
1385,242,7905,821,134,74,10-03-2016
1386,242,15447,1042,374,127,02-03-2016
1387,242,7690,667,159,116,06-04-2016
1388,242,3925,249,267,155,20-03-2016
1389,242,6299,476,224,142,15-03-2016
1390,243,15927,1488,210,184,30-04-2016
1391,243,13834,364,271,79,02-05-2016
1392,243,12964,1247,157,197,06-05-2016
1393,243,24127,2206,258,51,07-05-2016
1394,243,23113,1054,32,115,01-05-2016
1395,243,21523,667,494,130,05-05-2016
1396,243,12340,767,158,145,08-05-2016
1397,243,4061,342,408,102,03-05-2016
1398,243,22438,713,34,83,04-05-2016
1399,244,4871,277,249,165,26-11-2017
1400,244,7543,891,484,96,09-12-2017
1401,244,21998,2349,18,50,19-12-2017
1402,244,18998,2074,492,106,07-12-2017
1403,244,17509,1162,429,163,30-11-2017
1404,244,13022,695,188,131,29-12-2017
1405,244,20177,1029,416,199,21-12-2017
1406,244,15876,1175,498,9,28-11-2017
1407,244,7644,263,62,196,27-11-2017
1408,244,19333,2131,236,167,24-11-2017
1409,244,24730,732,379,18,06-12-2017
1410,244,9606,828,311,109,20-12-2017
1411,245,17848,1198,485,108,10-08-2016
1412,245,4330,253,28,174,16-08-2016
1413,245,21423,1523,470,106,30-07-2016
1414,245,23939,907,145,194,09-08-2016
1415,245,22155,458,384,35,31-07-2016
1416,245,3639,357,218,157,19-08-2016
1417,245,22393,784,89,134,24-07-2016
1418,245,9068,983,471,47,19-07-2016
1419,245,16776,1915,412,103,29-07-2016
1420,245,15547,699,62,187,20-08-2016
1421,245,11901,867,137,39,16-07-2016
1422,245,6787,233,344,175,22-08-2016
1423,245,11163,654,483,45,06-08-2016
1424,245,22150,858,44,64,20-07-2016
1425,246,20596,870,59,19,05-07-2016
1426,246,9597,984,176,191,30-06-2016
1427,246,11928,1274,274,102,01-07-2016
1428,246,13612,529,441,182,07-07-2016
1429,246,24854,511,408,105,11-07-2016
1430,246,18170,862,115,150,04-07-2016
1431,246,6236,626,342,88,03-07-2016
1432,246,16903,1178,65,91,08-07-2016
1433,246,20931,1543,271,6,10-07-2016
1434,246,14757,1446,18,142,06-07-2016
1435,246,23665,2088,443,90,29-06-2016
1436,247,21288,545,354,107,21-03-2017
1437,247,15686,1489,360,181,10-03-2017
1438,247,20525,1730,175,41,27-02-2017
1439,247,19603,853,39,26,23-03-2017
1440,247,18610,690,169,1,26-02-2017
1441,247,10072,443,397,17,20-03-2017
1442,247,13356,1535,362,0,25-03-2017
1443,247,12528,1045,409,171,06-03-2017
1444,247,5528,261,374,58,21-02-2017
1445,247,19085,1564,206,42,04-03-2017
1446,247,18386,805,240,190,26-03-2017
1447,247,3787,370,469,138,23-02-2017
1448,247,12319,261,65,135,07-03-2017
1449,247,9598,313,324,132,24-03-2017
1450,248,10251,1190,429,137,31-10-2016
1451,248,21345,1993,85,72,12-11-2016
1452,248,14920,1469,24,63,18-11-2016
1453,248,15072,1117,60,137,27-10-2016
1454,248,5710,220,251,37,20-11-2016
1455,248,11812,341,318,166,24-11-2016
1456,248,10669,1178,299,127,05-11-2016
1457,248,5402,211,337,55,29-10-2016
1458,248,6483,258,272,46,06-11-2016
1459,248,22761,1851,440,90,11-11-2016
1460,248,20731,946,131,52,22-11-2016
1461,248,11314,526,13,1,10-11-2016
1462,249,18358,1661,251,30,29-05-2016
1463,249,9787,794,52,8,17-05-2016
1464,249,14542,1410,479,69,12-05-2016
1465,249,20882,1202,263,20,31-05-2016
1466,249,13808,417,244,130,20-05-2016
1467,249,5180,142,285,148,01-06-2016
1468,249,3599,298,449,157,10-05-2016
1469,250,16917,1356,322,129,17-06-2017
1470,250,21846,647,67,3,09-06-2017
1471,250,9812,491,389,14,22-06-2017
1472,250,21093,1869,35,150,08-06-2017
1473,250,14895,445,257,153,12-06-2017
1474,251,8897,186,439,97,26-03-2017
1475,251,23870,1372,235,195,29-03-2017
1476,251,14528,759,328,66,25-03-2017
1477,251,14251,1043,469,99,01-04-2017
1478,251,7014,152,404,110,27-03-2017
1479,251,13930,1026,146,80,28-03-2017
1480,251,8278,925,113,93,31-03-2017
1481,251,10922,359,342,188,24-03-2017
1482,251,23126,1287,136,38,30-03-2017
1483,251,5288,577,221,84,23-03-2017
1484,252,15549,1066,495,138,17-06-2017
1485,252,12655,924,97,84,10-06-2017
1486,252,17037,914,257,102,23-06-2017
1487,252,3639,94,446,144,02-06-2017
1488,252,24990,2410,496,174,03-06-2017
1489,252,11041,1300,437,40,19-06-2017
1490,253,4688,158,252,20,08-10-2017
1491,253,9171,726,431,117,28-09-2017
1492,253,4825,270,494,112,01-10-2017
1493,253,14945,716,340,199,03-10-2017
1494,253,9711,212,66,173,06-10-2017
1495,253,11479,260,421,76,10-10-2017
1496,253,13164,1488,78,152,07-10-2017
1497,253,18476,512,380,186,30-09-2017
1498,253,24452,1824,231,49,02-10-2017
1499,253,3928,150,162,31,05-10-2017
1500,253,23807,1816,465,139,04-10-2017
1501,253,8084,519,432,189,12-10-2017
1502,253,11179,962,241,136,09-10-2017
1503,253,11608,297,469,92,11-10-2017
1504,253,22297,2206,30,21,29-09-2017
1505,254,17152,461,288,56,13-10-2017
1506,254,7455,575,203,152,04-10-2017
1507,254,20320,593,275,160,12-10-2017
1508,254,19157,456,264,20,03-11-2017
1509,254,13982,1609,168,31,02-10-2017
1510,254,18521,1065,116,80,22-10-2017
1511,254,20274,1605,10,114,25-10-2017
1512,254,4791,198,356,107,14-10-2017
1513,254,13502,856,397,19,10-10-2017
1514,254,17810,1959,80,80,09-10-2017
1515,254,10853,548,406,22,29-10-2017
1516,254,9945,219,387,34,19-10-2017
1517,254,20753,520,329,167,30-09-2017
1518,255,4687,193,28,50,13-09-2016
1519,255,16904,1769,414,49,21-09-2016
1520,255,19010,811,459,63,25-09-2016
1521,255,6232,740,44,168,17-09-2016
1522,255,16018,1262,56,124,12-09-2016
1523,255,21463,934,111,101,18-09-2016
1524,255,15379,1183,469,125,16-09-2016
1525,255,19844,1831,234,118,27-09-2016
1526,255,16517,1332,223,99,19-09-2016
1527,255,23066,945,103,135,23-09-2016
1528,255,6353,684,298,177,28-09-2016
1529,255,20115,1932,211,143,15-09-2016
1530,255,12371,1113,200,27,14-09-2016
1531,255,20786,1687,156,124,29-09-2016
1532,255,15829,744,247,172,24-09-2016
1533,256,6685,760,106,159,14-05-2016
1534,256,6904,551,31,108,02-06-2016
1535,256,4009,148,452,48,26-05-2016
1536,256,22647,1429,269,162,01-05-2016
1537,256,10230,244,399,9,15-05-2016
1538,256,15008,455,30,144,08-05-2016
1539,256,24814,1414,484,37,19-05-2016
1540,256,18993,628,191,4,09-05-2016
1541,256,15085,1456,492,9,06-06-2016
1542,256,6827,292,240,9,03-05-2016
1543,256,24917,1519,315,142,29-05-2016
1544,257,7176,190,117,64,28-11-2017
1545,257,15627,719,412,35,23-11-2017
1546,257,10487,1073,328,153,02-12-2017
1547,257,19803,1747,120,158,06-12-2017
1548,257,9212,1018,131,39,18-11-2017
1549,258,22006,996,383,5,23-04-2017
1550,258,5861,186,175,6,18-04-2017
1551,258,13981,659,433,11,19-04-2017
1552,258,7264,407,30,47,25-04-2017
1553,258,23285,739,65,10,15-04-2017
1554,258,21045,1085,76,156,16-04-2017
1555,258,18130,987,144,63,21-04-2017
1556,258,24768,798,154,180,17-04-2017
1557,258,20746,1671,200,122,20-04-2017
1558,259,23951,1205,257,77,04-08-2016
1559,259,19849,1972,194,165,30-08-2016
1560,259,14355,492,446,138,10-08-2016
1561,259,15999,770,10,170,26-08-2016
1562,259,23807,1907,90,22,17-08-2016
1563,259,18153,1172,167,104,11-09-2016
1564,259,14532,920,358,96,02-09-2016
1565,259,18579,1227,18,196,05-08-2016
1566,259,24311,2901,133,127,09-08-2016
1567,259,17485,1701,83,52,22-08-2016
1568,259,15670,1860,311,115,06-08-2016
1569,259,12285,953,353,197,28-08-2016
1570,259,20417,1062,330,111,07-08-2016
1571,259,9208,658,9,4,07-09-2016
1572,259,18185,1827,204,136,16-08-2016
1573,260,13533,724,287,87,15-11-2017
1574,260,3014,195,321,164,20-12-2017
1575,260,12056,754,208,78,23-11-2017
1576,260,6164,692,449,93,27-11-2017
1577,260,20906,1794,389,171,09-12-2017
1578,260,13987,345,192,49,10-11-2017
1579,261,24109,1673,71,113,18-09-2017
1580,261,20003,1505,235,175,15-09-2017
1581,261,9964,1040,92,20,20-09-2017
1582,261,16648,1895,457,66,19-09-2017
1583,261,7391,747,339,195,17-09-2017
1584,261,11862,947,338,182,21-09-2017
1585,261,7055,811,285,170,16-09-2017
1586,261,18874,507,487,86,22-09-2017
1587,261,20934,2055,371,101,14-09-2017
1588,262,18715,2210,325,46,16-01-2018
1589,262,5170,560,17,53,12-02-2018
1590,262,16833,1256,2,34,15-01-2018
1591,262,6929,793,388,31,04-01-2018
1592,262,14037,1095,63,160,30-01-2018
1593,262,18743,857,254,40,06-01-2018
1594,262,23465,1564,118,115,28-01-2018
1595,262,17111,1838,412,84,11-02-2018
1596,262,14950,815,43,85,08-01-2018
1597,262,17545,1400,304,27,29-01-2018
1598,262,19806,2108,138,66,25-01-2018
1599,262,20688,1523,385,55,23-01-2018
1600,262,4354,186,275,153,06-02-2018
1601,262,18929,1994,20,72,03-01-2018
1602,263,22108,2042,478,52,02-05-2017
1603,263,9324,508,349,74,28-04-2017
1604,263,18309,1307,435,96,07-05-2017
1605,263,22773,589,212,96,10-05-2017
1606,263,12233,778,419,147,10-04-2017
1607,263,5479,194,440,127,20-04-2017
1608,263,20577,1777,384,102,15-05-2017
1609,263,24198,2535,76,153,12-04-2017
1610,263,4063,479,105,105,07-04-2017
1611,263,6701,170,496,125,11-04-2017
1612,263,7343,182,414,0,19-04-2017
1613,263,6369,142,227,172,08-04-2017
1614,263,19857,414,110,189,13-05-2017
1615,263,19097,479,273,40,18-04-2017
1616,264,8269,532,369,151,29-12-2017
1617,264,5003,555,273,54,22-12-2017
1618,264,24339,1997,210,178,21-12-2017
1619,264,10586,992,62,137,16-12-2017
1620,264,9032,433,176,48,25-12-2017
1621,264,15163,1291,200,16,30-12-2017
1622,264,23386,2345,95,177,17-12-2017
1623,264,5119,353,254,66,23-12-2017
1624,264,22494,2291,267,112,28-12-2017
1625,264,24278,2632,44,46,24-12-2017
1626,264,9886,1083,388,70,19-12-2017
1627,264,15133,879,27,31,26-12-2017
1628,264,12377,1053,19,167,27-12-2017
1629,265,10914,287,11,122,04-11-2017
1630,265,13491,436,398,159,10-11-2017
1631,265,20230,1238,439,98,05-11-2017
1632,265,12643,1432,224,147,25-11-2017
1633,265,6684,709,252,171,19-10-2017
1634,265,20767,1289,120,32,27-10-2017
1635,265,7032,248,328,84,15-11-2017
1636,265,11004,744,499,0,18-10-2017
1637,265,18592,1750,126,125,23-11-2017
1638,265,10008,741,241,64,24-10-2017
1639,265,23538,2090,67,34,26-10-2017
1640,265,21505,2154,245,111,28-10-2017
1641,265,12229,821,44,91,11-11-2017
1642,265,10447,907,85,95,22-10-2017
1643,266,7871,641,359,146,21-03-2016
1644,266,5417,265,469,135,27-04-2016
1645,266,6697,782,301,190,25-03-2016
1646,266,15084,878,167,56,05-04-2016
1647,266,7399,476,290,109,02-05-2016
1648,266,15678,1737,464,164,23-04-2016
1649,266,11187,737,224,103,22-03-2016
1650,266,20964,1368,106,75,30-03-2016
1651,266,3475,342,347,28,24-04-2016
1652,266,24127,1842,25,177,01-05-2016
1653,266,7175,173,437,17,13-04-2016
1654,266,5862,391,13,26,25-04-2016
1655,266,21068,2344,137,109,28-03-2016
1656,266,15072,818,335,110,06-04-2016
1657,266,20368,417,448,103,28-04-2016
1658,267,22613,1527,459,160,14-01-2018
1659,267,13209,546,379,16,05-01-2018
1660,267,17294,1070,91,33,23-12-2017
1661,267,18241,2139,120,158,12-01-2018
1662,267,17077,1870,301,175,28-12-2017
1663,267,8880,297,194,31,11-01-2018
1664,267,4300,375,50,116,13-01-2018
1665,267,10896,919,369,66,24-12-2017
1666,267,8367,456,9,102,03-01-2018
1667,267,21078,1152,311,184,25-12-2017
1668,267,16021,1300,340,71,20-12-2017
1669,268,4010,301,495,136,08-11-2016
1670,268,23671,2151,490,139,30-10-2016
1671,268,9670,276,133,142,31-10-2016
1672,268,8683,716,50,168,09-11-2016
1673,268,6478,323,487,36,02-11-2016
1674,268,4384,191,192,179,03-11-2016
1675,268,18469,680,454,106,11-11-2016
1676,268,18203,1757,170,116,05-11-2016
1677,268,5786,127,344,119,01-11-2016
1678,268,7502,202,349,199,10-11-2016
1679,268,5489,305,203,129,14-11-2016
1680,268,14075,987,204,181,06-11-2016
1681,268,6633,694,118,156,27-10-2016
1682,268,21017,1353,297,115,28-10-2016
1683,268,18838,1472,493,34,26-10-2016
1684,269,17857,1807,204,87,13-07-2017
1685,269,8962,929,359,139,10-07-2017
1686,269,23255,1702,147,16,03-07-2017
1687,269,18116,1074,121,99,02-07-2017
1688,269,22153,2360,457,191,19-07-2017
1689,269,11498,1347,58,32,09-07-2017
1690,269,3306,210,489,69,17-07-2017
1691,269,15035,486,154,162,29-06-2017
1692,269,20639,1425,4,96,30-06-2017
1693,269,9474,982,324,153,11-07-2017
1694,269,11645,894,242,62,08-07-2017
1695,270,17246,1972,408,134,15-02-2016
1696,270,5126,175,482,68,17-02-2016
1697,270,22938,893,29,167,14-02-2016
1698,270,14668,328,280,182,12-02-2016
1699,270,5471,234,58,129,18-02-2016
1700,270,21681,1063,68,62,24-02-2016
1701,270,16072,390,392,128,21-02-2016
1702,270,11513,1099,266,54,22-02-2016
1703,270,17242,1389,394,126,19-02-2016
1704,270,11851,1091,415,92,13-02-2016
1705,270,9238,918,129,126,23-02-2016
1706,270,14266,724,174,145,16-02-2016
1707,270,12918,1266,167,144,20-02-2016
1708,270,12781,546,359,158,11-02-2016
1709,271,6529,502,53,115,07-11-2017
1710,271,3556,104,433,160,13-11-2017
1711,271,5075,505,264,63,09-11-2017
1712,271,20478,1456,299,65,15-11-2017
1713,271,17153,433,81,97,12-11-2017
1714,272,3387,166,390,178,16-06-2017
1715,272,17109,650,189,47,07-06-2017
1716,272,8784,640,480,91,13-06-2017
1717,272,10696,379,235,87,26-06-2017
1718,272,11249,462,253,16,01-07-2017
1719,272,16347,705,298,76,06-06-2017
1720,272,6453,479,300,51,25-06-2017
1721,272,19868,1588,155,150,19-06-2017
1722,272,11503,1339,149,17,15-06-2017
1723,272,9749,896,309,91,21-06-2017
1724,272,5740,542,282,31,03-07-2017
1725,272,23149,1720,433,52,29-06-2017
1726,272,18589,2188,413,94,23-06-2017
1727,272,6342,677,350,24,27-06-2017
1728,272,4210,313,358,35,24-06-2017
1729,273,9151,1015,135,31,09-10-2017
1730,273,21646,1823,406,63,03-10-2017
1731,273,18934,2165,176,128,19-10-2017
1732,273,19181,2024,254,98,05-10-2017
1733,273,12996,992,170,56,23-10-2017
1734,273,16745,446,196,4,18-10-2017
1735,273,23740,1720,317,138,13-10-2017
1736,273,20511,1468,449,84,15-10-2017
1737,273,20494,2170,178,95,20-10-2017
1738,274,20879,1556,229,121,15-06-2017
1739,274,6532,251,147,92,22-06-2017
1740,274,6583,753,291,40,11-06-2017
1741,274,6282,376,274,164,20-06-2017
1742,274,22311,715,261,170,13-06-2017
1743,274,17259,1126,236,117,18-06-2017
1744,274,20933,2238,256,5,12-06-2017
1745,274,13490,1392,458,134,16-06-2017
1746,274,13004,368,154,63,21-06-2017
1747,274,5362,643,20,81,19-06-2017
1748,274,9318,487,78,144,17-06-2017
1749,274,4270,239,250,9,14-06-2017
1750,274,6004,315,280,48,08-06-2017
1751,275,3534,248,422,151,01-08-2016
1752,275,8503,327,22,88,08-08-2016
1753,275,22351,1981,180,22,26-07-2016
1754,275,6372,569,55,82,09-08-2016
1755,275,10408,836,444,64,23-07-2016
1756,275,7748,627,392,69,30-07-2016
1757,275,10442,715,211,44,06-08-2016
1758,275,8870,860,12,167,10-08-2016
1759,275,11952,981,333,12,28-07-2016
1760,276,21226,1656,85,113,30-03-2017
1761,276,9048,1045,152,23,29-03-2017
1762,276,23157,860,313,29,03-04-2017
1763,276,15058,1098,382,126,07-05-2017
1764,276,18678,1104,166,170,25-04-2017
1765,276,10799,268,315,28,01-04-2017
1766,276,14971,1199,145,27,17-04-2017
1767,276,7352,570,201,33,02-05-2017
1768,277,13579,668,9,184,15-07-2016
1769,277,6767,461,365,48,04-07-2016
1770,277,8040,869,51,52,06-07-2016
1771,277,5264,350,230,127,26-06-2016
1772,277,18016,2037,161,123,21-06-2016
1773,277,3781,397,387,70,30-06-2016
1774,277,20791,2348,299,57,11-07-2016
1775,277,22728,497,325,66,17-07-2016
1776,277,15964,578,170,147,02-07-2016
1777,277,16668,1824,409,76,07-07-2016
1778,277,3988,142,133,45,14-07-2016
1779,277,17083,1403,38,79,01-07-2016
1780,277,15750,1428,170,2,09-07-2016
1781,277,12271,1346,223,134,10-07-2016
1782,278,10728,992,65,121,16-01-2016
1783,278,20119,431,324,154,07-02-2016
1784,278,12363,486,443,78,06-02-2016
1785,278,15660,1124,35,199,29-01-2016
1786,278,10398,414,1,51,21-01-2016
1787,279,8157,668,134,96,03-10-2017
1788,279,14046,1559,37,126,14-09-2017
1789,279,6924,297,99,51,11-09-2017
1790,279,4320,175,442,108,18-09-2017
1791,279,24255,2892,252,31,28-09-2017
1792,279,20703,464,67,147,25-09-2017
1793,279,3584,310,452,60,14-10-2017
1794,279,12945,300,487,32,21-09-2017
1795,279,22077,2177,353,21,04-10-2017
1796,279,14043,1036,374,75,20-09-2017
1797,279,7909,187,346,9,15-09-2017
1798,279,13921,1096,462,41,29-09-2017
1799,279,11991,619,392,74,07-10-2017
1800,280,20208,2350,255,110,10-05-2016
1801,280,8900,1068,71,21,12-05-2016
1802,280,8200,978,161,44,06-06-2016
1803,280,20211,1487,15,1,07-05-2016
1804,280,5052,495,332,21,04-06-2016
1805,280,19096,1222,143,20,05-06-2016
1806,280,4122,91,364,158,01-06-2016
1807,281,16435,1888,370,1,24-05-2017
1808,281,22394,1343,429,17,26-05-2017
1809,281,21510,631,64,71,12-05-2017
1810,281,20607,1420,325,83,27-05-2017
1811,281,22647,2271,12,25,15-05-2017
1812,281,20305,2434,22,108,17-05-2017
1813,281,7062,624,102,96,11-05-2017
1814,281,11857,1176,31,72,18-05-2017
1815,281,24782,655,448,54,21-05-2017
1816,282,10958,437,71,161,07-11-2017
1817,282,5533,134,360,28,31-10-2017
1818,282,6629,251,235,31,06-11-2017
1819,282,17055,1802,169,199,01-11-2017
1820,282,24733,1672,221,88,30-10-2017
1821,282,15521,1767,492,57,02-11-2017
1822,282,13141,1282,371,17,08-11-2017
1823,283,10585,876,49,121,29-01-2016
1824,283,10521,745,481,19,18-01-2016
1825,283,16700,1272,264,45,22-01-2016
1826,283,11876,843,13,199,04-02-2016
1827,283,8707,421,367,19,23-01-2016
1828,283,13902,617,235,110,15-01-2016
1829,283,19802,1397,329,143,06-02-2016
1830,283,9927,1012,497,48,19-01-2016
1831,283,8115,820,176,48,16-01-2016
1832,284,4044,180,326,9,27-05-2016
1833,284,22211,1330,311,36,29-05-2016
1834,284,3229,160,146,45,07-06-2016
1835,284,18273,573,498,36,06-06-2016
1836,284,5728,331,273,83,02-06-2016
1837,284,23022,1192,257,173,05-06-2016
1838,284,21548,2231,23,60,08-06-2016
1839,284,19465,1405,392,132,11-06-2016
1840,284,3090,364,275,34,04-06-2016
1841,284,9217,277,420,137,03-06-2016
1842,284,19667,581,437,171,31-05-2016
1843,284,15206,1686,182,74,25-05-2016
1844,285,15164,658,456,17,05-08-2016
1845,285,14801,1715,304,54,07-08-2016
1846,285,4043,303,144,23,20-08-2016
1847,285,17203,1063,356,52,16-08-2016
1848,285,21372,1155,158,187,12-08-2016
1849,285,18014,603,135,114,15-08-2016
1850,285,10375,900,394,15,01-08-2016
1851,286,18201,864,228,171,26-12-2017
1852,286,19158,806,92,143,14-12-2017
1853,286,5847,618,206,106,20-12-2017
1854,286,21217,895,170,33,24-12-2017
1855,286,9582,604,390,108,14-01-2018
1856,286,13892,1334,298,171,11-01-2018
1857,286,20578,602,442,115,02-01-2018
1858,286,19150,1614,25,76,01-01-2018
1859,286,17882,1614,362,138,15-12-2017
1860,286,15903,1454,247,23,29-12-2017
1861,286,9530,928,166,173,05-01-2018
1862,286,18075,1029,444,100,28-12-2017
1863,287,16563,558,420,166,12-02-2016
1864,287,11893,700,145,78,11-02-2016
1865,287,8745,404,180,168,14-02-2016
1866,287,15872,1049,290,67,09-02-2016
1867,287,14329,741,346,56,18-02-2016
1868,287,12599,1432,260,27,15-02-2016
1869,287,6050,426,69,198,10-02-2016
1870,287,21088,944,60,6,13-02-2016
1871,287,16206,351,413,88,08-02-2016
1872,287,8801,769,103,1,07-02-2016
1873,287,13589,1176,243,64,17-02-2016
1874,287,9467,441,385,168,16-02-2016
1875,288,22805,1280,416,138,10-01-2017
1876,288,6835,437,441,56,11-01-2017
1877,288,24544,1090,116,99,01-02-2017
1878,288,10329,1036,334,133,25-01-2017
1879,288,16874,2012,126,55,30-01-2017
1880,288,10315,1165,1,178,08-02-2017
1881,288,21411,873,493,53,18-01-2017
1882,288,11582,580,415,11,08-01-2017
1883,289,24125,2545,448,194,07-03-2017
1884,289,20251,2165,355,22,08-03-2017
1885,289,17003,1119,108,16,06-03-2017
1886,289,19681,621,423,187,23-02-2017
1887,289,16900,1296,273,2,09-03-2017
1888,289,18541,1516,76,20,02-03-2017
1889,289,24983,1562,318,173,24-02-2017
1890,290,17150,1716,98,145,01-12-2017
1891,290,17112,1210,484,186,09-12-2017
1892,290,11377,878,287,72,10-11-2017
1893,290,23857,2156,199,59,09-11-2017
1894,290,24359,1634,389,180,23-11-2017
1895,290,20635,1160,87,90,10-12-2017
1896,291,14885,1256,3,76,29-08-2017
1897,291,23611,1063,104,172,01-08-2017
1898,291,4640,238,404,3,21-08-2017
1899,291,16357,589,302,16,05-08-2017
1900,291,15015,712,95,165,28-08-2017
1901,291,22175,1754,204,146,02-09-2017
1902,291,22587,756,450,78,30-08-2017
1903,291,13464,573,140,15,09-08-2017
1904,291,21157,902,110,68,31-07-2017
1905,292,15115,602,287,56,01-09-2017
1906,292,21076,617,11,86,29-09-2017
1907,292,12092,1248,265,56,06-09-2017
1908,292,8290,647,63,25,01-10-2017
1909,292,8873,620,148,36,02-09-2017
1910,292,18440,1749,224,55,27-09-2017
1911,292,22868,2153,188,23,17-09-2017
1912,292,21280,1962,160,8,20-09-2017
1913,292,23582,2314,184,96,28-08-2017
1914,292,17456,1551,467,177,08-09-2017
1915,292,24883,637,85,64,02-10-2017
1916,292,15036,561,136,175,04-09-2017
1917,292,9693,666,279,68,16-09-2017
1918,292,8441,731,74,46,05-09-2017
1919,293,8192,565,232,70,20-10-2017
1920,293,20325,2408,10,198,22-10-2017
1921,293,21862,631,40,99,03-11-2017
1922,293,9624,901,368,141,05-10-2017
1923,293,21629,453,384,187,28-10-2017
1924,293,10965,1193,402,140,26-10-2017
1925,293,8525,988,182,113,23-10-2017
1926,293,18513,993,295,180,07-10-2017
1927,293,3051,230,370,191,13-10-2017
1928,293,11836,304,62,13,16-10-2017
1929,294,12666,455,279,165,22-11-2016
1930,294,4062,195,379,19,12-12-2016
1931,294,20865,2240,171,102,02-12-2016
1932,294,23424,2134,32,126,09-12-2016
1933,294,8996,1042,452,172,23-11-2016
1934,294,7588,802,360,172,24-11-2016
1935,294,23461,985,291,63,25-11-2016
1936,294,14172,576,374,27,26-11-2016
1937,294,14161,1264,402,157,11-12-2016
1938,294,23721,605,60,142,29-11-2016
1939,294,21516,1173,173,194,08-12-2016
1940,294,16118,1110,152,126,10-12-2016
1941,294,9679,855,143,192,13-11-2016
1942,295,21971,1314,167,179,20-02-2017
1943,295,13834,418,153,196,18-02-2017
1944,295,12411,733,91,10,14-02-2017
1945,295,4180,229,252,27,10-02-2017
1946,295,23052,812,220,9,15-02-2017
1947,296,23277,1974,437,57,04-10-2016
1948,296,9272,217,118,196,03-10-2016
1949,296,22797,1133,221,168,10-10-2016
1950,296,17007,1199,167,179,08-10-2016
1951,296,18457,1028,271,145,02-10-2016
1952,296,20243,622,412,162,30-09-2016
1953,296,22847,1758,339,188,29-09-2016
1954,296,18583,1548,399,120,01-10-2016
1955,296,14039,1289,267,44,12-10-2016
1956,296,19948,2388,29,95,07-10-2016
1957,296,14154,893,408,171,11-10-2016
1958,296,13786,1324,290,13,09-10-2016
1959,296,24363,1811,497,126,06-10-2016
1960,297,5896,164,71,122,26-04-2016
1961,297,14023,938,421,195,29-04-2016
1962,297,22485,615,69,113,30-04-2016
1963,297,5333,170,224,118,24-04-2016
1964,297,10804,1011,355,74,23-04-2016
1965,297,12687,610,124,196,27-04-2016
1966,297,16957,1606,33,78,28-04-2016
1967,297,19904,1672,222,67,25-04-2016
1968,298,24852,707,178,2,07-08-2017
1969,298,11790,621,15,85,04-08-2017
1970,298,15296,1442,82,74,28-07-2017
1971,298,8883,1016,212,98,05-08-2017
1972,298,21619,2427,251,85,31-07-2017
1973,298,19121,615,22,63,20-07-2017
1974,298,22709,2489,343,89,06-08-2017
1975,298,21147,1621,160,6,01-08-2017
1976,298,16761,879,487,153,23-07-2017
1977,298,12925,1530,497,46,26-07-2017
1978,298,13921,689,422,48,21-07-2017
1979,298,3340,69,24,171,25-07-2017
1980,299,8704,624,317,179,13-11-2016
1981,299,17824,480,481,40,15-11-2016
1982,299,5037,488,287,43,16-11-2016
1983,299,14272,320,56,8,14-11-2016
1984,299,20963,725,340,73,09-11-2016
1985,299,7490,838,92,103,10-11-2016
1986,299,10879,841,288,101,12-11-2016
1987,299,3323,97,344,99,11-11-2016
1988,300,8701,327,471,126,29-04-2016
1989,300,20329,1091,88,154,23-04-2016
1990,300,7371,730,34,172,28-04-2016
1991,300,17425,1684,280,148,17-04-2016
1992,300,23905,1374,99,23,08-04-2016
1993,300,24156,1942,453,85,12-04-2016
1994,300,21798,2320,352,3,11-04-2016
1995,300,3220,114,474,186,27-04-2016
1996,300,9167,705,211,51,14-04-2016
1997,300,21436,2300,127,73,25-04-2016
1998,300,15776,1783,181,27,20-04-2016
1999,301,23891,2822,129,141,04-01-2017
2000,301,3730,387,301,16,28-12-2016
2001,301,9769,495,425,123,06-01-2017
2002,301,18487,829,292,91,09-12-2016
2003,301,15258,1672,235,107,15-01-2017
2004,301,22192,692,417,121,26-12-2016
2005,301,11163,946,205,47,10-01-2017
2006,301,19478,1727,75,83,03-01-2017
2007,301,7864,395,448,20,27-12-2016
2008,302,8783,803,145,132,02-11-2017
2009,302,4215,342,335,128,11-11-2017
2010,302,12844,828,26,158,10-11-2017
2011,302,3884,81,101,127,29-10-2017
2012,302,20537,1315,77,154,06-11-2017
2013,303,13595,405,413,43,18-05-2017
2014,303,12583,769,412,99,23-05-2017
2015,303,24049,2698,244,29,31-05-2017
2016,303,24153,1471,194,95,25-05-2017
2017,303,4706,453,237,142,27-05-2017
2018,303,14191,1287,130,131,01-06-2017
2019,303,6989,796,256,31,19-05-2017
2020,303,16419,682,64,134,22-05-2017
2021,304,19873,2271,428,72,05-11-2016
2022,304,14685,1065,499,35,04-11-2016
2023,304,12268,876,66,58,01-11-2016
2024,304,4753,123,32,177,03-11-2016
2025,304,21340,2446,294,123,30-10-2016
2026,304,21949,1413,122,146,25-10-2016
2027,304,17127,1635,28,133,23-10-2016
2028,304,3135,318,494,196,28-10-2016
2029,304,11256,1285,352,115,24-10-2016
2030,304,20224,467,402,96,22-10-2016
2031,304,12620,667,349,124,02-11-2016
2032,304,15221,1594,304,101,26-10-2016
2033,304,21654,1182,476,151,31-10-2016
2034,304,20382,1306,234,26,27-10-2016
2035,304,14236,616,57,76,29-10-2016
2036,305,3276,143,484,136,10-06-2016
2037,305,17446,1254,107,198,08-06-2016
2038,305,22279,1471,189,27,13-06-2016
2039,305,16510,1823,403,74,25-05-2016
2040,305,16660,908,277,189,03-06-2016
2041,305,6943,297,298,128,07-06-2016
2042,305,20798,1394,115,189,04-06-2016
2043,306,4956,490,192,198,07-06-2016
2044,306,12272,1449,441,144,11-06-2016
2045,306,5711,490,80,90,02-06-2016
2046,306,13923,1509,256,113,06-06-2016
2047,306,8396,499,423,6,14-06-2016
2048,306,3039,226,215,16,10-06-2016
2049,306,13642,395,443,50,04-06-2016
2050,306,22463,1687,194,26,09-06-2016
2051,306,13189,653,120,152,08-06-2016
2052,307,20075,2166,211,51,05-11-2017
2053,307,22065,735,213,43,26-10-2017
2054,307,14397,1107,50,149,26-11-2017
2055,307,5275,464,327,56,18-11-2017
2056,307,17829,1613,136,43,06-11-2017
2057,307,15544,806,444,123,02-11-2017
2058,307,7932,434,21,23,16-11-2017
2059,307,5681,257,67,179,29-10-2017
2060,307,19540,399,392,134,01-11-2017
2061,307,4812,193,176,113,21-10-2017
2062,307,9784,555,387,27,24-11-2017
2063,307,12524,1305,362,175,04-11-2017
2064,307,3356,184,340,31,27-10-2017
2065,307,9734,247,321,124,09-11-2017
2066,308,22150,576,91,95,18-08-2016
2067,308,16078,1455,143,37,28-08-2016
2068,308,11357,509,149,161,08-08-2016
2069,308,22789,1621,443,125,03-08-2016
2070,308,13469,355,88,53,04-08-2016
2071,308,19885,535,240,169,25-08-2016
2072,308,5107,361,442,45,26-08-2016
2073,308,9416,742,496,7,13-08-2016
2074,308,18722,1703,256,0,04-09-2016
2075,308,16033,1568,216,170,14-08-2016
2076,308,16542,1978,383,32,11-08-2016
2077,308,4746,461,402,58,31-08-2016
2078,308,24445,2926,18,3,16-08-2016
2079,308,20148,1264,289,137,24-08-2016
2080,309,22803,620,297,68,02-02-2016
2081,309,8124,717,158,127,13-02-2016
2082,309,23267,1167,139,3,22-02-2016
2083,309,15748,676,199,93,01-03-2016
2084,309,5899,279,460,133,08-02-2016
2085,309,22812,2082,487,38,04-02-2016
2086,309,7406,346,444,76,10-02-2016
2087,309,3895,437,370,129,25-02-2016
2088,309,10731,1069,421,146,09-02-2016
2089,309,15226,1369,184,57,26-02-2016
2090,309,23728,524,33,37,04-03-2016
2091,309,18940,2168,265,12,29-02-2016
2092,309,21138,1374,63,79,05-02-2016
2093,309,5629,668,409,16,26-01-2016
2094,309,11379,1309,164,112,03-02-2016
2095,310,12771,431,274,26,27-06-2017
2096,310,6145,458,493,150,22-06-2017
2097,310,13574,1573,390,90,28-06-2017
2098,310,13237,541,253,50,17-06-2017
2099,310,3708,268,67,194,25-06-2017
2100,310,21281,813,375,138,21-06-2017
2101,310,22068,1484,68,150,20-06-2017
2102,310,19078,475,71,155,16-06-2017
2103,310,15993,1662,208,101,23-06-2017
2104,310,9838,261,440,26,18-06-2017
2105,310,14194,681,108,142,24-06-2017
2106,310,9956,635,43,60,19-06-2017
2107,310,16797,1433,36,136,26-06-2017
2108,311,5576,564,271,183,07-10-2016
2109,311,6805,460,74,83,12-11-2016
2110,311,7648,380,490,131,09-11-2016
2111,311,17530,1281,224,153,27-10-2016
2112,311,15408,1516,42,47,03-11-2016
2113,311,4482,335,80,25,13-10-2016
2114,311,7965,501,430,0,14-11-2016
2115,311,16795,1305,318,119,11-10-2016
2116,311,15846,642,450,61,26-10-2016
2117,311,19598,775,157,18,31-10-2016
2118,311,19910,874,236,152,17-10-2016
2119,311,20566,2340,397,98,10-11-2016
2120,312,14969,1579,63,154,05-02-2017
2121,312,11083,1012,337,104,01-02-2017
2122,312,9708,1113,430,145,29-01-2017
2123,312,12609,1254,40,17,08-02-2017
2124,312,8487,281,95,99,02-02-2017
2125,312,23071,2545,87,22,27-01-2017
2126,312,16470,449,79,61,06-02-2017
2127,312,21817,1122,328,35,31-01-2017
2128,312,4991,219,459,91,04-02-2017
2129,312,17850,1905,258,92,07-02-2017
2130,312,14709,1201,374,177,28-01-2017
2131,312,12703,713,319,158,03-02-2017
2132,312,21532,956,304,68,30-01-2017
2133,313,3660,291,412,134,28-07-2016
2134,313,10865,581,341,66,29-07-2016
2135,313,4638,518,62,181,26-07-2016
2136,313,19067,1918,4,127,16-07-2016
2137,313,9218,618,480,180,27-08-2016
2138,313,18092,1300,401,151,18-07-2016
2139,314,7008,253,13,73,10-07-2017
2140,314,14980,1630,483,105,04-07-2017
2141,314,7594,844,413,8,05-07-2017
2142,314,9211,290,60,77,11-07-2017
2143,314,6572,526,362,23,08-07-2017
2144,314,23804,1995,8,132,16-07-2017
2145,314,14419,772,65,113,07-07-2017
2146,314,8794,338,229,64,13-07-2017
2147,314,4267,471,109,8,14-07-2017
2148,314,3998,85,373,110,30-06-2017
2149,314,3674,164,410,192,03-07-2017
2150,314,18703,2083,185,86,06-07-2017
2151,314,7523,798,183,55,15-07-2017
2152,314,21487,577,227,166,02-07-2017
2153,314,23712,1451,37,52,01-07-2017
2154,315,14394,503,179,103,31-07-2016
2155,315,16780,1585,440,158,12-08-2016
2156,315,21886,452,347,177,22-07-2016
2157,315,4448,276,303,101,09-08-2016
2158,315,3676,238,130,132,30-07-2016
2159,315,13521,785,432,170,28-07-2016
2160,315,14013,1397,479,169,04-08-2016
2161,315,6170,404,156,81,02-08-2016
2162,316,7794,646,94,17,13-03-2017
2163,316,14351,1056,278,43,23-02-2017
2164,316,18682,1027,369,141,09-03-2017
2165,316,12836,699,52,113,07-03-2017
2166,316,17204,2037,215,109,24-02-2017
2167,316,5468,570,416,25,28-02-2017
2168,316,15855,751,131,74,02-03-2017
2169,316,8792,639,53,12,03-03-2017
2170,317,9237,986,90,140,05-01-2018
2171,317,4336,158,208,18,26-12-2017
2172,317,11767,1220,275,140,29-12-2017
2173,317,17268,1626,70,28,23-12-2017
2174,317,6059,255,258,190,12-01-2018
2175,317,20958,2059,41,117,19-12-2017
2176,317,23006,2417,300,40,15-01-2018
2177,317,16420,884,79,166,04-01-2018
2178,317,20438,1606,286,74,25-12-2017
2179,318,5740,519,258,157,03-12-2016
2180,318,16606,1725,495,10,10-12-2016
2181,318,3371,310,273,66,01-12-2016
2182,318,8341,268,408,118,14-12-2016
2183,318,15327,1249,290,111,14-11-2016
2184,318,15046,1002,145,119,19-11-2016
2185,318,16166,686,57,48,22-11-2016
2186,318,18449,993,322,88,06-12-2016
2187,318,11829,277,217,139,12-11-2016
2188,319,4595,520,46,26,29-03-2016
2189,319,6832,585,371,143,13-03-2016
2190,319,15208,1037,161,185,19-03-2016
2191,319,9731,311,349,193,17-03-2016
2192,319,9504,238,20,52,14-03-2016
2193,319,13475,1028,354,66,04-04-2016
2194,320,12557,295,358,140,08-06-2017
2195,320,19447,2036,169,2,22-05-2017
2196,320,10632,894,15,160,17-05-2017
2197,320,10910,486,438,37,11-06-2017
2198,320,13307,1208,345,182,16-05-2017
2199,320,20605,2173,365,2,21-05-2017
2200,320,11101,299,122,153,09-06-2017
2201,320,7918,934,442,25,29-05-2017
2202,320,20038,476,18,142,26-05-2017
2203,320,19185,1248,341,150,14-05-2017
2204,320,3892,261,246,6,13-05-2017
2205,320,19763,2195,245,28,04-06-2017
2206,320,9123,358,287,24,10-05-2017
2207,321,11986,979,345,71,24-12-2017
2208,321,18908,888,242,89,21-12-2017
2209,321,11607,837,89,146,18-12-2017
2210,321,13511,1066,169,199,23-12-2017
2211,321,4327,262,377,91,16-12-2017
2212,321,5283,585,326,164,19-12-2017
2213,321,12286,883,371,84,25-12-2017
2214,321,16692,723,175,84,15-12-2017
2215,321,18194,595,238,106,14-12-2017
2216,321,3928,103,29,134,20-12-2017
2217,321,17849,1258,19,94,22-12-2017
2218,321,14680,523,350,188,17-12-2017
2219,322,23315,2572,269,166,14-05-2017
2220,322,11245,1263,88,61,30-04-2017
2221,322,7747,458,134,128,26-04-2017
2222,322,4521,363,423,109,19-04-2017
2223,322,14336,1032,256,93,03-05-2017
2224,322,8731,829,244,125,18-04-2017
2225,322,18269,812,55,68,10-05-2017
2226,322,4229,489,410,10,02-05-2017
2227,322,5339,227,308,58,29-04-2017
2228,322,20710,532,382,58,24-04-2017
2229,322,5626,147,249,138,25-04-2017
2230,322,10374,323,134,92,11-05-2017
2231,322,8100,725,64,116,01-05-2017
2232,322,14720,549,178,184,24-05-2017
2233,323,13229,1158,473,135,06-09-2017
2234,323,12483,1266,107,112,05-09-2017
2235,323,18629,981,436,126,02-09-2017
2236,323,12063,746,70,124,09-09-2017
2237,323,20604,2452,196,100,08-09-2017
2238,323,14292,479,199,99,30-08-2017
2239,323,23787,1446,67,188,31-08-2017
2240,323,17272,1025,395,94,01-09-2017
2241,323,3954,90,129,107,11-09-2017
2242,323,4546,351,41,199,29-08-2017
2243,323,4759,395,423,88,28-08-2017
2244,323,10825,1116,142,183,04-09-2017
2245,323,24350,606,128,31,03-09-2017
2246,323,10491,886,402,25,10-09-2017
2247,324,18773,1721,150,50,22-12-2016
2248,324,9384,866,477,187,23-12-2016
2249,324,11956,684,421,110,26-12-2016
2250,324,24248,1363,28,100,21-12-2016
2251,324,3419,389,494,34,27-12-2016
2252,324,3393,363,22,23,25-12-2016
2253,324,22987,2221,30,128,24-12-2016
2254,324,22413,1067,213,152,20-12-2016
2255,325,8918,800,489,116,31-03-2016
2256,325,22712,2527,382,101,25-03-2016
2257,325,11903,842,357,42,28-03-2016
2258,325,10832,1210,258,85,24-03-2016
2259,325,10232,382,204,68,15-03-2016
2260,325,8877,261,74,96,23-03-2016
2261,325,9838,699,354,89,08-03-2016
2262,325,10558,1116,321,120,27-03-2016
2263,325,5156,129,150,153,04-03-2016
2264,325,18877,1048,36,187,17-03-2016
2265,325,4070,214,290,110,08-04-2016
2266,325,12681,1087,321,108,26-03-2016
2267,325,4361,375,424,198,07-03-2016
2268,325,17596,414,409,182,22-03-2016
2269,326,23823,1948,10,5,04-04-2017
2270,326,6226,696,65,103,03-04-2017
2271,326,12644,282,278,51,31-03-2017
2272,326,6522,331,369,64,28-03-2017
2273,326,13677,1454,432,163,27-03-2017
2274,326,14787,452,172,117,25-03-2017
2275,327,11811,1031,493,53,06-08-2016
2276,327,21832,702,354,157,03-08-2016
2277,327,23675,1974,21,166,04-08-2016
2278,327,3413,114,371,156,01-08-2016
2279,327,20518,570,124,113,09-08-2016
2280,327,5780,583,233,121,10-08-2016
2281,327,5782,137,108,187,31-07-2016
2282,327,15033,1332,348,101,12-08-2016
2283,327,14862,1083,47,69,30-07-2016
2284,327,5074,585,240,187,08-08-2016
2285,327,24752,2639,243,136,11-08-2016
2286,327,18712,1802,230,139,05-08-2016
2287,327,6663,554,106,78,27-07-2016
2288,327,7690,886,340,53,26-07-2016
2289,328,15068,478,417,86,02-04-2016
2290,328,8174,255,58,18,31-03-2016
2291,328,16352,1467,136,67,27-03-2016
2292,328,9050,974,220,114,09-04-2016
2293,328,10338,492,294,22,01-04-2016
2294,328,16460,1620,229,31,07-04-2016
2295,328,17421,1839,118,71,06-04-2016
2296,328,15984,785,276,96,24-03-2016
2297,328,15757,366,45,6,29-03-2016
2298,328,8714,927,183,13,05-04-2016
2299,328,18367,2068,294,92,04-04-2016
2300,328,14094,475,168,76,28-03-2016
2301,328,24729,880,345,21,30-03-2016
2302,328,21471,1489,72,135,26-03-2016
2303,328,20823,685,481,190,03-04-2016
2304,329,13743,670,291,76,14-05-2017
2305,329,12983,1552,463,21,28-04-2017
2306,329,9922,682,479,63,07-05-2017
2307,329,10917,744,327,181,20-05-2017
2308,329,12915,1064,285,185,02-05-2017
2309,329,12662,1452,168,15,13-05-2017
2310,329,7471,637,271,178,14-04-2017
2311,329,17200,748,252,54,16-04-2017
2312,329,14487,372,456,90,25-04-2017
2313,329,21159,1118,125,67,30-04-2017
2314,330,6712,403,98,75,08-11-2017
2315,330,15877,1431,192,120,13-11-2017
2316,330,21680,1332,76,18,25-11-2017
2317,330,14376,1540,96,109,31-10-2017
2318,330,6384,445,142,23,16-11-2017
2319,330,16016,342,356,152,05-11-2017
2320,330,20680,504,119,77,03-11-2017
2321,330,11714,776,388,157,04-11-2017
2322,330,5751,521,394,73,06-11-2017
2323,330,18148,664,93,8,20-11-2017
2324,330,18093,383,214,8,10-11-2017
2325,331,24348,2103,222,3,11-02-2017
2326,331,4506,115,75,26,19-01-2017
2327,331,15846,1113,293,143,18-02-2017
2328,331,17101,1998,235,74,26-01-2017
2329,331,20488,1733,70,149,20-01-2017
2330,331,5518,146,79,70,01-02-2017
2331,331,15311,1162,255,48,03-02-2017
2332,331,15011,901,19,100,05-02-2017
2333,331,20277,1456,69,156,10-02-2017
2334,331,3969,446,367,16,08-02-2017
2335,331,5226,421,248,135,15-02-2017
2336,331,17577,2083,299,168,09-02-2017
2337,331,17243,487,243,4,31-01-2017
2338,331,22741,2291,131,108,30-01-2017
2339,332,24615,1171,387,110,29-05-2017
2340,332,15910,1845,142,103,10-06-2017
2341,332,4823,410,106,159,12-06-2017
2342,332,13311,1278,196,13,04-06-2017
2343,332,15355,462,471,160,11-06-2017
2344,332,22239,879,86,170,20-05-2017
2345,332,10927,554,307,149,31-05-2017
2346,332,7824,739,439,126,21-05-2017
2347,332,24474,2384,337,158,26-05-2017
2348,332,20857,655,304,99,23-05-2017
2349,333,13326,1599,341,7,18-09-2016
2350,333,8494,426,369,104,23-09-2016
2351,333,20725,546,32,57,27-09-2016
2352,333,14079,1377,295,84,30-09-2016
2353,333,15626,1071,184,132,01-10-2016
2354,333,3691,116,351,74,26-09-2016
2355,333,24249,2612,109,102,19-09-2016
2356,333,18606,388,258,199,21-09-2016
2357,333,6459,451,152,132,24-09-2016
2358,334,21084,1494,384,65,24-09-2016
2359,334,24645,2956,89,90,03-10-2016
2360,334,3397,364,381,41,02-11-2016
2361,334,8225,306,467,61,30-10-2016
2362,334,8806,631,421,52,11-10-2016
2363,335,21230,1920,212,86,07-08-2017
2364,335,16788,460,172,152,14-08-2017
2365,335,15931,1371,335,78,08-08-2017
2366,335,13427,461,445,170,09-08-2017
2367,335,6771,740,312,47,10-08-2017
2368,335,6283,183,165,170,11-08-2017
2369,335,11489,1002,108,197,12-08-2017
2370,335,4640,512,270,184,06-08-2017
2371,335,11468,1053,274,190,13-08-2017
2372,336,10522,319,369,98,08-02-2016
2373,336,23980,1642,335,85,04-02-2016
2374,336,5389,323,140,178,14-02-2016
2375,336,11655,1117,299,136,16-02-2016
2376,336,12317,466,59,8,05-02-2016
2377,336,17554,1864,399,123,25-01-2016
2378,336,4990,494,259,18,28-01-2016
2379,336,23527,1837,465,45,12-02-2016
2380,336,5455,505,141,143,11-02-2016
2381,336,10132,1097,273,72,18-02-2016
2382,336,3258,187,132,130,10-02-2016
2383,336,22505,1390,456,20,02-02-2016
2384,336,7631,286,88,65,24-01-2016
2385,336,10072,906,388,111,06-02-2016
2386,336,10489,306,185,139,09-02-2016
2387,337,20372,534,45,107,25-03-2017
2388,337,11258,977,428,26,26-03-2017
2389,337,7512,291,131,82,23-03-2017
2390,337,20526,1956,73,32,27-03-2017
2391,337,18677,690,227,136,24-03-2017
2392,337,6299,357,118,93,19-03-2017
2393,337,18809,2138,19,14,22-03-2017
2394,337,14287,789,167,96,21-03-2017
2395,337,21276,1320,11,45,17-03-2017
2396,338,23514,503,325,104,10-12-2016
2397,338,13667,1505,263,116,17-12-2016
2398,338,3500,306,381,118,18-12-2016
2399,338,17961,982,352,38,16-12-2016
2400,338,24194,2390,58,192,13-12-2016
2401,339,24608,1601,358,186,07-04-2017
2402,339,11240,1230,209,51,17-04-2017
2403,339,17089,1298,497,67,14-04-2017
2404,339,21712,1967,12,61,11-05-2017
2405,339,21313,824,169,52,30-04-2017
2406,339,14857,1208,195,42,07-05-2017
2407,339,19096,1843,324,54,16-04-2017
2408,339,24905,2212,394,171,10-04-2017
2409,339,10683,473,463,162,09-04-2017
2410,339,16760,1109,111,113,23-04-2017
2411,339,22468,1013,331,91,15-04-2017
2412,339,12890,1520,185,111,08-04-2017
2413,339,4808,367,118,150,05-04-2017
2414,339,19548,757,269,127,01-05-2017
2415,340,13021,381,124,81,04-12-2016
2416,340,16903,496,77,58,07-11-2016
2417,340,8409,530,304,3,09-11-2016
2418,340,4863,329,288,177,19-11-2016
2419,340,16161,1398,361,43,14-11-2016
2420,340,7019,308,422,187,21-11-2016
2421,340,10294,613,173,165,08-11-2016
2422,340,21171,747,163,47,09-12-2016
2423,340,12448,1091,435,98,25-11-2016
2424,340,8419,321,1,4,01-12-2016
2425,340,8757,397,135,152,28-11-2016
2426,340,20854,1058,56,140,12-11-2016
2427,340,18320,1376,39,184,24-11-2016
2428,340,19208,475,116,73,22-11-2016
2429,340,13292,684,35,100,26-11-2016
2430,341,9275,530,93,120,14-05-2017
2431,341,15248,1413,83,74,16-05-2017
2432,341,7383,175,106,194,12-05-2017
2433,341,15702,1034,424,185,06-05-2017
2434,341,4099,476,173,65,15-05-2017
2435,341,7527,462,458,50,10-05-2017
2436,341,12509,1064,322,25,13-05-2017
2437,342,7867,269,421,94,04-04-2017
2438,342,19226,901,37,21,06-04-2017
2439,342,23510,1903,62,14,08-04-2017
2440,342,7586,350,459,66,10-04-2017
2441,342,24114,487,417,181,11-04-2017
2442,342,21073,2263,70,21,07-04-2017
2443,343,4584,241,453,182,30-09-2017
2444,343,23209,1563,3,39,21-09-2017
2445,343,12615,521,207,78,22-09-2017
2446,343,13219,582,382,74,02-09-2017
2447,343,12125,661,487,13,02-10-2017
2448,343,5157,210,124,171,27-08-2017
2449,343,24455,1159,202,108,03-09-2017
2450,343,5527,436,106,174,14-09-2017
2451,343,14825,1167,109,29,17-09-2017
2452,343,18467,805,440,178,30-08-2017
2453,344,13223,1074,496,111,02-10-2016
2454,344,14104,1154,406,199,10-10-2016
2455,344,7740,337,223,137,09-10-2016
2456,344,17129,1546,37,12,13-10-2016
2457,344,22856,1809,163,136,04-10-2016
2458,344,23048,2559,251,129,08-10-2016
2459,344,20971,769,141,70,16-10-2016
2460,344,23431,1158,79,187,21-10-2016
2461,344,14001,674,382,156,22-10-2016
2462,344,5873,545,230,41,23-10-2016
2463,344,5568,309,254,1,19-10-2016
2464,344,12453,1141,79,18,28-09-2016
2465,344,16857,1285,309,168,14-10-2016
2466,344,23153,1433,379,181,11-10-2016
2467,344,20787,2352,455,174,07-10-2016
2468,345,20719,2358,419,173,17-11-2016
2469,345,19989,1861,431,79,21-11-2016
2470,345,16850,413,136,186,22-12-2016
2471,345,5762,253,422,142,13-12-2016
2472,345,20117,1635,322,85,08-12-2016
2473,345,10149,285,113,146,01-12-2016
2474,345,17737,1887,271,73,09-12-2016
2475,345,3824,181,435,138,16-11-2016
2476,345,17077,539,396,111,12-12-2016
2477,345,10530,540,451,16,07-12-2016
2478,345,8205,466,391,76,24-12-2016
2479,345,13680,674,329,112,14-12-2016
2480,345,20762,515,202,65,14-11-2016
2481,345,4332,221,358,25,19-11-2016
2482,345,10168,728,18,141,19-12-2016
2483,346,22820,1614,104,9,05-12-2016
2484,346,6760,496,388,81,29-11-2016
2485,346,4031,349,176,186,24-11-2016
2486,346,24022,2635,231,131,25-11-2016
2487,346,20584,1509,311,193,02-12-2016
2488,346,22994,2381,136,12,23-11-2016
2489,346,23122,2055,291,181,16-12-2016
2490,346,16105,1812,126,89,13-12-2016
2491,347,18975,508,72,172,03-01-2018
2492,347,19961,1037,109,127,16-01-2018
2493,347,5373,144,344,43,27-01-2018
2494,347,7064,806,207,178,23-01-2018
2495,347,4099,228,71,55,30-01-2018
2496,348,15513,1533,443,126,07-08-2017
2497,348,22556,697,447,135,05-08-2017
2498,348,23418,1620,224,60,19-08-2017
2499,348,9694,236,309,120,04-08-2017
2500,348,7599,430,211,11,13-08-2017
2501,349,5018,169,158,183,12-01-2016
2502,349,7894,591,128,11,24-01-2016
2503,349,14310,511,398,21,18-01-2016
2504,349,19254,1826,354,154,25-01-2016
2505,349,16468,702,25,113,28-01-2016
2506,349,20392,1568,63,77,20-01-2016
2507,349,18444,975,397,130,15-01-2016
2508,349,17930,1218,243,137,21-01-2016
2509,349,11116,884,166,24,17-01-2016
2510,349,20189,2387,294,79,14-01-2016
2511,349,24074,1304,312,90,26-01-2016
2512,349,9141,383,98,8,27-01-2016
2513,349,11676,1399,158,107,29-01-2016
2514,349,6823,179,211,16,23-01-2016
2515,350,21938,2082,47,192,17-05-2016
2516,350,3319,80,134,21,14-05-2016
2517,350,14800,897,292,185,07-05-2016
2518,350,5019,202,172,168,13-05-2016
2519,350,11952,395,76,137,09-05-2016
2520,350,5252,324,354,84,20-05-2016
2521,350,12406,1191,426,93,19-05-2016
2522,350,17376,1447,338,7,05-05-2016
2523,350,6057,216,147,38,11-05-2016
2524,350,10573,770,164,56,04-05-2016
2525,350,17058,604,200,13,22-05-2016
2526,350,13911,404,86,93,03-05-2016
2527,350,18615,1334,363,81,06-05-2016
2528,350,7822,488,83,180,15-05-2016
2529,350,22823,2694,82,29,08-05-2016
2530,351,17525,1527,488,123,02-07-2016
2531,351,11086,580,169,60,17-06-2016
2532,351,17211,1859,296,39,06-06-2016
2533,351,18699,913,389,172,10-06-2016
2534,351,12641,298,426,0,03-07-2016
2535,351,14279,1378,465,68,04-07-2016
2536,351,19837,749,269,186,24-06-2016
2537,351,19996,722,53,36,07-06-2016
2538,351,21838,1307,417,93,20-06-2016
2539,351,15380,756,431,125,21-06-2016
2540,352,15705,609,90,149,07-05-2016
2541,352,11464,1218,207,161,12-05-2016
2542,352,11485,375,195,188,10-05-2016
2543,352,13490,414,90,9,11-05-2016
2544,352,5069,292,381,91,14-05-2016
2545,352,23516,633,476,123,09-05-2016
2546,353,8839,306,195,131,07-12-2016
2547,353,15583,1609,403,89,22-11-2016
2548,353,19771,2228,376,116,02-12-2016
2549,353,20388,2395,293,170,29-11-2016
2550,353,13474,964,284,9,03-12-2016
2551,353,14169,1014,191,54,27-11-2016
2552,353,14106,1288,295,145,08-12-2016
2553,353,9645,912,421,75,05-12-2016
2554,353,12853,1389,294,5,23-11-2016
2555,354,15960,1515,370,7,16-03-2016
2556,354,19757,2200,23,74,12-03-2016
2557,354,10047,749,499,107,02-03-2016
2558,354,12960,633,375,44,23-03-2016
2559,354,11840,1134,475,26,28-02-2016
2560,354,24221,2840,73,75,11-03-2016
2561,355,23186,606,12,61,21-09-2017
2562,355,24161,794,118,66,25-09-2017
2563,355,23669,2020,57,104,17-09-2017
2564,355,21395,1911,149,65,14-09-2017
2565,355,14879,1645,53,112,12-09-2017
2566,355,20367,2144,464,127,04-10-2017
2567,355,13841,674,25,65,03-10-2017
2568,355,4676,530,249,166,07-10-2017
2569,355,22604,518,180,162,24-09-2017
2570,355,19359,1474,496,25,08-10-2017
2571,355,17550,1248,338,126,18-09-2017
2572,355,23276,1945,99,155,29-09-2017
2573,355,14010,364,139,154,13-09-2017
2574,356,8290,487,398,173,06-06-2017
2575,356,16447,561,420,109,05-05-2017
2576,356,21049,943,366,127,18-05-2017
2577,356,16279,1028,147,91,12-05-2017
2578,356,17173,1745,298,3,21-05-2017
2579,356,8916,516,499,84,09-06-2017
2580,356,20468,771,448,53,04-06-2017
2581,356,7825,780,441,2,27-05-2017
2582,356,19756,1944,226,199,06-05-2017
2583,357,18829,492,445,150,30-10-2017
2584,357,16541,461,380,85,19-10-2017
2585,357,17832,1631,400,75,07-10-2017
2586,357,17884,1635,213,135,18-10-2017
2587,357,4000,270,188,160,10-10-2017
2588,357,9666,1126,71,166,28-10-2017
2589,357,15940,1026,303,160,06-10-2017
2590,357,11896,650,92,55,24-10-2017
2591,357,12396,797,14,51,22-10-2017
2592,357,5286,390,75,73,29-10-2017
2593,357,17749,1646,179,5,11-10-2017
2594,357,9095,196,296,43,14-10-2017
2595,357,4401,462,299,117,04-10-2017
2596,357,4354,345,414,106,25-10-2017
2597,357,19452,1950,236,103,13-10-2017
2598,358,19303,1595,260,58,29-02-2016
2599,358,24373,1833,369,73,26-02-2016
2600,358,8330,730,14,181,09-02-2016
2601,358,3033,311,345,126,25-02-2016
2602,358,24108,2768,320,153,10-02-2016
2603,358,3994,417,130,126,06-02-2016
2604,358,11517,1280,218,162,27-02-2016
2605,358,19162,1654,164,148,18-02-2016
2606,358,23088,1742,172,151,17-02-2016
2607,358,23092,2272,46,118,24-02-2016
2608,358,6250,353,474,40,12-02-2016
2609,358,23219,2698,149,83,19-02-2016
2610,358,7343,756,217,163,02-03-2016
2611,359,24865,2040,182,0,12-11-2017
2612,359,18427,679,407,177,02-11-2017
2613,359,9598,807,83,50,22-11-2017
2614,359,24962,813,179,75,20-11-2017
2615,359,5512,148,79,91,07-11-2017
2616,360,18543,1951,457,20,27-12-2016
2617,360,5287,153,114,155,11-12-2016
2618,360,6639,195,146,46,15-12-2016
2619,360,9292,1024,237,148,01-12-2016
2620,360,12783,566,247,57,26-12-2016
2621,360,18346,1512,470,48,10-12-2016
2622,360,10007,233,392,164,05-12-2016
2623,360,14653,1506,222,149,29-11-2016
2624,360,15918,352,1,25,13-12-2016
2625,360,14341,562,485,39,12-12-2016
2626,360,21078,628,118,3,06-12-2016
2627,360,4220,346,233,94,25-12-2016
2628,361,14098,473,423,121,24-11-2016
2629,361,11623,1044,201,30,04-12-2016
2630,361,11653,1184,47,181,27-11-2016
2631,361,12853,1364,274,0,23-11-2016
2632,361,15987,1697,13,118,29-11-2016
2633,361,15979,1217,83,114,30-11-2016
2634,362,7358,661,189,29,01-07-2017
2635,362,17813,741,391,137,07-07-2017
2636,362,15519,730,366,116,21-06-2017
2637,362,21106,1190,462,148,19-06-2017
2638,362,4096,195,361,178,05-07-2017
2639,362,21254,1762,444,117,03-07-2017
2640,362,14156,1633,76,6,02-07-2017
2641,362,24242,1429,209,114,18-06-2017
2642,362,8289,293,289,114,17-06-2017
2643,362,10035,539,223,12,27-06-2017
2644,362,19818,1597,366,136,20-06-2017
2645,362,22762,906,196,24,08-07-2017
2646,363,10318,656,221,65,14-03-2017
2647,363,10346,349,57,188,19-03-2017
2648,363,20506,480,283,69,16-03-2017
2649,363,5573,477,105,92,10-03-2017
2650,363,3321,343,78,45,22-03-2017
2651,363,10204,565,413,59,18-03-2017
2652,363,16458,924,165,26,23-03-2017
2653,363,10444,376,204,43,08-03-2017
2654,364,24549,2567,253,14,03-03-2016
2655,364,12717,757,376,194,19-02-2016
2656,364,22191,494,273,56,02-03-2016
2657,364,5433,129,443,176,22-02-2016
2658,364,9116,217,161,195,25-02-2016
2659,364,23909,2002,356,55,23-02-2016
2660,364,5253,372,281,82,03-02-2016
2661,364,3142,247,423,3,07-03-2016
2662,364,20573,2097,125,187,27-02-2016
2663,364,19559,1625,406,113,31-01-2016
2664,364,12494,1492,374,126,04-02-2016
2665,364,12879,1089,329,111,28-01-2016
2666,364,5771,312,490,73,15-02-2016
2667,364,18095,657,123,105,28-02-2016
2668,364,24907,2338,81,64,20-02-2016
2669,365,7497,499,103,83,09-05-2016
2670,365,14397,452,229,98,27-04-2016
2671,365,8388,409,11,117,14-05-2016
2672,365,8484,708,80,68,29-04-2016
2673,365,23028,603,427,61,22-04-2016
2674,365,23570,2041,199,179,25-04-2016
2675,365,18814,1977,307,170,11-05-2016
2676,365,20031,652,391,127,30-04-2016
2677,365,13844,1319,77,19,12-05-2016
2678,365,10651,271,169,48,07-05-2016
2679,365,20563,583,498,44,03-05-2016
2680,365,5251,615,406,113,05-05-2016
2681,365,18958,890,319,4,16-05-2016
2682,365,4433,526,88,77,24-04-2016
2683,366,10908,876,365,163,17-01-2018
2684,366,6108,463,246,167,19-01-2018
2685,366,24598,1594,155,35,27-12-2017
2686,366,4482,384,444,90,07-01-2018
2687,366,12789,1118,359,155,23-12-2017
2688,366,4000,134,481,25,24-12-2017
2689,366,22207,481,255,45,11-01-2018
2690,366,21998,2441,176,118,25-12-2017
2691,366,6875,153,104,61,31-12-2017
2692,366,17948,1188,278,44,26-12-2017
2693,366,20443,880,333,159,05-01-2018
2694,366,21051,1956,494,169,15-01-2018
2695,366,15182,535,449,113,18-01-2018
2696,366,19046,1174,93,57,09-01-2018
2697,367,15345,1339,183,91,07-04-2016
2698,367,7204,627,14,58,09-04-2016
2699,367,16892,1698,109,163,06-04-2016
2700,367,5332,488,376,101,15-04-2016
2701,367,10337,1157,276,138,13-04-2016
2702,367,4615,179,373,146,12-04-2016
2703,367,3086,170,7,103,21-04-2016
2704,367,15516,1188,56,113,11-04-2016
2705,367,7173,814,354,7,03-05-2016
2706,367,5118,130,148,185,22-04-2016
2707,367,17381,1241,162,109,18-04-2016
2708,367,20595,1184,350,71,04-04-2016
2709,368,20813,1386,482,81,12-06-2016
2710,368,13514,658,275,13,10-06-2016
2711,368,19026,1467,314,34,07-06-2016
2712,368,3010,124,323,131,06-06-2016
2713,368,7086,614,257,96,17-06-2016
2714,368,11729,961,472,105,13-06-2016
2715,368,20288,874,360,36,08-06-2016
2716,369,21541,1626,364,42,05-10-2017
2717,369,22673,2702,158,108,29-09-2017
2718,369,18339,559,66,19,11-10-2017
2719,369,9419,968,420,173,02-10-2017
2720,369,20604,800,353,92,07-10-2017
2721,369,7851,319,174,28,04-10-2017
2722,369,21967,2293,263,87,09-10-2017
2723,369,4954,377,108,72,01-10-2017
2724,369,13088,1359,344,69,26-09-2017
2725,369,16606,1479,403,163,03-10-2017
2726,369,16970,459,242,180,10-10-2017
2727,369,7679,606,227,42,28-09-2017
2728,369,24577,1001,405,162,30-09-2017
2729,369,9776,848,445,112,25-09-2017
2730,370,3354,112,443,50,24-03-2016
2731,370,14784,518,473,177,29-02-2016
2732,370,12715,277,460,169,26-02-2016
2733,370,18783,1613,350,95,22-02-2016
2734,370,13194,310,169,107,16-03-2016
2735,370,3990,353,463,50,22-03-2016
2736,370,9476,745,96,60,24-02-2016
2737,370,6371,229,448,35,13-03-2016
2738,370,13460,709,289,191,10-03-2016
2739,370,24531,1408,51,106,27-02-2016
2740,371,8708,297,89,24,27-10-2017
2741,371,13334,1513,39,24,13-11-2017
2742,371,15999,1421,266,97,18-11-2017
2743,371,24670,968,86,182,26-10-2017
2744,371,15495,673,3,121,29-10-2017
2745,371,14422,1365,79,175,11-11-2017
2746,371,3573,196,168,130,14-11-2017
2747,371,19494,766,173,87,16-11-2017
2748,371,23227,2683,65,131,22-11-2017
2749,371,18930,1322,144,16,23-11-2017
2750,372,15083,583,166,158,11-11-2016
2751,372,18806,532,375,135,31-10-2016
2752,372,24976,2706,318,146,27-10-2016
2753,372,17794,501,153,100,07-11-2016
2754,372,5887,376,262,22,05-11-2016
2755,372,6886,803,321,181,04-11-2016
2756,372,24305,2146,44,74,29-10-2016
2757,372,7567,488,216,138,24-10-2016
2758,372,13432,1566,14,157,28-10-2016
2759,372,9403,379,260,58,08-11-2016
2760,372,16695,1192,228,37,03-11-2016
2761,373,24926,2740,312,182,16-10-2017
2762,373,18348,574,237,13,06-10-2017
2763,373,21319,2331,16,195,12-10-2017
2764,373,16665,1759,304,78,19-10-2017
2765,373,10738,1094,118,107,04-10-2017
2766,373,12516,1005,224,124,08-10-2017
2767,373,16113,571,153,166,11-10-2017
2768,373,20039,2015,372,11,03-10-2017
2769,373,21896,819,23,124,09-10-2017
2770,373,17328,1670,277,17,14-10-2017
2771,373,18535,864,416,151,18-10-2017
2772,374,24051,630,230,5,18-01-2018
2773,374,18138,2107,384,96,19-01-2018
2774,374,15962,352,209,43,06-01-2018
2775,374,5746,502,487,82,15-01-2018
2776,374,5748,225,495,69,26-01-2018
2777,375,10825,808,371,160,16-01-2018
2778,375,9964,626,442,93,13-01-2018
2779,375,9927,851,495,124,30-12-2017
2780,375,12589,564,193,5,18-01-2018
2781,375,17046,1972,453,13,11-01-2018
2782,375,8315,646,65,34,29-12-2017
2783,375,20318,1967,40,121,12-01-2018
2784,375,19150,1775,136,151,06-01-2018
2785,375,12747,1073,222,16,31-12-2017
2786,375,17012,636,436,24,23-01-2018
2787,375,20367,2203,192,21,20-01-2018
2788,375,21115,995,451,185,07-01-2018
2789,376,16199,768,78,170,31-07-2016
2790,376,21392,1745,66,49,07-08-2016
2791,376,9540,337,262,26,01-08-2016
2792,376,7139,420,260,37,18-07-2016
2793,376,15213,1035,157,135,27-07-2016
2794,376,19918,475,417,81,03-08-2016
2795,376,11621,515,97,180,12-08-2016
2796,376,23873,2861,59,128,29-07-2016
2797,376,3686,214,198,20,02-08-2016
2798,377,17924,1507,354,195,13-03-2016
2799,377,9497,417,265,111,23-03-2016
2800,377,6765,387,106,149,24-03-2016
2801,377,16350,418,449,147,15-03-2016
2802,377,14512,1226,153,81,11-03-2016
2803,377,21452,1745,130,158,21-03-2016
2804,377,20780,1286,269,192,17-03-2016
2805,377,23445,818,293,5,12-03-2016
2806,377,21106,599,308,156,25-03-2016
2807,377,16341,739,152,6,22-03-2016
2808,377,23263,1388,398,46,18-03-2016
2809,377,15888,975,390,85,14-03-2016
2810,378,4999,434,419,175,31-03-2017
2811,378,13170,496,187,21,28-03-2017
2812,378,15492,1354,367,50,13-04-2017
2813,378,16323,803,226,5,12-04-2017
2814,378,6447,762,217,125,30-03-2017
2815,379,23611,1924,186,98,11-02-2016
2816,379,16678,1319,168,2,29-01-2016
2817,379,21209,704,197,29,02-02-2016
2818,379,11225,1199,354,52,15-02-2016
2819,379,22261,1423,485,104,10-02-2016
2820,379,6948,710,118,87,04-02-2016
2821,379,6230,207,428,26,14-02-2016
2822,379,8201,203,472,64,22-02-2016
2823,379,5834,170,390,102,16-02-2016
2824,379,5452,176,173,39,23-02-2016
2825,379,10836,661,441,180,26-01-2016
2826,379,5402,618,146,147,06-02-2016
2827,379,4389,181,486,33,19-02-2016
2828,379,16825,1253,374,78,29-02-2016
2829,380,19807,1977,396,121,25-01-2018
2830,380,16541,1866,440,22,04-01-2018
2831,380,7694,639,477,141,05-02-2018
2832,380,19213,1178,289,46,09-01-2018
2833,380,22073,1926,48,32,13-01-2018
2834,380,7782,814,233,195,29-01-2018
2835,381,4929,477,439,110,23-09-2017
2836,381,14989,1518,289,104,30-09-2017
2837,381,12893,616,314,31,10-10-2017
2838,381,9552,387,106,178,13-09-2017
2839,381,9036,923,474,20,28-09-2017
2840,381,24181,862,284,164,09-10-2017
2841,381,8436,398,305,180,03-10-2017
2842,381,12071,601,186,162,07-10-2017
2843,382,22060,775,162,192,10-02-2016
2844,382,5839,457,159,99,28-01-2016
2845,382,18700,745,244,5,27-01-2016
2846,382,14719,526,51,185,14-02-2016
2847,382,12799,404,250,169,26-01-2016
2848,382,12864,306,353,146,01-02-2016
2849,382,3048,240,432,56,13-02-2016
2850,382,6211,431,285,68,11-02-2016
2851,382,11612,1130,493,181,05-02-2016
2852,382,4684,393,494,15,31-01-2016
2853,383,18567,1412,375,107,27-01-2016
2854,383,21443,1389,137,165,28-01-2016
2855,383,5950,150,122,193,16-02-2016
2856,383,6051,390,315,155,09-02-2016
2857,383,15383,1430,297,126,11-02-2016
2858,384,10998,547,90,113,22-01-2017
2859,384,5788,639,409,183,07-02-2017
2860,384,24821,2639,326,149,10-01-2017
2861,384,3277,350,214,31,05-01-2017
2862,384,7878,739,45,126,31-01-2017
2863,384,17735,1996,344,136,26-01-2017
2864,384,11315,330,306,91,07-01-2017
2865,384,8252,491,26,39,23-01-2017
2866,384,11227,875,439,34,16-01-2017
2867,384,15254,760,377,124,19-01-2017
2868,384,18178,844,41,20,30-01-2017
2869,384,3988,394,56,80,14-02-2017
2870,385,19432,1139,416,112,02-04-2016
2871,385,9349,322,467,145,17-03-2016
2872,385,6513,596,116,94,14-03-2016
2873,385,24252,1633,461,21,26-03-2016
2874,385,23254,1675,243,116,09-03-2016
2875,385,15879,1263,205,75,08-03-2016
2876,385,22879,665,116,11,26-02-2016
2877,385,15824,513,199,154,19-03-2016
2878,385,23314,692,96,87,10-03-2016
2879,385,15212,532,78,75,28-02-2016
2880,386,16733,1528,429,134,18-09-2016
2881,386,3799,247,139,136,11-09-2016
2882,386,8124,884,388,7,21-09-2016
2883,386,13098,1141,174,80,25-09-2016
2884,386,11652,944,79,51,27-09-2016
2885,386,22748,1285,453,117,23-09-2016
2886,386,4316,159,338,143,29-09-2016
2887,386,24397,2310,221,88,19-09-2016
2888,386,21119,2436,9,24,03-10-2016
2889,386,6485,276,116,124,10-09-2016
2890,386,18704,1616,48,41,12-09-2016
2891,386,8945,998,231,126,13-09-2016
2892,387,8874,238,348,123,24-04-2016
2893,387,8088,422,298,104,02-06-2016
2894,387,9036,874,200,1,31-05-2016
2895,387,13887,1001,85,144,09-05-2016
2896,387,23745,1077,283,112,04-05-2016
2897,387,6735,674,391,83,11-05-2016
2898,387,5218,502,85,195,27-05-2016
2899,387,18608,1750,394,30,01-05-2016
2900,387,16588,1647,46,193,22-05-2016
2901,387,21289,1623,215,33,30-04-2016
2902,387,4370,521,94,85,29-05-2016
2903,387,21928,909,309,194,03-05-2016
2904,388,4723,449,340,81,22-03-2016
2905,388,21867,2280,255,117,05-03-2016
2906,388,22439,2683,213,55,15-03-2016
2907,388,9318,363,175,58,09-03-2016
2908,388,16173,543,250,68,17-03-2016
2909,388,18905,381,353,144,07-04-2016
2910,388,24526,779,426,144,28-03-2016
2911,388,23641,951,331,147,25-03-2016
2912,388,18739,873,203,138,13-03-2016
2913,388,4252,146,39,154,04-04-2016
2914,388,12233,789,232,54,26-03-2016
2915,388,6179,318,380,14,07-03-2016
2916,388,10415,1074,443,40,10-03-2016
2917,388,12031,1266,169,93,08-04-2016
2918,388,21495,1390,274,123,29-03-2016
2919,389,3613,214,305,175,18-07-2016
2920,389,10613,372,149,83,17-07-2016
2921,389,10796,1288,279,132,15-07-2016
2922,389,12261,741,296,26,12-07-2016
2923,389,20615,2079,384,186,19-07-2016
2924,389,19348,1893,443,179,13-07-2016
2925,389,20476,1438,327,136,16-07-2016
2926,389,19943,1312,360,110,11-07-2016
2927,389,12312,274,172,117,14-07-2016
2928,390,23464,2163,410,121,17-11-2017
2929,390,13775,1057,320,21,24-11-2017
2930,390,9578,307,178,3,08-12-2017
2931,390,13314,998,207,181,21-11-2017
2932,390,19545,570,132,48,16-11-2017
2933,390,19514,1767,346,26,30-11-2017
2934,390,15321,1361,371,56,26-11-2017
2935,390,5514,305,456,3,01-12-2017
2936,390,9712,993,280,164,22-11-2017
2937,390,23818,752,74,101,28-11-2017
2938,390,4992,234,13,95,20-11-2017
2939,390,7173,828,453,136,05-12-2017
2940,391,6597,156,293,12,12-06-2016
2941,391,18781,936,293,28,30-06-2016
2942,391,22455,840,485,123,16-06-2016
2943,391,10786,817,308,40,28-06-2016
2944,391,4699,365,23,34,23-06-2016
2945,391,13440,1207,91,169,21-06-2016
2946,392,13810,1192,243,177,27-05-2016
2947,392,20502,1219,13,185,28-05-2016
2948,392,15373,1399,250,29,21-05-2016
2949,392,17558,1660,448,62,13-05-2016
2950,392,10109,1193,311,93,26-05-2016
2951,392,10740,926,64,32,15-05-2016
2952,392,17270,1249,159,26,25-05-2016
2953,392,19292,2104,128,13,20-05-2016
2954,392,20605,1873,143,159,23-05-2016
2955,392,15015,323,391,117,11-05-2016
2956,392,10179,419,240,169,22-05-2016
2957,392,19767,1779,132,2,12-05-2016
2958,393,10487,960,64,91,15-10-2017
2959,393,15094,1475,371,32,13-10-2017
2960,393,12048,464,55,137,03-10-2017
2961,393,16927,1735,83,142,25-09-2017
2962,393,22287,2302,226,18,08-09-2017
2963,393,7723,410,410,141,28-09-2017
2964,393,7145,498,336,51,18-09-2017
2965,394,20457,2431,5,17,27-11-2016
2966,394,6286,186,180,15,01-12-2016
2967,394,9704,322,463,115,31-10-2016
2968,394,15897,1821,415,21,30-11-2016
2969,394,16348,731,193,186,03-11-2016
2970,394,14213,1644,11,130,28-11-2016
2971,394,11615,1240,347,161,04-12-2016
2972,394,7326,189,115,164,17-11-2016
2973,394,19041,558,352,103,20-11-2016
2974,394,20478,2278,111,75,03-12-2016
2975,394,3799,105,375,164,28-10-2016
2976,395,11300,843,397,183,29-12-2016
2977,395,13220,1143,175,154,01-01-2017
2978,395,20315,612,332,146,26-12-2016
2979,395,3972,280,489,127,27-12-2016
2980,395,14394,1400,196,120,30-12-2016
2981,395,17776,620,275,25,28-12-2016
2982,396,15357,594,332,190,09-01-2016
2983,396,3825,319,91,38,15-02-2016
2984,396,20781,2133,193,0,07-02-2016
2985,396,13591,891,260,126,02-02-2016
2986,396,18577,1648,325,3,10-01-2016
2987,396,4462,116,353,163,14-02-2016
2988,396,19988,1576,53,179,16-02-2016
2989,397,8162,283,466,175,02-10-2016
2990,397,8129,551,221,82,14-09-2016
2991,397,12341,860,180,151,04-09-2016
2992,397,20291,1642,247,79,06-09-2016
2993,397,6521,739,189,93,03-10-2016
2994,397,13779,391,111,17,10-09-2016
2995,397,11275,462,325,43,01-10-2016
2996,397,23812,1325,109,133,03-09-2016
2997,397,15425,972,174,18,01-09-2016
2998,397,19161,498,167,171,07-09-2016
2999,397,16224,732,456,141,15-09-2016
3000,397,13273,741,491,98,02-09-2016
3001,397,15039,940,399,45,30-09-2016
3002,398,10905,840,224,145,09-02-2017
3003,398,7194,807,266,170,14-02-2017
3004,398,13961,1607,115,157,13-02-2017
3005,398,17416,1153,187,46,28-01-2017
3006,398,8417,499,142,79,12-02-2017
3007,398,8223,827,329,97,05-02-2017
3008,398,15367,1324,199,22,10-02-2017
3009,398,20603,2173,437,124,11-02-2017
3010,398,11261,1060,357,108,08-02-2017
3011,398,20313,1412,192,169,04-02-2017
3012,398,3429,185,104,103,30-01-2017
3013,398,12179,864,356,160,26-01-2017
3014,399,13679,808,219,183,15-05-2017
3015,399,17824,540,30,54,22-05-2017
3016,399,21227,1849,455,4,10-05-2017
3017,399,7177,738,411,12,12-05-2017
3018,399,10572,860,116,3,29-04-2017
3019,400,21647,1160,388,12,03-10-2016
3020,400,17194,1193,98,177,11-10-2016
3021,400,8508,887,346,124,12-10-2016
3022,400,10822,314,332,10,08-10-2016
3023,400,4125,411,405,144,09-10-2016
3024,400,7326,614,337,65,07-10-2016
3025,400,23947,1515,31,57,02-10-2016
3026,400,20380,477,201,122,28-09-2016
3027,400,16110,1868,252,37,04-10-2016
3028,400,16884,784,482,103,30-09-2016
3029,400,24311,936,237,11,06-10-2016
3030,401,16668,1419,106,34,12-03-2016
3031,401,15089,1633,484,0,23-03-2016
3032,401,6205,324,431,175,15-03-2016
3033,401,11589,725,398,80,09-03-2016
3034,401,15267,1761,100,173,16-04-2016
3035,401,3072,300,67,62,16-03-2016
3036,401,10160,1041,226,46,05-04-2016
3037,402,14972,652,93,160,12-04-2016
3038,402,10020,747,305,199,05-05-2016
3039,402,21904,2237,115,132,16-04-2016
3040,402,4632,192,349,89,13-04-2016
3041,402,11862,414,306,159,15-04-2016
3042,402,3451,281,336,167,02-05-2016
3043,402,19122,2204,420,112,08-05-2016
3044,402,14479,652,66,69,07-05-2016
3045,402,12240,1108,178,85,29-04-2016
3046,402,23126,1581,18,116,26-04-2016
3047,402,10862,315,360,42,30-04-2016
3048,403,6596,436,412,22,12-02-2017
3049,403,17004,1529,88,187,18-02-2017
3050,403,14265,1603,341,28,06-02-2017
3051,403,14218,297,139,91,23-02-2017
3052,403,5562,295,424,92,10-02-2017
3053,403,24188,2003,383,142,11-02-2017
3054,404,3578,98,182,169,02-01-2017
3055,404,9675,742,160,72,03-01-2017
3056,404,21697,2565,138,135,07-01-2017
3057,404,11898,414,76,94,27-12-2016
3058,404,23082,1270,122,105,04-01-2017
3059,404,13105,1563,137,111,31-12-2016
3060,404,9348,340,75,62,08-01-2017
3061,404,6540,472,279,197,28-12-2016
3062,404,14769,613,243,135,26-12-2016
3063,404,19408,1137,261,179,05-01-2017
3064,404,9088,325,96,170,30-12-2016
3065,404,21036,2143,465,175,01-01-2017
3066,404,12450,1333,107,34,29-12-2016
3067,404,23932,2807,459,103,09-01-2017
3068,404,14453,1488,437,30,10-01-2017
3069,405,19362,413,343,162,09-12-2016
3070,405,18040,1021,482,38,07-12-2016
3071,405,16782,511,42,75,12-12-2016
3072,405,16884,1846,376,184,04-12-2016
3073,405,14732,942,483,167,08-12-2016
3074,406,24833,528,231,198,27-08-2017
3075,406,11653,1209,120,189,14-08-2017
3076,406,16713,1301,217,87,08-08-2017
3077,406,5316,337,412,122,24-08-2017
3078,406,4230,477,373,67,20-08-2017
3079,406,12907,1280,105,57,16-08-2017
3080,406,20492,2300,85,54,04-08-2017
3081,406,22138,683,255,183,01-09-2017
3082,406,20721,1764,224,107,02-09-2017
3083,406,10749,638,324,18,03-09-2017
3084,406,4319,420,33,104,21-08-2017
3085,406,11884,502,77,188,31-08-2017
3086,406,5802,531,64,100,30-07-2017
3087,407,9822,337,462,113,28-03-2016
3088,407,13770,1550,450,6,22-03-2016
3089,407,17928,1681,305,152,24-03-2016
3090,407,19975,1989,20,14,02-04-2016
3091,407,13487,373,157,122,29-03-2016
3092,408,9138,766,350,149,10-05-2016
3093,408,21038,1447,265,3,29-04-2016
3094,408,23265,668,252,6,28-04-2016
3095,408,8851,815,119,124,01-05-2016
3096,408,3123,292,62,166,14-05-2016
3097,408,16613,1697,82,8,23-04-2016
3098,408,11362,1236,257,188,04-05-2016
3099,408,13074,372,101,16,03-05-2016
3100,408,7976,166,99,4,13-05-2016
3101,408,17384,2000,205,19,25-04-2016
3102,408,14597,1532,74,5,24-04-2016
3103,408,8409,980,463,27,07-05-2016
3104,408,11472,477,449,107,30-04-2016
3105,408,15363,1840,205,21,09-05-2016
3106,409,11695,1291,172,182,19-02-2017
3107,409,22112,2470,414,56,28-02-2017
3108,409,6879,766,346,153,20-02-2017
3109,409,8900,1056,13,12,23-02-2017
3110,409,7569,627,423,118,26-02-2017
3111,409,6239,748,422,2,17-02-2017
3112,409,11748,1120,390,31,16-02-2017
3113,409,10336,793,245,137,18-02-2017
3114,409,13615,657,331,69,22-02-2017
3115,410,20373,1954,82,13,13-08-2016
3116,410,15026,578,73,185,19-07-2016
3117,410,14932,433,306,97,16-08-2016
3118,410,17692,434,479,105,17-07-2016
3119,410,5163,181,338,195,09-08-2016
3120,410,23981,1571,189,113,17-08-2016
3121,410,18478,381,493,145,08-08-2016
3122,410,10573,849,304,76,16-07-2016
3123,410,19286,1621,79,130,01-08-2016
3124,410,13278,709,100,112,02-08-2016
3125,411,9820,727,313,65,03-03-2017
3126,411,12581,1155,41,93,06-03-2017
3127,411,6011,217,64,181,27-02-2017
3128,411,14277,460,444,150,28-02-2017
3129,411,8462,829,212,29,24-02-2017
3130,411,18432,1858,332,152,02-03-2017
3131,411,15325,1297,410,116,14-03-2017
3132,411,12771,580,382,59,09-03-2017
3133,411,24169,2165,371,186,07-03-2017
3134,411,10306,305,391,190,12-03-2017
3135,411,19923,894,125,22,25-02-2017
3136,411,18202,1363,291,118,04-03-2017
3137,411,16997,953,435,154,10-03-2017
3138,411,19868,846,354,89,13-03-2017
3139,411,4600,281,363,178,26-02-2017
3140,412,24314,2615,450,78,21-10-2017
3141,412,21486,1367,73,134,02-11-2017
3142,412,4296,261,259,19,30-10-2017
3143,412,12119,1274,455,48,25-10-2017
3144,412,14905,521,135,154,29-10-2017
3145,412,7032,523,483,81,23-10-2017
3146,412,4626,389,499,11,01-11-2017
3147,412,15129,1098,67,105,28-10-2017
3148,412,9799,1122,377,182,27-10-2017
3149,412,22629,922,127,67,26-10-2017
3150,412,23483,2719,74,10,22-10-2017
3151,412,18346,1303,164,49,24-10-2017
3152,412,20504,1488,26,172,31-10-2017
3153,413,15780,1096,378,181,27-01-2017
3154,413,11068,902,413,103,26-01-2017
3155,413,15554,634,186,167,20-01-2017
3156,413,13946,390,459,173,03-02-2017
3157,413,6887,160,439,95,31-01-2017
3158,413,11337,911,402,9,11-02-2017
3159,413,22843,2045,419,47,05-02-2017
3160,413,22804,2438,181,94,30-01-2017
3161,413,21559,767,7,157,24-01-2017
3162,413,22586,1343,74,59,02-02-2017
3163,413,19064,2194,0,127,10-02-2017
3164,413,9497,1030,283,171,09-02-2017
3165,414,17420,1046,160,98,15-05-2016
3166,414,12121,621,285,129,11-05-2016
3167,414,17093,1872,0,6,07-05-2016
3168,414,17787,1037,485,91,08-05-2016
3169,414,11905,1256,491,87,12-05-2016
3170,414,20446,1614,208,61,13-05-2016
3171,414,15494,798,180,132,06-05-2016
3172,414,18737,399,220,70,14-05-2016
3173,414,24319,2335,385,39,10-05-2016
3174,414,21064,580,351,80,09-05-2016
3175,415,23771,1074,368,50,02-12-2017
3176,415,16547,1614,295,157,08-12-2017
3177,415,12492,341,412,162,10-12-2017
3178,415,19833,1458,262,56,04-12-2017
3179,415,3266,345,467,5,01-12-2017
3180,415,3033,93,23,41,05-12-2017
3181,415,6232,421,61,198,03-12-2017
3182,416,12877,727,135,169,23-05-2016
3183,416,15022,756,168,190,16-05-2016
3184,416,3496,319,177,158,22-05-2016
3185,416,14592,631,85,154,14-05-2016
3186,416,5831,121,25,23,20-05-2016
3187,416,22986,1164,261,163,13-05-2016
3188,416,11260,976,411,67,15-05-2016
3189,416,4704,487,185,47,19-05-2016
3190,416,12667,748,5,199,18-05-2016
3191,416,6485,278,242,87,21-05-2016
3192,417,11235,869,321,176,01-07-2017
3193,417,7353,769,474,94,29-06-2017
3194,417,8147,238,143,1,04-06-2017
3195,417,4590,536,489,74,22-06-2017
3196,417,9298,313,120,145,09-06-2017
3197,417,6714,778,267,180,12-06-2017
3198,417,5620,223,374,169,30-06-2017
3199,417,7327,645,155,136,18-06-2017
3200,417,24587,1167,445,71,26-06-2017
3201,417,14419,701,204,54,10-06-2017
3202,417,11862,1360,306,164,20-06-2017
3203,417,22422,636,75,72,15-06-2017
3204,417,6509,669,214,39,17-06-2017
3205,417,21586,666,411,154,25-06-2017
3206,418,16964,1097,117,127,03-04-2017
3207,418,9445,284,473,157,16-04-2017
3208,418,10667,409,127,111,20-04-2017
3209,418,10949,254,489,96,13-04-2017
3210,418,11045,247,460,117,07-04-2017
3211,418,22632,641,162,178,06-04-2017
3212,418,5391,190,499,5,31-03-2017
3213,419,5684,605,277,52,11-02-2017
3214,419,24689,2313,378,74,21-02-2017
3215,419,3208,173,459,140,25-02-2017
3216,419,4611,248,346,122,03-02-2017
3217,419,18183,1112,272,61,28-01-2017
3218,419,15973,1866,181,80,25-01-2017
3219,419,5928,523,247,58,19-02-2017
3220,419,22456,1259,449,155,16-02-2017
3221,419,22163,524,156,81,23-02-2017
3222,419,10793,1268,176,7,14-02-2017
3223,420,7370,495,76,46,11-06-2017
3224,420,8548,218,374,197,26-05-2017
3225,420,20159,2137,373,8,30-05-2017
3226,420,19971,1119,284,91,09-06-2017
3227,420,5595,165,11,161,07-06-2017
3228,420,17949,1600,289,5,10-06-2017
3229,420,6991,481,355,9,29-05-2017
3230,420,15791,1239,110,6,08-06-2017
3231,421,6709,459,372,140,12-02-2017
3232,421,12886,426,449,102,05-02-2017
3233,421,19858,1664,150,3,17-02-2017
3234,421,22703,1899,85,53,18-02-2017
3235,421,5278,567,450,11,10-02-2017
3236,421,21406,2105,494,125,31-01-2017
3237,421,19935,2266,323,151,19-02-2017
3238,421,16835,1990,140,169,01-02-2017
3239,421,14890,1305,459,95,03-02-2017
3240,421,17936,1137,467,15,02-02-2017
3241,421,15315,1299,345,132,25-01-2017
3242,421,18374,1925,343,100,04-02-2017
3243,421,12361,399,438,191,11-02-2017
3244,422,11981,1088,240,122,12-09-2016
3245,422,14798,1721,435,154,13-09-2016
3246,422,8295,266,405,178,01-10-2016
3247,422,11494,1032,121,80,08-09-2016
3248,422,6933,319,306,181,17-09-2016
3249,422,6058,162,453,64,23-09-2016
3250,422,24738,605,281,181,15-09-2016
3251,422,5546,114,34,191,19-09-2016
3252,422,12273,717,403,135,25-09-2016
3253,422,24797,953,4,128,16-09-2016
3254,422,9656,943,369,93,26-09-2016
3255,422,7314,792,127,139,07-09-2016
3256,423,15648,520,367,167,24-12-2017
3257,423,24804,1116,82,180,16-12-2017
3258,423,17209,1186,89,147,14-01-2018
3259,423,24393,2864,407,142,12-12-2017
3260,423,15509,650,11,84,17-12-2017
3261,423,12369,764,371,119,13-12-2017
3262,423,14545,1727,450,139,02-01-2018
3263,423,20530,956,265,185,01-01-2018
3264,423,18956,1292,252,59,08-12-2017
3265,424,20768,2003,27,136,02-04-2016
3266,424,19746,947,358,9,09-04-2016
3267,424,19633,761,97,190,30-03-2016
3268,424,12877,491,248,75,18-03-2016
3269,424,12689,1402,466,195,16-03-2016
3270,425,23476,2495,357,32,30-09-2017
3271,425,23299,1156,464,44,04-10-2017
3272,425,12285,383,426,54,27-09-2017
3273,425,15105,427,308,190,22-09-2017
3274,425,8414,495,17,73,11-10-2017
3275,425,13568,1315,20,118,08-10-2017
3276,425,12651,533,102,195,20-09-2017
3277,425,9210,666,99,9,03-10-2017
3278,425,18601,1881,332,63,01-10-2017
3279,425,12590,847,138,7,07-10-2017
3280,425,24288,1711,430,155,21-09-2017
3281,425,9774,499,341,138,02-10-2017
3282,425,20832,1181,179,81,09-10-2017
3283,425,12765,1400,217,110,12-10-2017
3284,425,24325,1618,449,86,16-09-2017
3285,426,14286,617,187,37,17-08-2017
3286,426,19626,2115,62,61,25-07-2017
3287,426,4655,127,60,154,01-08-2017
3288,426,12199,1030,488,8,14-08-2017
3289,426,9811,667,232,20,02-09-2017
3290,426,9167,501,233,4,29-08-2017
3291,427,9741,741,147,41,29-03-2016
3292,427,12508,1153,282,69,14-04-2016
3293,427,12737,1287,407,35,25-03-2016
3294,427,16083,703,404,193,17-04-2016
3295,427,22214,1988,418,34,11-04-2016
3296,427,21604,1154,416,133,08-04-2016
3297,427,3103,170,275,73,27-04-2016
3298,428,18102,990,454,40,11-02-2016
3299,428,3935,257,6,149,22-01-2016
3300,428,23385,1619,274,196,06-02-2016
3301,428,4158,338,81,42,01-02-2016
3302,428,22937,2644,256,52,26-01-2016
3303,428,4913,180,354,178,09-02-2016
3304,428,12118,552,297,43,21-01-2016
3305,428,12894,985,266,7,19-01-2016
3306,428,5248,208,50,39,18-01-2016
3307,428,5087,386,295,8,25-01-2016
3308,428,20977,2229,178,169,16-02-2016
3309,428,4408,247,134,174,31-01-2016
3310,428,17722,1644,211,166,20-01-2016
3311,428,17373,726,254,20,10-02-2016
3312,429,23622,1404,423,114,16-11-2016
3313,429,3760,295,338,32,20-11-2016
3314,429,7537,488,484,24,13-11-2016
3315,429,24153,1541,372,121,22-11-2016
3316,429,19558,446,154,157,09-11-2016
3317,429,19840,882,200,19,12-11-2016
3318,429,21822,1952,43,164,18-11-2016
3319,429,5586,202,345,135,14-11-2016
3320,429,3818,378,255,124,07-11-2016
3321,429,20843,902,240,86,23-11-2016
3322,430,12744,273,350,140,19-09-2016
3323,430,23591,2391,259,161,23-09-2016
3324,430,19859,2280,220,191,24-09-2016
3325,430,4152,130,7,172,06-09-2016
3326,430,5027,425,52,50,07-09-2016
3327,430,6369,511,499,118,25-09-2016
3328,430,3793,162,141,33,27-09-2016
3329,431,6549,276,374,89,29-08-2016
3330,431,6499,195,285,181,17-08-2016
3331,431,9701,392,279,168,06-09-2016
3332,431,15943,1620,223,188,14-08-2016
3333,431,16042,1760,427,113,20-08-2016
3334,431,3642,421,77,186,01-09-2016
3335,431,21476,1172,476,153,22-08-2016
3336,431,15127,1249,248,2,28-08-2016
3337,431,24181,2278,383,171,07-08-2016
3338,432,15778,1378,388,155,11-06-2017
3339,432,16668,1722,119,161,20-06-2017
3340,432,20183,2007,274,194,17-06-2017
3341,432,23393,1626,64,23,22-06-2017
3342,432,6534,326,340,30,21-06-2017
3343,432,20606,2262,105,106,19-06-2017
3344,432,4960,475,339,183,13-06-2017
3345,432,15751,1664,317,64,12-06-2017
3346,432,24383,2835,458,59,14-06-2017
3347,433,17752,1588,105,184,28-09-2016
3348,433,3897,459,274,76,16-09-2016
3349,433,3650,413,432,98,14-09-2016
3350,433,20974,687,168,90,20-09-2016
3351,433,4183,343,193,134,01-10-2016
3352,433,23316,936,89,96,19-09-2016
3353,433,13796,1552,185,132,30-09-2016
3354,433,22478,1882,390,154,06-10-2016
3355,433,19241,620,0,68,26-09-2016
3356,433,8742,871,375,36,15-09-2016
3357,433,9903,846,164,8,29-09-2016
3358,433,23404,1880,441,70,02-10-2016
3359,433,17205,506,30,149,17-09-2016
3360,434,10008,993,49,23,07-02-2017
3361,434,19161,1429,379,57,21-01-2017
3362,434,7669,695,428,34,15-01-2017
3363,434,10630,733,324,134,12-02-2017
3364,434,8812,970,75,48,11-02-2017
3365,434,6786,506,31,59,14-02-2017
3366,434,10545,277,406,51,04-02-2017
3367,434,20626,939,35,5,30-01-2017
3368,434,11008,1074,365,187,15-02-2017
3369,434,7750,730,143,185,28-01-2017
3370,434,18483,1688,311,186,05-02-2017
3371,434,10970,769,324,145,26-01-2017
3372,434,6557,270,38,181,19-02-2017
3373,434,22449,1999,126,171,29-01-2017
3374,434,15214,1730,180,13,10-02-2017
3375,435,7386,198,472,146,15-12-2017
3376,435,21518,1733,99,47,18-12-2017
3377,435,24894,662,242,193,21-12-2017
3378,435,18506,573,270,39,12-12-2017
3379,435,7653,572,491,92,13-12-2017
3380,435,3845,219,362,13,11-12-2017
3381,435,4334,279,145,137,17-12-2017
3382,436,10389,950,227,91,16-11-2016
3383,436,7882,713,26,123,21-11-2016
3384,436,15834,747,207,164,10-11-2016
3385,436,5128,608,199,170,17-11-2016
3386,436,15723,1830,243,65,13-11-2016
3387,436,9017,475,312,98,03-11-2016
3388,436,17294,415,225,129,19-11-2016
3389,436,18730,472,368,60,06-11-2016
3390,436,12828,749,268,182,20-11-2016
3391,436,8471,530,139,65,12-11-2016
3392,436,24473,2333,94,108,15-11-2016
3393,436,22904,595,87,88,04-11-2016
3394,436,18655,1429,469,185,18-11-2016
3395,436,3083,88,160,32,05-11-2016
3396,436,21637,2501,101,78,11-11-2016
3397,437,13754,1534,213,189,11-01-2018
3398,437,4270,494,447,96,26-01-2018
3399,437,18267,1600,172,55,07-01-2018
3400,437,15629,1462,458,98,04-01-2018
3401,437,7596,501,158,40,19-01-2018
3402,437,21707,1970,70,34,10-01-2018
3403,437,17701,1298,412,86,31-01-2018
3404,438,7291,540,130,125,23-09-2017
3405,438,16089,413,351,163,28-09-2017
3406,438,9436,815,97,53,05-10-2017
3407,438,19266,1472,12,39,04-10-2017
3408,438,21020,1273,167,31,01-10-2017
3409,438,17527,560,227,196,27-09-2017
3410,438,19465,528,30,144,29-09-2017
3411,438,24095,2745,188,165,25-09-2017
3412,438,5370,632,252,187,26-09-2017
3413,438,24304,827,173,68,02-10-2017
3414,438,10265,990,85,95,30-09-2017
3415,438,22183,1628,35,24,24-09-2017
3416,439,3965,306,456,137,25-12-2017
3417,439,24316,1802,163,86,11-01-2018
3418,439,3278,168,57,77,20-12-2017
3419,439,9848,849,421,129,07-01-2018
3420,439,5075,529,283,38,10-01-2018
3421,439,4864,300,183,104,23-12-2017
3422,439,8647,1002,79,55,21-12-2017
3423,439,7571,896,378,76,26-12-2017
3424,439,10062,591,270,192,16-01-2018
3425,439,6934,492,160,156,08-01-2018
3426,439,5577,165,159,12,29-12-2017
3427,440,9067,546,379,172,03-12-2016
3428,440,14949,726,490,150,02-12-2016
3429,440,22970,2704,299,198,06-12-2016
3430,440,4166,122,473,82,04-12-2016
3431,440,15236,625,275,161,01-12-2016
3432,440,23804,2679,75,13,28-11-2016
3433,440,3747,444,488,30,30-11-2016
3434,440,13104,460,183,148,29-11-2016
3435,441,3687,244,393,100,19-08-2016
3436,441,3955,210,2,175,15-08-2016
3437,441,20664,958,38,102,16-08-2016
3438,441,6043,724,333,148,12-08-2016
3439,441,16739,439,467,122,13-08-2016
3440,441,3086,87,412,154,18-08-2016
3441,441,14779,1498,422,22,14-08-2016
3442,441,23263,950,474,143,21-08-2016
3443,441,23610,805,148,5,20-08-2016
3444,441,17485,1340,361,189,17-08-2016
3445,442,21238,1913,318,45,03-05-2016
3446,442,14788,807,207,166,06-05-2016
3447,442,3810,157,18,44,26-04-2016
3448,442,3569,121,247,66,01-05-2016
3449,442,20797,1328,138,47,02-05-2016
3450,442,11534,752,403,106,30-04-2016
3451,442,11772,981,247,113,28-04-2016
3452,442,3707,213,141,184,27-04-2016
3453,442,22563,2354,488,185,05-05-2016
3454,442,15908,903,166,74,29-04-2016
3455,442,16189,1095,422,198,04-05-2016
3456,442,3184,261,281,97,24-04-2016
3457,443,10352,869,375,102,30-03-2017
3458,443,9574,826,309,123,21-03-2017
3459,443,15849,1114,90,63,07-04-2017
3460,443,18359,2014,446,180,03-04-2017
3461,443,16225,538,69,67,01-04-2017
3462,443,7748,306,414,160,18-03-2017
3463,443,16468,1346,498,34,22-03-2017
3464,444,22094,1019,187,29,09-06-2017
3465,444,20374,1882,466,152,13-06-2017
3466,444,9211,288,377,133,22-06-2017
3467,444,20866,2376,259,107,23-06-2017
3468,444,6675,290,364,167,15-06-2017
3469,444,10578,648,182,187,12-06-2017
3470,444,22798,1946,227,170,17-06-2017
3471,444,13639,452,98,139,25-06-2017
3472,444,7454,177,91,6,14-06-2017
3473,444,19507,1943,196,94,20-06-2017
3474,445,18234,1619,485,58,18-04-2017
3475,445,6758,713,364,35,05-05-2017
3476,445,16880,1743,335,118,12-05-2017
3477,445,16379,1867,404,61,28-05-2017
3478,445,12509,1304,351,154,06-05-2017
3479,445,20849,1034,444,158,29-04-2017
3480,445,6681,183,132,137,18-05-2017
3481,445,18304,1675,320,81,27-04-2017
3482,445,19517,538,102,149,02-05-2017
3483,445,21338,615,178,144,10-05-2017
3484,445,9953,816,382,23,01-05-2017
3485,445,9801,934,249,47,04-05-2017
3486,445,6262,455,117,8,03-05-2017
3487,445,18071,778,362,131,23-05-2017
3488,445,11490,1221,202,45,19-04-2017
3489,446,9007,644,180,49,20-12-2016
3490,446,6643,149,258,29,09-12-2016
3491,446,13653,1052,150,192,16-12-2016
3492,446,7150,594,50,39,10-12-2016
3493,446,22890,1318,19,70,13-12-2016
3494,446,13162,1120,229,90,19-12-2016
3495,447,20121,910,187,158,13-11-2016
3496,447,6276,677,222,33,14-11-2016
3497,447,16902,1315,369,16,10-11-2016
3498,447,12675,461,90,59,16-11-2016
3499,447,9699,794,135,78,11-12-2016
3500,447,12820,1350,488,81,11-11-2016
3501,447,10683,394,391,166,18-11-2016
3502,447,8016,410,458,98,01-12-2016
3503,447,10537,628,323,150,19-11-2016
3504,447,4030,423,173,137,15-11-2016
3505,447,14513,430,370,150,03-11-2016
3506,447,21475,1893,315,119,05-12-2016
3507,448,11939,1363,488,4,20-08-2016
3508,448,8105,483,287,57,21-08-2016
3509,448,3886,179,17,78,09-08-2016
3510,448,14948,362,151,106,15-08-2016
3511,448,6411,590,97,158,03-08-2016
3512,449,8910,344,89,106,29-07-2016
3513,449,16933,1470,55,86,01-08-2016
3514,449,14552,900,24,121,06-08-2016
3515,449,24447,1305,497,58,28-07-2016
3516,449,7819,635,392,41,27-07-2016
3517,450,14552,481,497,35,18-08-2017
3518,450,6756,517,413,133,02-08-2017
3519,450,18106,556,88,11,14-08-2017
3520,450,14388,1186,50,180,10-08-2017
3521,450,7345,239,321,191,04-08-2017
3522,450,18005,2102,166,152,24-07-2017
3523,450,17961,690,223,156,07-08-2017
3524,451,15308,323,24,154,02-01-2018
3525,451,23667,2499,458,142,21-01-2018
3526,451,19483,1765,14,73,20-01-2018
3527,451,21212,1980,350,5,15-01-2018
3528,451,13783,560,475,8,01-01-2018
3529,451,16635,996,143,95,24-01-2018
3530,451,12997,862,353,35,26-01-2018
3531,451,16763,757,63,95,27-01-2018
3532,451,19945,1115,370,40,14-01-2018
3533,451,17458,920,224,169,04-01-2018
3534,451,5859,299,270,17,19-01-2018
3535,451,18035,1370,465,26,31-12-2017
3536,452,22621,1745,389,21,13-09-2017
3537,452,24067,2626,97,166,26-09-2017
3538,452,6848,407,24,50,24-09-2017
3539,452,14798,637,186,196,19-09-2017
3540,452,21925,1897,457,106,17-09-2017
3541,452,5283,231,426,149,16-10-2017
3542,452,3941,239,368,60,14-09-2017
3543,452,13732,1641,294,123,17-10-2017
3544,452,21525,2577,481,96,21-09-2017
3545,452,19826,2104,411,22,02-10-2017
3546,452,23311,977,337,140,23-09-2017
3547,452,16712,2001,480,180,30-09-2017
3548,452,11421,1307,76,190,19-10-2017
3549,453,16163,555,188,114,29-09-2016
3550,453,18894,1986,66,29,23-10-2016
3551,453,22740,1552,277,45,11-10-2016
3552,453,18900,1403,119,150,06-10-2016
3553,453,10541,703,166,146,25-10-2016
3554,453,21125,2409,389,188,16-10-2016
3555,453,24449,1141,355,89,27-10-2016
3556,453,24747,1749,437,111,09-10-2016
3557,454,21066,1543,15,46,26-12-2016
3558,454,17264,929,406,82,22-12-2016
3559,454,7055,387,422,70,25-12-2016
3560,454,4510,332,266,1,21-12-2016
3561,454,20010,701,178,49,19-12-2016
3562,454,4607,470,479,126,24-12-2016
3563,454,16381,1695,388,32,23-12-2016
3564,454,16700,388,131,156,28-12-2016
3565,454,23403,591,359,17,20-12-2016
3566,454,6358,416,355,123,27-12-2016
3567,455,11976,267,423,113,13-08-2016
3568,455,3588,365,453,131,10-08-2016
3569,455,14226,1049,30,183,09-08-2016
3570,455,17530,930,113,93,16-08-2016
3571,455,19820,937,285,62,18-08-2016
3572,455,23393,2021,421,112,11-08-2016
3573,455,8301,919,235,191,12-08-2016
3574,455,20707,787,255,159,15-08-2016
3575,455,6774,778,351,145,14-08-2016
3576,455,20371,920,81,106,08-08-2016
3577,456,16901,1258,386,88,12-12-2017
3578,456,16395,602,387,156,03-12-2017
3579,456,7081,662,389,60,02-12-2017
3580,456,11057,1034,44,38,06-12-2017
3581,456,7537,547,102,183,09-12-2017
3582,456,7933,735,126,5,15-12-2017
3583,456,16695,853,376,167,16-12-2017
3584,456,5714,640,452,102,17-12-2017
3585,456,7022,258,206,113,01-12-2017
3586,456,19413,1737,404,163,05-12-2017
3587,457,21751,529,66,126,21-09-2017
3588,457,23174,1452,429,150,25-09-2017
3589,457,10053,926,308,115,16-09-2017
3590,457,8441,398,91,126,18-09-2017
3591,457,14481,847,456,29,24-09-2017
3592,457,5210,196,205,132,19-09-2017
3593,457,4384,415,470,122,17-09-2017
3594,457,5717,279,119,107,23-09-2017
3595,457,16543,907,313,112,20-09-2017
3596,457,21888,1167,37,141,22-09-2017
3597,458,21343,1704,425,77,25-11-2017
3598,458,15310,1680,343,36,12-11-2017
3599,458,4064,465,48,97,04-12-2017
3600,458,8637,918,259,60,21-11-2017
3601,458,3449,266,256,1,22-11-2017
3602,458,9790,1147,414,184,07-11-2017
3603,458,12064,353,470,147,11-11-2017
3604,458,22359,2138,181,91,27-11-2017
3605,458,10205,595,457,141,20-11-2017
3606,458,18927,484,296,73,30-11-2017
3607,458,24020,975,167,152,13-11-2017
3608,458,4389,214,29,74,15-11-2017
3609,458,17628,1962,192,171,19-11-2017
3610,459,17466,1850,457,140,30-05-2017
3611,459,10070,1145,136,66,20-05-2017
3612,459,10914,1147,465,169,22-05-2017
3613,459,15364,321,395,17,17-05-2017
3614,459,3339,227,478,88,15-05-2017
3615,459,11029,601,79,167,26-05-2017
3616,459,23971,1775,295,152,23-05-2017
3617,460,23990,2428,45,175,02-12-2017
3618,460,6878,551,319,149,26-11-2017
3619,460,12165,579,127,116,06-12-2017
3620,460,3203,256,298,44,20-11-2017
3621,460,6477,332,35,88,03-12-2017
3622,460,8341,487,469,167,19-11-2017
3623,460,23044,1396,483,69,23-11-2017
3624,460,10070,220,293,172,18-11-2017
3625,460,6711,162,282,126,01-12-2017
3626,460,11304,793,294,95,05-12-2017
3627,460,12893,356,328,47,07-12-2017
3628,460,4816,116,22,72,28-11-2017
3629,460,16228,1444,381,149,04-12-2017
3630,461,6519,777,231,171,25-08-2017
3631,461,9721,550,56,121,06-08-2017
3632,461,6756,378,417,58,30-08-2017
3633,461,8340,451,473,9,10-08-2017
3634,461,23484,1326,82,129,12-08-2017
3635,461,16435,1764,288,134,28-07-2017
3636,461,15168,1592,261,38,31-07-2017
3637,461,3913,140,214,29,16-08-2017
3638,461,16690,688,82,6,01-08-2017
3639,462,7502,374,0,0,16-04-2017
3640,462,7055,795,498,19,19-04-2017
3641,462,11749,758,22,62,11-05-2017
3642,462,6045,141,83,140,09-05-2017
3643,462,11983,1030,290,98,08-05-2017
3644,462,13479,686,483,147,15-04-2017
3645,462,12780,1428,380,23,03-05-2017
3646,462,21039,1785,116,134,29-04-2017
3647,462,19872,794,18,4,09-04-2017
3648,462,19352,1641,281,35,06-05-2017
3649,463,22876,1509,36,144,17-10-2016
3650,463,6163,301,220,131,23-10-2016
3651,463,6071,193,383,73,28-09-2016
3652,463,15173,945,1,174,11-10-2016
3653,463,24095,849,342,105,27-10-2016
3654,463,3491,98,160,125,20-10-2016
3655,463,23444,2319,388,22,05-10-2016
3656,463,3668,254,377,157,21-10-2016
3657,463,10578,306,69,176,14-10-2016
3658,463,7219,456,93,132,06-10-2016
3659,464,7984,235,434,122,02-06-2017
3660,464,20887,548,377,133,05-06-2017
3661,464,8185,587,327,26,03-06-2017
3662,464,14706,1102,44,53,06-06-2017
3663,464,16937,860,360,107,07-06-2017
3664,464,23538,1304,366,46,09-06-2017
3665,464,3720,183,260,173,08-06-2017
3666,464,5808,283,399,103,04-06-2017
3667,464,7245,725,283,101,01-06-2017
3668,465,5081,503,481,104,23-04-2017
3669,465,3774,147,149,8,19-04-2017
3670,465,19542,1018,164,141,16-04-2017
3671,465,18973,1300,139,89,28-04-2017
3672,465,15199,480,307,191,30-04-2017
3673,465,10307,1079,58,79,15-04-2017
3674,465,13602,1248,90,43,20-04-2017
3675,465,4860,291,458,32,26-04-2017
3676,465,24621,544,365,189,02-05-2017
3677,465,23805,1412,278,181,18-04-2017
3678,465,9996,994,239,70,25-04-2017
3679,465,8966,525,271,47,24-04-2017
3680,465,6457,765,163,166,29-04-2017
3681,465,13898,1332,91,68,01-05-2017
3682,465,24311,2336,231,13,27-04-2017
3683,466,5353,273,423,79,29-03-2017
3684,466,8253,332,6,8,14-03-2017
3685,466,6060,429,474,166,26-03-2017
3686,466,16212,589,333,11,17-03-2017
3687,466,10286,713,377,110,15-03-2017
3688,466,7961,811,371,56,20-03-2017
3689,466,12989,1050,425,158,31-03-2017
3690,466,6320,495,416,31,12-03-2017
3691,466,3121,227,380,76,24-03-2017
3692,466,20439,1293,398,33,06-04-2017
3693,466,3052,262,418,43,01-04-2017
3694,466,7066,544,186,176,03-03-2017
3695,466,16092,798,11,18,06-03-2017
3696,466,5386,436,25,56,19-03-2017
3697,466,21222,430,182,88,22-03-2017
3698,467,17631,987,498,133,25-04-2016
3699,467,9204,347,467,42,16-04-2016
3700,467,20188,1434,150,98,23-04-2016
3701,467,3885,251,338,169,14-04-2016
3702,467,14306,1530,379,124,15-04-2016
3703,467,22000,458,292,79,28-04-2016
3704,467,11830,962,316,71,27-04-2016
3705,467,24934,745,24,121,11-04-2016
3706,468,23563,989,24,8,02-08-2016
3707,468,9302,745,283,28,16-08-2016
3708,468,13844,825,232,158,31-08-2016
3709,468,21370,1050,287,46,01-08-2016
3710,468,3114,317,474,177,13-08-2016
3711,468,12015,827,94,114,24-08-2016
3712,468,20991,578,203,177,19-08-2016
3713,468,9225,198,495,160,23-08-2016
3714,468,12428,971,31,32,21-08-2016
3715,468,9752,689,411,44,15-08-2016
3716,469,20241,2072,273,127,19-09-2017
3717,469,4577,196,275,168,24-09-2017
3718,469,3550,294,440,102,21-09-2017
3719,469,7840,572,471,118,18-09-2017
3720,469,11813,396,230,152,20-09-2017
3721,469,11619,1030,444,8,17-09-2017
3722,469,10700,614,41,193,14-09-2017
3723,469,19115,1408,20,6,25-09-2017
3724,469,13632,1268,256,160,16-09-2017
3725,469,10514,892,52,35,22-09-2017
3726,469,18037,1991,277,104,15-09-2017
3727,469,11891,981,192,183,23-09-2017
3728,470,24874,1365,475,104,09-11-2016
3729,470,11397,609,334,189,19-10-2016
3730,470,9298,238,183,12,04-11-2016
3731,470,22318,921,430,135,31-10-2016
3732,470,5285,142,394,154,15-11-2016
3733,470,7962,703,19,105,18-10-2016
3734,470,12371,247,195,180,14-11-2016
3735,470,20588,1397,337,42,07-11-2016
3736,470,5294,409,145,27,08-11-2016
3737,470,16381,430,18,111,06-11-2016
3738,470,24619,719,133,53,25-10-2016
3739,470,15698,1216,438,97,13-11-2016
3740,470,6481,480,366,82,22-10-2016
3741,470,18564,1507,282,169,01-11-2016
3742,470,20697,1587,382,3,05-11-2016
3743,471,20837,451,294,153,24-05-2017
3744,471,14971,551,484,190,18-05-2017
3745,471,12659,1172,68,148,17-05-2017
3746,471,3714,354,311,75,20-05-2017
3747,471,19566,1594,355,148,21-05-2017
3748,471,20472,1308,485,64,19-05-2017
3749,471,3536,176,173,42,23-05-2017
3750,471,8320,411,224,29,22-05-2017
3751,471,11225,321,273,56,25-05-2017
3752,472,18479,1930,462,83,23-09-2017
3753,472,24275,1398,331,66,17-09-2017
3754,472,12681,1250,466,7,07-09-2017
3755,472,9145,254,47,90,15-10-2017
3756,472,23528,1339,155,121,10-10-2017
3757,472,20337,1069,278,104,08-10-2017
3758,472,21712,1692,491,137,14-10-2017
3759,472,4193,362,263,83,21-09-2017
3760,472,22119,759,32,161,13-10-2017
3761,473,19943,668,304,116,24-12-2016
3762,473,8359,282,242,35,16-01-2017
3763,473,19843,1186,498,95,27-01-2017
3764,473,3695,112,473,107,06-01-2017
3765,473,7110,157,402,179,30-12-2016
3766,473,16793,423,164,41,13-01-2017
3767,473,16508,738,183,119,01-01-2017
3768,473,21468,578,239,118,25-01-2017
3769,473,13393,275,46,132,03-01-2017
3770,473,18973,1846,148,137,23-01-2017
3771,473,24990,744,246,152,04-01-2017
3772,474,16215,350,278,16,15-12-2016
3773,474,18435,1973,492,166,17-12-2016
3774,474,17875,2063,353,189,19-12-2016
3775,474,19393,2256,466,163,20-12-2016
3776,474,11804,1285,39,85,16-12-2016
3777,474,19112,2271,57,42,13-12-2016
3778,474,9735,1106,44,64,18-12-2016
3779,474,11724,632,256,13,14-12-2016
3780,475,20316,1448,287,181,29-04-2016
3781,475,7440,220,422,57,28-04-2016
3782,475,19002,2218,287,165,18-04-2016
3783,475,14135,995,332,58,23-04-2016
3784,475,13845,1463,130,106,14-04-2016
3785,475,21150,993,485,130,01-05-2016
3786,475,10802,298,321,79,15-04-2016
3787,475,18111,440,55,119,30-04-2016
3788,476,12642,858,273,184,01-04-2017
3789,476,14679,647,307,37,29-04-2017
3790,476,13626,1601,197,49,02-04-2017
3791,476,15655,1078,136,165,09-04-2017
3792,476,4876,237,53,131,03-05-2017
3793,476,8396,739,491,180,28-03-2017
3794,477,15207,1350,326,24,27-08-2016
3795,477,12427,896,365,158,19-08-2016
3796,477,11841,1084,444,31,13-08-2016
3797,477,18610,1439,30,129,12-08-2016
3798,477,19590,1091,132,7,24-08-2016
3799,477,18006,2057,425,2,25-08-2016
3800,477,21439,1776,380,102,11-08-2016
3801,477,11596,293,76,127,15-08-2016
3802,477,12811,1490,388,6,07-08-2016
3803,477,16960,1994,81,65,17-08-2016
3804,477,17899,743,246,74,29-08-2016
3805,477,11148,589,179,160,16-08-2016
3806,477,16591,1735,84,80,02-09-2016
3807,477,7345,628,53,188,28-08-2016
3808,477,9303,909,484,136,18-08-2016
3809,478,23037,781,3,80,22-12-2016
3810,478,3425,247,139,165,03-01-2017
3811,478,5661,289,246,82,29-12-2016
3812,478,16453,1682,330,136,24-12-2016
3813,478,4083,192,334,73,23-12-2016
3814,478,10666,724,59,135,26-12-2016
3815,478,24135,2614,473,191,07-01-2017
3816,478,12986,1488,79,11,27-12-2016
3817,478,20184,838,166,38,05-01-2017
3818,478,17531,676,276,95,18-12-2016
3819,478,24730,655,293,65,02-01-2017
3820,478,24664,2766,25,141,20-12-2016
3821,478,3272,150,7,193,16-12-2016
3822,478,15332,366,498,104,19-12-2016
3823,479,19232,1354,91,192,18-05-2016
3824,479,20374,873,192,96,14-05-2016
3825,479,5644,346,37,92,09-05-2016
3826,479,22668,1511,165,161,30-04-2016
3827,479,7500,173,101,164,13-05-2016
3828,479,7580,336,308,191,22-05-2016
3829,479,24956,2082,331,140,21-05-2016
3830,479,21039,1873,10,140,20-04-2016
3831,479,10081,1083,107,54,16-05-2016
3832,479,12413,261,219,21,25-04-2016
3833,479,9794,803,144,149,12-05-2016
3834,479,17819,1705,206,141,23-05-2016
3835,479,16005,426,292,172,22-04-2016
3836,480,12758,1261,279,155,18-06-2017
3837,480,17464,1558,34,60,04-06-2017
3838,480,9311,348,466,102,27-05-2017
3839,480,10894,828,431,93,23-06-2017
3840,480,13032,824,417,138,02-06-2017
3841,480,7951,836,492,173,17-06-2017
3842,480,6558,583,236,145,16-06-2017
3843,480,4472,175,155,156,21-06-2017
3844,480,13518,655,483,65,18-05-2017
3845,480,11203,1070,441,86,09-06-2017
3846,480,20855,1736,474,79,17-05-2017
3847,481,11750,1084,338,136,08-04-2016
3848,481,19132,1739,297,164,13-04-2016
3849,481,16138,1882,468,37,15-04-2016
3850,481,8933,190,369,194,05-04-2016
3851,481,8078,765,18,119,11-04-2016
3852,481,14467,1187,101,195,31-03-2016
3853,481,21348,2510,115,184,16-04-2016
3854,481,10639,424,44,6,03-04-2016
3855,481,19496,833,448,81,17-04-2016
3856,481,17322,711,405,108,07-04-2016
3857,482,6343,695,494,139,10-01-2018
3858,482,5173,310,136,56,14-01-2018
3859,482,19189,1899,347,182,09-01-2018
3860,482,9295,522,35,170,13-01-2018
3861,482,24244,615,320,196,05-01-2018
3862,483,19903,1725,282,101,29-08-2017
3863,483,7616,571,156,5,14-08-2017
3864,483,3259,223,71,188,15-08-2017
3865,483,15175,1807,443,46,01-09-2017
3866,483,3396,378,128,42,20-08-2017
3867,483,9183,637,302,128,30-08-2017
3868,483,17616,1249,455,34,21-08-2017
3869,483,18308,1402,270,63,02-09-2017
3870,483,13930,1074,152,9,24-08-2017
3871,483,5325,589,185,197,16-08-2017
3872,483,20736,494,426,87,26-08-2017
3873,483,24848,1830,264,162,23-08-2017
3874,483,4374,451,7,180,25-08-2017
3875,483,13477,737,146,92,03-09-2017
3876,483,8716,644,411,44,22-08-2017
3877,484,8480,794,102,37,28-06-2017
3878,484,4030,390,376,189,30-06-2017
3879,484,17795,1425,241,135,19-06-2017
3880,484,23634,2587,358,14,11-06-2017
3881,484,24509,2267,426,120,17-06-2017
3882,484,10969,619,489,35,14-06-2017
3883,484,5894,395,84,30,25-06-2017
3884,484,18917,1620,144,65,10-06-2017
3885,484,16620,1550,120,150,13-06-2017
3886,484,10179,869,81,162,23-06-2017
3887,484,12403,1128,462,68,27-06-2017
3888,485,18435,1413,406,65,01-03-2017
3889,485,11093,509,198,94,13-03-2017
3890,485,21762,1774,234,34,11-03-2017
3891,485,21654,1400,244,146,16-03-2017
3892,485,6610,457,46,178,21-03-2017
3893,485,13215,1394,400,126,05-03-2017
3894,485,19887,1595,83,91,03-03-2017
3895,486,17315,1156,244,13,14-01-2017
3896,486,11796,1238,300,106,24-01-2017
3897,486,7379,176,63,64,16-01-2017
3898,486,21359,935,305,3,03-02-2017
3899,486,19306,1140,318,43,22-01-2017
3900,486,19275,1828,371,196,15-01-2017
3901,487,7030,284,488,95,15-07-2016
3902,487,21002,1413,200,106,14-07-2016
3903,487,8141,237,142,195,09-06-2016
3904,487,18498,2145,289,102,07-06-2016
3905,487,3929,238,473,43,13-07-2016
3906,487,23842,2436,114,172,24-06-2016
3907,487,24594,1821,121,90,03-07-2016
3908,487,9234,274,13,155,08-07-2016
3909,488,20344,1793,154,169,14-03-2017
3910,488,3600,383,245,182,10-03-2017
3911,488,15529,1453,283,179,12-03-2017
3912,488,21677,642,102,179,08-03-2017
3913,488,7645,591,215,142,17-03-2017
3914,488,4184,204,5,155,18-03-2017
3915,488,23242,1129,325,128,09-03-2017
3916,488,9728,788,197,148,06-03-2017
3917,488,18230,922,356,81,13-03-2017
3918,489,18710,1919,179,87,14-01-2017
3919,489,3296,256,187,4,08-01-2017
3920,489,22002,2192,444,59,17-01-2017
3921,489,24413,601,94,94,09-01-2017
3922,489,22243,1046,355,195,16-01-2017
3923,489,12028,1425,328,28,15-01-2017
3924,489,6575,161,270,189,06-01-2017
3925,489,8555,541,336,59,26-01-2017
3926,490,15197,1406,448,85,29-08-2017
3927,490,10976,360,0,156,21-08-2017
3928,490,20640,2078,140,192,03-09-2017
3929,490,20158,1104,210,197,09-08-2017
3930,490,16690,382,297,142,06-08-2017
3931,490,5597,173,495,197,05-08-2017
3932,491,18049,1363,312,14,27-02-2017
3933,491,13370,1025,450,21,02-03-2017
3934,491,22903,596,309,190,18-03-2017
3935,491,23525,1247,146,69,28-02-2017
3936,491,24912,1232,116,50,20-02-2017
3937,491,20298,1178,84,130,03-03-2017
3938,491,23818,2631,57,89,09-03-2017
3939,491,5820,138,398,42,21-02-2017
3940,491,17021,1029,462,159,11-03-2017
3941,491,13164,981,315,14,20-03-2017
3942,491,7924,397,80,172,12-03-2017
3943,491,17746,1620,369,164,26-02-2017
3944,491,18705,382,205,103,08-03-2017
3945,492,9924,553,365,142,09-08-2017
3946,492,15108,1441,298,80,15-08-2017
3947,492,9840,632,316,127,22-08-2017
3948,492,24516,1374,90,164,22-07-2017
3949,492,18067,1142,31,118,14-08-2017
3950,492,6012,272,85,2,02-08-2017
3951,492,6755,756,131,126,08-08-2017
3952,492,23681,1493,253,16,12-08-2017
3953,492,5325,586,179,143,24-07-2017
3954,492,9616,308,14,83,28-07-2017
3955,492,7130,150,332,65,11-08-2017
3956,492,24360,562,142,128,03-08-2017
3957,492,20383,2123,21,151,17-08-2017
3958,492,13046,586,191,153,26-07-2017
3959,493,7335,490,113,153,22-09-2017
3960,493,18246,2127,286,88,13-09-2017
3961,493,17531,813,428,21,09-09-2017
3962,493,10315,1229,372,27,17-09-2017
3963,493,16650,354,243,41,30-09-2017
3964,493,13569,663,221,173,05-09-2017
3965,494,18834,1119,319,1,17-08-2017
3966,494,13854,1260,133,74,14-08-2017
3967,494,3863,301,411,86,18-08-2017
3968,494,19392,1825,461,49,29-08-2017
3969,494,16401,1819,48,31,24-08-2017
3970,494,11589,798,486,198,26-08-2017
3971,494,24007,860,324,158,15-08-2017
3972,494,23942,1359,98,167,23-08-2017
3973,494,11983,473,490,21,25-08-2017
3974,494,8350,393,424,22,20-08-2017
3975,494,19737,922,3,198,30-08-2017
3976,494,11602,1162,358,149,27-08-2017
3977,495,10842,1060,472,52,06-10-2016
3978,495,14173,1009,246,41,04-10-2016
3979,495,8506,553,348,149,07-10-2016
3980,495,3009,72,45,197,03-10-2016
3981,495,12867,1130,459,131,27-09-2016
3982,496,19284,1872,323,193,24-10-2017
3983,496,23641,2645,445,60,09-10-2017
3984,496,18883,1698,272,111,02-10-2017
3985,496,19274,1781,142,1,29-10-2017
3986,496,21957,1004,214,68,19-10-2017
3987,496,15312,823,161,33,27-10-2017
3988,496,12249,1397,309,187,26-10-2017
3989,496,14216,442,49,133,28-10-2017
3990,496,18445,1499,114,49,15-10-2017
3991,496,13034,629,398,86,13-10-2017
3992,496,11488,328,3,171,14-10-2017
3993,496,23187,2486,23,118,11-10-2017
3994,496,22469,2381,434,149,22-10-2017
3995,496,18940,1457,403,105,05-10-2017
3996,497,23512,1816,61,169,09-11-2016
3997,497,15171,1223,425,104,16-11-2016
3998,497,10443,982,381,69,22-11-2016
3999,497,6988,157,490,105,01-11-2016
4000,497,3640,170,350,7,31-10-2016
4001,497,7450,400,239,61,25-11-2016
4002,497,15065,973,288,188,16-10-2016
4003,497,21483,1261,121,168,23-11-2016
4004,497,21530,497,150,5,20-10-2016
4005,498,9838,774,444,60,06-08-2016
4006,498,20132,1792,5,109,29-07-2016
4007,498,22768,2075,231,174,20-08-2016
4008,498,12435,1414,343,0,07-08-2016
4009,498,20570,1802,434,74,16-08-2016
4010,498,19005,585,459,34,05-08-2016
4011,499,12360,380,402,32,25-03-2016
4012,499,4902,347,395,152,29-03-2016
4013,499,16109,576,255,189,22-03-2016
4014,499,19215,1554,450,110,28-03-2016
4015,499,7789,805,492,11,10-04-2016
4016,499,15298,1139,431,153,09-04-2016
4017,499,3504,318,416,34,26-03-2016
4018,499,18239,583,150,93,06-04-2016
4019,499,4077,393,120,183,06-03-2016
4020,499,11426,1261,416,196,08-03-2016
4021,499,4757,365,325,45,04-03-2016
4022,499,12192,1326,60,114,02-04-2016
4023,500,3009,311,93,190,19-04-2017
4024,500,21194,2017,216,9,18-04-2017
4025,500,6712,152,255,18,16-04-2017
4026,500,13046,1266,131,175,03-04-2017
4027,500,16543,1403,51,9,20-04-2017
4028,500,13718,848,272,109,24-04-2017
4029,500,12076,1080,115,19,13-04-2017
4030,500,21623,1388,153,56,22-04-2017
4031,501,20908,2129,480,12,18-04-2017
4032,501,3966,127,153,5,30-04-2017
4033,501,9937,1046,366,15,24-04-2017
4034,501,9715,661,183,145,29-04-2017
4035,501,5974,714,261,189,15-04-2017
4036,502,24740,950,278,123,20-03-2017
4037,502,15168,1382,8,78,17-03-2017
4038,502,5838,590,339,113,12-03-2017
4039,502,8248,645,418,176,22-03-2017
4040,502,17308,1927,138,197,30-03-2017
4041,502,5688,118,174,75,02-04-2017
4042,503,6175,515,78,161,14-07-2017
4043,503,19662,1811,353,191,04-07-2017
4044,503,22578,1960,105,12,25-07-2017
4045,503,8624,1015,317,28,30-06-2017
4046,503,14352,607,8,63,23-06-2017
4047,503,18311,703,319,103,23-07-2017
4048,503,13988,1506,455,44,13-07-2017
4049,503,24115,921,487,116,08-07-2017
4050,504,19745,1671,400,32,20-12-2017
4051,504,6517,217,296,72,18-12-2017
4052,504,18780,875,105,74,17-12-2017
4053,504,19830,1529,348,11,24-12-2017
4054,504,6277,587,370,126,23-12-2017
4055,504,14737,345,138,42,21-12-2017
4056,504,19417,1104,418,186,22-12-2017
4057,504,24139,2648,7,81,19-12-2017
4058,505,4019,392,362,72,28-12-2016
4059,505,9979,326,164,16,20-12-2016
4060,505,24166,2301,59,50,01-12-2016
4061,505,10222,1194,414,80,04-12-2016
4062,505,9608,706,456,139,25-12-2016
4063,505,20806,1890,71,23,23-12-2016
4064,505,5389,482,101,142,27-12-2016
4065,505,6175,328,423,58,30-12-2016
4066,505,21471,1224,423,126,28-11-2016
4067,505,10033,202,422,101,11-12-2016
4068,505,22680,2430,33,98,19-12-2016
4069,505,24679,1988,108,90,03-12-2016
4070,505,11476,352,144,93,17-12-2016
4071,505,7497,160,357,48,05-12-2016
4072,505,18221,1238,325,171,31-12-2016
4073,506,20679,2298,372,180,20-01-2018
4074,506,18164,1752,38,104,02-02-2018
4075,506,18754,1060,4,26,01-02-2018
4076,506,18653,1712,428,144,03-01-2018
4077,506,14481,1374,182,183,26-01-2018
4078,506,5471,550,58,146,10-02-2018
4079,506,13574,1492,128,52,31-01-2018
4080,506,4301,441,470,121,09-01-2018
4081,506,14129,1104,188,7,16-01-2018
4082,507,7101,536,143,198,04-10-2016
4083,507,19978,1675,495,129,05-10-2016
4084,507,7315,628,184,180,12-11-2016
4085,507,11408,439,100,78,02-11-2016
4086,507,9045,424,117,35,08-10-2016
4087,507,7426,247,185,17,27-10-2016
4088,507,10355,421,429,10,14-10-2016
4089,507,16665,364,127,53,03-10-2016
4090,507,10906,856,172,77,05-11-2016
4091,507,15164,462,26,104,07-11-2016
4092,507,20872,2203,441,150,25-10-2016
4093,507,18023,1079,392,106,11-11-2016
4094,507,8453,975,47,142,03-11-2016
4095,507,8065,714,32,19,19-10-2016
4096,507,12468,418,158,166,13-11-2016
4097,508,23384,601,76,25,03-02-2018
4098,508,13349,1422,210,180,10-01-2018
4099,508,20418,2137,454,194,30-01-2018
4100,508,3448,77,283,178,14-01-2018
4101,508,17520,805,387,132,16-01-2018
4102,508,18846,1400,389,80,19-01-2018
4103,508,3516,143,297,85,09-01-2018
4104,508,3806,336,225,118,27-01-2018
4105,508,24545,1869,233,110,04-01-2018
4106,508,15426,421,46,129,17-01-2018
4107,508,6020,170,66,45,26-01-2018
4108,508,3010,226,80,125,06-01-2018
4109,508,6898,668,435,187,07-02-2018
4110,509,12194,246,298,49,15-05-2017
4111,509,10041,270,229,198,17-05-2017
4112,509,7278,201,395,71,03-05-2017
4113,509,14303,1451,313,117,23-05-2017
4114,509,22444,2454,411,160,01-05-2017
4115,509,14786,1669,3,89,14-05-2017
4116,509,14513,681,392,96,30-04-2017
4117,509,18503,1887,106,130,12-05-2017
4118,509,21682,826,271,162,09-06-2017
4119,509,10984,387,116,14,31-05-2017
4120,509,5774,271,323,141,09-05-2017
4121,510,6158,416,422,27,11-07-2017
4122,510,20690,2003,128,159,07-07-2017
4123,510,14845,1497,355,120,12-07-2017
4124,510,9794,529,21,149,03-08-2017
4125,510,10210,800,279,6,17-07-2017
4126,510,20583,1549,181,35,25-07-2017
4127,510,19346,1629,34,195,04-08-2017
4128,510,18755,891,114,125,14-07-2017
4129,510,21590,2359,384,122,23-07-2017
4130,510,24840,648,41,50,15-07-2017
4131,510,22273,2373,129,15,31-07-2017
4132,510,24822,2217,305,40,22-07-2017
4133,511,9606,322,308,6,08-07-2017
4134,511,3959,373,45,104,24-07-2017
4135,511,3493,316,210,107,10-07-2017
4136,511,13912,1011,417,132,19-07-2017
4137,511,13746,782,379,82,16-07-2017
4138,511,9676,780,11,122,11-07-2017
4139,511,15520,1825,131,169,02-07-2017
4140,511,14221,478,218,188,05-07-2017
4141,511,15634,337,164,6,01-07-2017
4142,511,9654,267,369,162,03-07-2017
4143,511,18793,1344,394,131,29-06-2017
4144,511,17829,1373,56,127,28-06-2017
4145,512,18556,1664,59,55,15-06-2017
4146,512,19592,598,57,142,14-05-2017
4147,512,10324,614,387,142,15-05-2017
4148,512,3231,83,36,119,16-05-2017
4149,512,3893,107,211,74,10-06-2017
4150,512,11801,1208,314,101,05-05-2017
4151,512,9451,329,476,59,17-05-2017
4152,512,8631,586,440,11,18-06-2017
4153,512,12981,929,4,159,23-05-2017
4154,513,12306,340,102,66,12-11-2017
4155,513,5798,324,193,84,27-11-2017
4156,513,6954,346,412,8,11-11-2017
4157,513,9196,278,43,136,17-11-2017
4158,513,7596,270,481,64,21-11-2017
4159,513,9385,495,92,17,08-11-2017
4160,513,21487,1106,386,199,16-11-2017
4161,514,18688,1936,122,193,14-09-2016
4162,514,8859,236,377,69,17-09-2016
4163,514,5428,287,489,166,27-09-2016
4164,514,21823,570,39,1,06-09-2016
4165,514,10875,993,218,172,15-09-2016
4166,514,15244,377,480,151,22-09-2016
4167,514,9773,199,51,27,23-09-2016
4168,514,18484,2053,432,102,03-10-2016
4169,514,19072,1784,279,193,07-09-2016
4170,514,17261,684,282,8,07-10-2016
4171,514,21316,778,276,126,19-09-2016
4172,514,23566,1659,370,173,10-10-2016
4173,514,18188,2046,494,78,30-09-2016
4174,514,15537,439,321,59,04-10-2016
4175,515,7306,438,188,166,26-09-2016
4176,515,8711,469,131,65,22-09-2016
4177,515,10527,537,12,78,20-09-2016
4178,515,18861,2025,254,48,19-09-2016
4179,515,6272,201,160,172,28-09-2016
4180,515,24087,858,377,91,21-09-2016
4181,515,20499,1284,317,155,24-09-2016
4182,515,4533,111,362,142,23-09-2016
4183,515,9086,255,350,74,25-09-2016
4184,516,19094,966,193,154,03-07-2017
4185,516,9358,751,252,186,04-07-2017
4186,516,16394,641,314,35,08-07-2017
4187,516,8574,517,386,158,06-07-2017
4188,516,5678,634,480,196,25-06-2017
4189,516,11889,1160,64,127,13-07-2017
4190,516,11434,1215,232,161,15-07-2017
4191,516,20276,842,289,28,09-07-2017
4192,516,15344,652,63,47,27-06-2017
4193,516,22905,1059,59,146,14-07-2017
4194,516,11783,954,318,194,30-06-2017
4195,516,23716,2833,38,28,11-07-2017
4196,517,15473,1241,349,11,19-11-2017
4197,517,3215,294,136,8,20-11-2017
4198,517,22402,1691,311,65,25-11-2017
4199,517,13108,854,168,33,26-11-2017
4200,517,8949,416,260,172,22-11-2017
4201,517,8173,793,86,58,27-11-2017
4202,517,14099,1532,394,96,21-11-2017
4203,517,12375,1366,291,134,24-11-2017
4204,518,7688,587,220,51,14-01-2018
4205,518,15103,1695,339,174,28-01-2018
4206,518,7705,685,420,185,27-01-2018
4207,518,7053,235,12,50,05-01-2018
4208,518,10751,588,15,65,27-12-2017
4209,518,11015,759,480,182,03-01-2018
4210,519,3792,148,123,54,15-07-2017
4211,519,3963,467,150,53,20-07-2017
4212,519,5165,579,426,76,29-07-2017
4213,519,9928,997,282,145,30-07-2017
4214,519,7976,297,84,187,21-07-2017
4215,520,12768,481,12,20,24-04-2016
4216,520,19904,1937,98,108,26-04-2016
4217,520,6635,393,88,90,30-04-2016
4218,520,19975,910,40,101,28-04-2016
4219,520,4498,443,165,141,23-04-2016
4220,520,22046,2641,203,51,25-04-2016
4221,520,6736,512,314,62,01-05-2016
4222,520,19826,2185,313,73,22-04-2016
4223,520,14667,656,175,90,03-05-2016
4224,520,3360,162,324,80,27-04-2016
4225,521,22468,2547,363,43,20-04-2017
4226,521,24081,1606,260,129,10-04-2017
4227,521,16496,1775,401,17,07-04-2017
4228,521,5315,475,208,61,28-03-2017
4229,521,19327,818,428,59,27-03-2017
4230,521,6550,409,22,52,14-04-2017
4231,521,24675,2919,44,161,16-04-2017
4232,521,16849,1390,271,59,01-04-2017
4233,521,4971,573,93,135,21-04-2017
4234,521,9396,1078,249,79,08-04-2017
4235,521,20821,2175,400,35,12-04-2017
4236,521,18004,838,64,149,22-03-2017
4237,522,9902,704,468,106,02-01-2017
4238,522,22858,1506,99,49,29-12-2016
4239,522,10414,778,440,32,28-12-2016
4240,522,11928,789,467,31,01-01-2017
4241,522,23437,1746,461,126,27-12-2016
4242,522,15845,458,337,19,31-12-2016
4243,523,4756,232,322,174,10-08-2017
4244,523,4726,424,407,189,01-08-2017
4245,523,12921,1080,308,40,03-08-2017
4246,523,15837,624,66,72,07-08-2017
4247,523,17284,1924,472,27,09-08-2017
4248,523,7269,156,365,168,30-07-2017
4249,524,17568,366,296,2,03-06-2017
4250,524,10931,628,465,110,24-05-2017
4251,524,13675,1387,362,118,15-06-2017
4252,524,12991,1331,115,106,27-06-2017
4253,524,12535,472,80,52,04-06-2017
4254,524,5657,491,333,34,05-06-2017
4255,524,14931,907,476,95,08-06-2017
4256,524,7856,404,133,85,25-06-2017
4257,524,12588,980,132,120,14-06-2017
4258,524,5710,665,320,11,11-06-2017
4259,524,15869,1195,370,14,09-06-2017
4260,524,17256,1905,35,34,26-05-2017
4261,524,14336,749,234,190,06-06-2017
4262,524,14654,1576,433,6,29-06-2017
4263,525,24471,1903,351,23,14-09-2016
4264,525,18500,1618,311,193,15-09-2016
4265,525,9426,574,157,54,20-08-2016
4266,525,5666,581,308,138,04-09-2016
4267,525,5491,335,455,105,31-08-2016
4268,525,14181,1202,236,190,26-08-2016
4269,526,19168,1513,237,68,19-07-2017
4270,526,24104,856,342,130,14-07-2017
4271,526,22373,1907,262,112,02-08-2017
4272,526,23355,737,478,34,05-08-2017
4273,526,15732,791,445,110,09-07-2017
4274,526,11819,760,397,169,12-07-2017
4275,526,3349,68,488,113,18-07-2017
4276,526,16701,1902,485,107,08-08-2017
4277,526,10788,1181,418,73,22-07-2017
4278,526,23443,1464,124,180,17-07-2017
4279,526,5539,322,498,166,01-08-2017
4280,526,22492,1045,438,44,16-07-2017
4281,526,13152,1216,50,87,10-07-2017
4282,526,23121,2626,425,77,27-07-2017
4283,526,13451,1536,175,80,23-07-2017
4284,527,19352,1648,220,108,21-01-2016
4285,527,16880,1176,399,5,31-01-2016
4286,527,16635,1394,79,82,27-01-2016
4287,527,11054,780,43,42,24-01-2016
4288,527,14650,582,219,109,20-01-2016
4289,527,22407,738,374,12,25-01-2016
4290,527,17636,355,123,10,30-01-2016
4291,527,6471,541,12,132,26-01-2016
4292,527,14550,1574,449,9,19-01-2016
4293,527,8728,595,80,11,28-01-2016
4294,528,19823,1369,212,139,20-12-2016
4295,528,7160,801,232,93,18-12-2016
4296,528,9310,254,130,190,15-12-2016
4297,528,10632,1236,295,68,23-12-2016
4298,528,9005,225,193,91,06-12-2016
4299,528,8639,905,450,121,19-12-2016
4300,528,13903,494,324,173,12-12-2016
4301,528,20788,1582,252,173,09-01-2017
4302,528,11045,797,279,70,10-12-2016
4303,529,17748,1408,207,153,20-06-2016
4304,529,4278,242,99,166,06-07-2016
4305,529,3695,112,454,35,05-07-2016
4306,529,9836,552,170,30,13-07-2016
4307,529,9264,674,131,195,22-06-2016
4308,529,19707,711,376,182,15-06-2016
4309,529,3742,183,80,5,18-06-2016
4310,529,16453,747,324,98,09-07-2016
4311,529,6526,366,458,101,02-07-2016
4312,529,20206,2069,438,61,06-06-2016
4313,529,6746,665,415,111,11-07-2016
4314,529,17115,966,173,121,31-05-2016
4315,529,15638,1010,99,48,04-06-2016
4316,529,4301,357,324,191,16-06-2016
4317,530,14119,787,298,130,22-06-2016
4318,530,21654,1361,179,86,06-06-2016
4319,530,11138,701,333,26,22-05-2016
4320,530,9179,712,70,34,13-06-2016
4321,530,8392,389,221,35,17-05-2016
4322,531,18309,1171,310,49,22-11-2016
4323,531,7135,549,146,33,17-11-2016
4324,531,20485,2277,200,171,23-11-2016
4325,531,3546,369,39,31,21-11-2016
4326,531,20762,2352,290,33,24-11-2016
4327,531,11987,780,109,83,26-11-2016
4328,531,20057,2358,449,143,19-11-2016
4329,531,5524,352,45,108,20-11-2016
4330,531,4956,276,157,57,25-11-2016
4331,531,9975,775,238,138,18-11-2016
4332,532,6756,517,206,155,21-03-2016
4333,532,9794,346,13,29,05-03-2016
4334,532,3177,117,402,109,19-03-2016
4335,532,3638,273,83,91,29-02-2016
4336,532,12963,599,161,160,04-03-2016
4337,532,19701,955,310,177,28-03-2016
4338,532,18984,1499,86,143,02-03-2016
4339,532,12918,1226,479,138,18-03-2016
4340,532,21697,1460,459,19,12-03-2016
4341,532,21639,1823,413,189,15-03-2016
4342,532,14040,456,345,1,10-03-2016
4343,532,20825,2190,320,86,17-03-2016
4344,533,7114,477,285,32,14-01-2018
4345,533,16337,1658,439,124,04-01-2018
4346,533,17047,1421,59,189,12-01-2018
4347,533,11630,1258,245,167,03-01-2018
4348,533,12801,1471,134,194,11-01-2018
4349,533,10909,768,236,191,15-01-2018
4350,533,19602,902,82,140,17-01-2018
4351,533,16501,591,429,150,05-01-2018
4352,533,4263,179,277,144,07-01-2018
4353,533,16092,1822,92,90,16-01-2018
4354,533,12689,1426,49,151,10-01-2018
4355,533,18242,500,144,135,09-01-2018
4356,533,18277,854,341,108,02-01-2018
4357,533,17879,2020,192,33,13-01-2018
4358,534,6568,786,7,96,04-08-2016
4359,534,10009,884,496,74,03-08-2016
4360,534,10788,780,24,89,24-07-2016
4361,534,12761,537,167,148,26-07-2016
4362,534,7922,747,499,171,10-07-2016
4363,534,18987,1361,193,31,22-07-2016
4364,534,16274,1408,347,75,09-07-2016
4365,534,7810,894,86,155,27-07-2016
4366,534,16415,1827,142,26,08-07-2016
4367,534,11396,828,334,59,31-07-2016
4368,535,3521,371,317,50,03-12-2016
4369,535,5417,227,153,23,05-12-2016
4370,535,11378,591,338,72,06-12-2016
4371,535,7945,819,206,161,30-11-2016
4372,535,7699,271,343,194,02-12-2016
4373,535,17226,675,282,143,28-11-2016
4374,535,8400,836,192,174,01-12-2016
4375,535,14167,1397,85,5,29-11-2016
4376,535,20503,2366,305,142,27-11-2016
4377,535,22097,2573,93,62,04-12-2016
4378,536,10532,911,303,30,17-08-2017
4379,536,21018,2511,236,165,26-08-2017
4380,536,7590,831,375,50,18-08-2017
4381,536,3508,349,238,29,19-08-2017
4382,536,6006,457,360,190,24-08-2017
4383,536,12814,985,462,189,20-08-2017
4384,536,6348,589,202,140,15-08-2017
4385,536,23321,846,103,121,22-08-2017
4386,536,20049,1730,219,57,23-08-2017
4387,536,10421,350,52,90,21-08-2017
4388,536,13008,815,199,127,25-08-2017
4389,536,17235,1671,140,172,16-08-2017
4390,537,16640,1702,326,166,07-03-2017
4391,537,3028,138,23,144,18-03-2017
4392,537,14188,1084,352,37,08-03-2017
4393,537,22242,1694,95,196,06-03-2017
4394,537,14162,856,388,42,14-03-2017
4395,537,22850,496,451,169,11-03-2017
4396,537,5955,693,337,118,13-03-2017
4397,537,13481,270,292,161,17-03-2017
4398,537,10352,862,306,37,10-03-2017
4399,537,15703,1649,201,103,16-03-2017
4400,538,4475,220,52,181,05-07-2016
4401,538,9351,1093,58,141,03-07-2016
4402,538,12856,1119,0,160,09-07-2016
4403,538,24043,1436,351,176,08-07-2016
4404,538,16494,896,12,101,30-06-2016
4405,538,24662,520,428,41,29-06-2016
4406,538,3424,383,391,185,04-07-2016
4407,538,18199,1576,230,121,28-06-2016
4408,539,4081,261,21,76,15-08-2017
4409,539,23742,1900,360,31,19-08-2017
4410,539,6160,698,152,79,25-08-2017
4411,539,6253,407,114,23,17-08-2017
4412,539,8376,902,495,23,24-08-2017
4413,539,11274,1262,238,77,22-08-2017
4414,539,3914,262,220,19,16-08-2017
4415,539,11529,835,127,9,23-08-2017
4416,539,19281,1917,306,141,18-08-2017
4417,539,18192,2181,175,72,14-08-2017
4418,539,14780,569,52,44,20-08-2017
4419,539,12753,597,59,6,21-08-2017
4420,539,22287,2061,457,15,27-08-2017
4421,539,11720,471,46,25,26-08-2017
4422,540,7106,180,113,196,13-06-2016
4423,540,18783,2210,21,124,28-05-2016
4424,540,13898,784,132,145,09-06-2016
4425,540,12010,701,68,33,03-06-2016
4426,540,10090,332,332,59,20-06-2016
4427,541,5829,573,80,169,17-09-2017
4428,541,6339,324,230,21,29-09-2017
4429,541,17537,2082,360,7,07-10-2017
4430,541,13973,1177,208,107,11-09-2017
4431,541,20348,1264,394,60,15-09-2017
4432,541,8811,884,332,196,07-09-2017
4433,541,13549,1502,114,185,21-09-2017
4434,541,8551,735,181,10,03-10-2017
4435,541,19593,1063,71,81,24-09-2017
4436,541,14561,621,326,83,26-09-2017
4437,541,22117,1396,7,33,19-09-2017
4438,541,5399,252,241,106,06-10-2017
4439,541,4158,216,211,195,23-09-2017
4440,541,15731,1294,461,105,04-10-2017
4441,542,16384,776,50,172,14-08-2016
4442,542,14240,1443,120,191,31-08-2016
4443,542,15857,1051,435,94,27-08-2016
4444,542,10311,1007,200,193,18-08-2016
4445,542,6748,433,465,18,24-08-2016
4446,542,23636,2533,261,2,06-08-2016
4447,542,16988,995,408,44,11-08-2016
4448,542,17596,2032,210,47,15-08-2016
4449,542,20202,1486,105,160,19-08-2016
4450,542,7683,407,319,99,08-08-2016
4451,542,5306,605,158,130,04-08-2016
4452,543,17765,435,201,162,26-05-2017
4453,543,4555,181,406,108,02-06-2017
4454,543,9800,1055,78,131,09-06-2017
4455,543,20872,1919,115,122,28-05-2017
4456,543,11218,706,96,125,01-06-2017
4457,543,6890,698,222,111,27-05-2017
4458,543,18870,1600,111,44,14-06-2017
4459,543,6947,372,41,70,11-06-2017
4460,543,19682,1960,81,89,30-05-2017
4461,543,9435,557,310,34,15-06-2017
4462,543,5840,592,51,64,10-06-2017
4463,543,10243,803,68,199,31-05-2017
4464,543,5100,484,96,61,07-06-2017
4465,543,16834,972,54,19,17-06-2017
4466,544,20740,1001,381,186,12-02-2018
4467,544,9019,1039,168,78,21-01-2018
4468,544,16554,406,76,185,06-01-2018
4469,544,18523,2061,1,99,09-01-2018
4470,544,14651,647,261,12,14-02-2018
4471,544,3888,233,457,71,04-02-2018
4472,544,9564,874,312,49,02-02-2018
4473,544,4044,279,145,153,27-01-2018
4474,544,24050,1724,55,150,10-01-2018
4475,544,8810,846,9,2,05-01-2018
4476,544,13382,1338,77,125,08-01-2018
4477,544,21222,1053,443,28,15-02-2018
4478,544,8260,265,273,163,14-01-2018
4479,544,24728,1564,346,76,16-01-2018
4480,545,19935,1482,63,131,16-03-2016
4481,545,10416,573,10,176,20-03-2016
4482,545,14330,544,108,111,19-03-2016
4483,545,13125,349,99,161,11-03-2016
4484,545,6729,336,428,156,12-03-2016
4485,545,18470,454,69,35,14-03-2016
4486,545,4535,453,130,146,15-03-2016
4487,545,19301,2291,196,114,18-03-2016
4488,545,13655,468,496,40,13-03-2016
4489,545,10620,606,164,101,17-03-2016
4490,546,13959,1310,173,160,15-11-2016
4491,546,20391,424,332,110,19-11-2016
4492,546,6555,755,416,188,17-11-2016
4493,546,18013,641,61,199,21-11-2016
4494,546,3563,183,363,69,16-11-2016
4495,546,23996,1210,57,55,20-11-2016
4496,547,9436,442,358,185,25-12-2017
4497,547,18480,1146,394,121,26-12-2017
4498,547,15966,864,366,50,19-12-2017
4499,547,24652,813,41,42,08-01-2018
4500,547,11041,851,428,156,20-12-2017
4501,547,15408,1318,382,30,18-12-2017
4502,547,16951,729,76,99,11-01-2018
4503,547,8831,776,306,45,05-12-2017
4504,547,23345,2375,374,7,04-01-2018
4505,547,22591,1085,274,196,10-01-2018
4506,547,18687,1089,213,145,07-12-2017
4507,547,7013,605,383,62,06-01-2018
4508,547,4128,249,364,165,16-12-2017
4509,547,10585,525,344,121,01-01-2018
4510,548,10167,1160,94,103,28-02-2016
4511,548,9641,688,139,151,03-03-2016
4512,548,11780,968,263,5,20-02-2016
4513,548,7125,494,330,35,11-03-2016
4514,548,16704,334,78,136,13-03-2016
4515,549,3954,119,346,80,22-12-2017
4516,549,19295,2061,343,143,10-01-2018
4517,549,8762,302,359,90,05-01-2018
4518,549,17404,1295,498,119,12-01-2018
4519,549,7467,860,204,185,10-12-2017
4520,549,24181,1315,63,197,23-12-2017
4521,549,24494,1430,443,22,20-12-2017
4522,550,8568,347,467,32,07-04-2017
4523,550,24165,2615,388,61,06-04-2017
4524,550,21267,1444,113,197,10-04-2017
4525,550,22407,1397,457,102,04-04-2017
4526,550,7569,694,267,79,08-04-2017
4527,550,17073,861,395,102,12-04-2017
4528,550,13666,1441,90,77,02-04-2017
4529,550,5928,663,393,36,05-04-2017
4530,550,7404,366,404,45,09-04-2017
4531,550,23147,2555,330,104,03-04-2017
4532,550,18125,2015,365,122,11-04-2017
4533,551,24441,1188,158,52,12-12-2017
4534,551,19566,1349,171,118,13-12-2017
4535,551,12656,1185,147,184,03-12-2017
4536,551,10876,984,354,7,27-11-2017
4537,551,13027,1197,449,152,20-12-2017
4538,551,20349,2346,47,147,30-11-2017
4539,551,19814,727,307,171,29-11-2017
4540,551,5241,379,365,89,01-12-2017
4541,551,24594,2404,111,130,22-11-2017
4542,551,23175,746,488,42,18-12-2017
4543,551,10704,263,318,173,11-12-2017
4544,551,20569,1346,123,43,21-11-2017
4545,551,5382,407,339,96,15-12-2017
4546,551,14676,810,229,103,07-12-2017
4547,552,9866,997,54,181,18-05-2017
4548,552,10351,625,229,140,13-05-2017
4549,552,17600,1075,312,196,16-05-2017
4550,552,24089,2578,352,188,28-04-2017
4551,552,3891,414,60,79,29-04-2017
4552,552,10383,377,146,30,14-05-2017
4553,552,11390,942,5,192,03-05-2017
4554,552,11293,751,225,20,23-05-2017
4555,552,15270,370,397,198,10-05-2017
4556,552,4176,431,2,17,11-05-2017
4557,552,20163,1768,455,73,05-05-2017
4558,552,8851,215,326,69,12-05-2017
4559,552,8566,833,189,123,06-05-2017
4560,552,20390,2056,208,70,21-05-2017
4561,552,11657,691,353,27,30-04-2017
4562,553,9802,679,79,57,02-10-2016
4563,553,24241,754,227,80,05-10-2016
4564,553,18926,720,403,96,28-10-2016
4565,553,12198,533,226,17,18-10-2016
4566,553,18355,1469,30,20,25-10-2016
4567,553,8983,747,250,175,12-10-2016
4568,553,3369,402,158,40,02-11-2016
4569,554,8743,457,92,158,19-07-2016
4570,554,4167,314,108,34,14-07-2016
4571,554,14982,1104,420,16,28-06-2016
4572,554,23670,2470,99,42,07-07-2016
4573,554,6214,322,434,74,25-06-2016
4574,554,22480,2596,377,182,13-07-2016
4575,554,14733,1308,65,46,27-07-2016
4576,554,19451,710,486,98,10-07-2016
4577,554,7973,580,208,160,20-07-2016
4578,554,16957,1661,397,72,21-07-2016
4579,554,5956,550,64,179,16-07-2016
4580,554,6203,637,62,122,17-07-2016
4581,554,14293,806,189,16,12-07-2016
4582,554,20587,567,118,111,01-07-2016
4583,554,14511,999,295,53,27-06-2016
4584,555,17208,626,193,163,19-10-2017
4585,555,15455,1524,219,99,29-10-2017
4586,555,18125,843,307,160,01-11-2017
4587,555,11658,245,246,60,14-11-2017
4588,555,10180,304,324,2,30-10-2017
4589,555,10982,1156,381,150,22-10-2017
4590,555,13736,1125,430,170,02-11-2017
4591,555,13820,1274,108,159,21-10-2017
4592,556,15972,803,373,117,02-07-2016
4593,556,19445,1059,250,122,01-07-2016
4594,556,15225,1062,485,121,07-07-2016
4595,556,20433,654,302,51,05-07-2016
4596,556,24043,1327,198,95,13-07-2016
4597,556,17119,1896,104,73,29-06-2016
4598,556,11673,874,135,36,04-07-2016
4599,556,6574,410,470,171,03-07-2016
4600,556,6164,447,138,143,12-07-2016
4601,556,21933,2629,273,57,11-07-2016
4602,556,4430,319,392,73,30-06-2016
4603,557,12324,970,409,100,29-02-2016
4604,557,9048,642,406,81,30-01-2016
4605,557,13151,1133,230,51,23-02-2016
4606,557,4039,95,103,152,06-03-2016
4607,557,4989,209,468,17,02-03-2016
4608,557,11096,933,402,189,19-02-2016
4609,557,18941,549,391,155,03-03-2016
4610,557,3561,338,337,34,20-02-2016
4611,557,13673,655,178,189,08-02-2016
4612,557,17131,625,349,100,04-03-2016
4613,557,19058,1899,71,135,10-02-2016
4614,557,22625,1833,409,141,27-02-2016
4615,557,20030,1787,144,13,22-02-2016
4616,558,15016,1771,28,152,09-02-2016
4617,558,6826,736,37,178,05-02-2016
4618,558,5783,659,15,112,04-02-2016
4619,558,16027,920,230,25,31-01-2016
4620,558,13869,1350,359,31,07-02-2016
4621,558,14195,1567,336,160,01-02-2016
4622,558,21576,1694,480,134,03-02-2016
4623,558,20036,1074,68,102,02-02-2016
4624,558,3910,292,88,165,06-02-2016
4625,558,9398,361,360,91,08-02-2016
4626,559,22925,957,412,129,18-04-2016
4627,559,7148,449,63,148,05-05-2016
4628,559,8069,602,400,84,30-04-2016
4629,559,3962,246,244,82,24-04-2016
4630,559,14232,1172,471,58,02-05-2016
4631,559,23686,1967,99,113,26-04-2016
4632,559,25000,2876,52,15,11-05-2016
4633,559,14386,1275,44,156,08-05-2016
4634,559,8434,592,283,198,09-05-2016
4635,559,11487,599,368,2,13-05-2016
4636,560,17775,948,79,179,03-01-2017
4637,560,23740,552,36,134,07-01-2017
4638,560,11168,969,338,131,24-12-2016
4639,560,15346,1663,402,86,28-12-2016
4640,560,8683,865,307,177,31-12-2016
4641,560,21858,1438,478,54,04-01-2017
4642,560,20031,1875,241,173,11-01-2017
4643,560,7936,445,476,63,25-12-2016
4644,560,15626,416,469,99,27-12-2016
4645,560,22017,2057,293,46,29-12-2016
4646,560,22128,626,209,97,26-12-2016
4647,560,5472,306,462,44,30-12-2016
4648,561,24026,2877,22,113,19-07-2017
4649,561,7040,627,404,2,15-07-2017
4650,561,20815,2152,259,38,12-08-2017
4651,561,13319,607,301,94,10-08-2017
4652,561,21670,796,255,110,25-07-2017
4653,561,23092,524,67,184,10-07-2017
4654,562,23270,1621,247,115,07-06-2017
4655,562,21243,2416,322,45,30-05-2017
4656,562,16551,1119,153,7,06-06-2017
4657,562,8923,776,132,128,01-06-2017
4658,562,3005,232,200,183,09-06-2017
4659,562,20123,1117,295,117,03-06-2017
4660,562,18611,871,443,117,02-06-2017
4661,562,9826,600,349,160,04-06-2017
4662,562,4656,273,338,48,31-05-2017
4663,562,22412,1237,384,193,05-06-2017
4664,562,21965,1619,190,107,08-06-2017
4665,563,6492,361,455,95,16-02-2016
4666,563,19766,1141,447,196,18-02-2016
4667,563,17776,886,21,90,01-03-2016
4668,563,6997,174,482,45,27-02-2016
4669,563,11085,383,152,73,23-02-2016
4670,563,15695,579,86,96,03-03-2016
4671,563,12324,931,479,191,07-02-2016
4672,564,23437,1381,51,184,10-08-2017
4673,564,21636,742,283,68,07-08-2017
4674,564,17553,1736,456,124,03-08-2017
4675,564,12885,1433,484,20,08-08-2017
4676,564,21577,2361,282,158,31-07-2017
4677,565,19614,916,393,42,02-04-2017
4678,565,16992,1461,123,80,23-03-2017
4679,565,8632,577,408,133,31-03-2017
4680,565,23792,892,415,50,22-03-2017
4681,565,17670,1669,108,62,19-03-2017
4682,565,15669,346,308,110,21-03-2017
4683,565,11044,733,78,117,27-03-2017
4684,565,13595,958,40,76,20-03-2017
4685,565,5286,477,199,109,30-03-2017
4686,565,17867,1767,131,184,01-04-2017
4687,565,3074,351,156,150,24-03-2017
4688,565,20935,854,182,120,18-03-2017
4689,565,16802,661,250,171,26-03-2017
4690,565,5074,510,113,85,04-04-2017
4691,566,19642,796,299,58,23-08-2016
4692,566,16214,906,332,89,17-08-2016
4693,566,20361,1563,252,85,14-08-2016
4694,566,13600,1495,329,154,25-08-2016
4695,566,19797,1094,498,21,18-08-2016
4696,566,7610,388,485,54,28-08-2016
4697,566,3699,80,348,72,22-08-2016
4698,566,17505,1662,209,94,16-08-2016
4699,566,3433,160,204,67,15-08-2016
4700,567,24825,1812,278,122,18-09-2017
4701,567,15336,848,45,20,08-09-2017
4702,567,15813,968,200,38,27-08-2017
4703,567,18971,1614,104,85,07-09-2017
4704,567,3435,244,434,139,19-09-2017
4705,567,24970,891,277,26,15-08-2017
4706,567,5685,197,61,142,24-08-2017
4707,568,16590,658,190,181,13-03-2016
4708,568,10292,429,186,199,09-04-2016
4709,568,21490,1122,317,161,25-03-2016
4710,568,21641,1376,334,80,27-03-2016
4711,568,16944,920,240,133,24-03-2016
4712,568,24205,910,475,57,16-03-2016
4713,568,13071,274,268,173,28-03-2016
4714,568,22039,2438,316,102,14-04-2016
4715,568,21684,1483,9,70,13-04-2016
4716,568,3617,406,472,95,14-03-2016
4717,568,22428,2630,81,59,07-04-2016
4718,568,3346,108,483,97,31-03-2016
4719,568,10022,862,120,69,15-03-2016
4720,569,6653,475,81,6,08-07-2016
4721,569,13186,1058,283,24,12-07-2016
4722,569,6395,645,462,108,07-07-2016
4723,569,11028,641,393,105,11-07-2016
4724,569,13970,513,431,163,14-07-2016
4725,569,7155,206,235,61,09-07-2016
4726,570,19789,2180,240,162,30-07-2016
4727,570,11568,1325,352,30,22-07-2016
4728,570,19938,570,403,116,10-07-2016
4729,570,7960,231,53,72,13-07-2016
4730,570,19896,594,62,1,16-07-2016
4731,570,9416,724,66,34,03-08-2016
4732,570,12817,1496,240,85,06-08-2016
4733,570,5745,483,342,131,07-07-2016
4734,570,20240,834,405,83,15-07-2016
4735,570,19639,469,496,65,21-07-2016
4736,570,19671,1126,298,49,25-07-2016
4737,570,16139,1191,57,3,31-07-2016
4738,570,13819,320,380,80,05-08-2016
4739,571,5887,685,417,23,05-12-2017
4740,571,18976,1603,219,179,03-12-2017
4741,571,24642,914,51,197,25-11-2017
4742,571,7098,355,45,1,21-11-2017
4743,571,16123,1318,194,48,11-12-2017
4744,571,6466,323,321,173,29-11-2017
4745,571,5294,364,96,30,01-12-2017
4746,571,4688,249,8,19,02-12-2017
4747,572,24005,2418,365,66,03-12-2016
4748,572,22351,978,148,186,05-12-2016
4749,572,9775,223,399,77,20-11-2016
4750,572,23728,2564,446,197,04-12-2016
4751,572,22627,670,391,38,19-11-2016
4752,573,7177,368,310,182,26-10-2016
4753,573,20564,2118,222,140,02-11-2016
4754,573,3891,307,164,165,27-10-2016
4755,573,12557,1282,221,69,09-11-2016
4756,573,10545,765,27,82,08-11-2016
4757,573,4899,246,344,94,28-10-2016
4758,573,17837,729,14,98,01-11-2016
4759,573,11374,1254,50,126,05-11-2016
4760,574,22540,2262,324,170,06-06-2017
4761,574,4632,455,242,77,12-05-2017
4762,574,18808,1167,384,149,10-05-2017
4763,574,14817,1580,97,178,05-06-2017
4764,574,21716,2278,14,171,24-05-2017
4765,574,20163,1906,220,153,07-06-2017
4766,574,15440,1332,212,177,26-05-2017
4767,574,20403,1898,154,49,04-06-2017
4768,574,7920,538,175,193,28-05-2017
4769,574,18755,1476,56,128,11-05-2017
4770,574,19387,1815,149,132,22-05-2017
4771,575,7604,483,34,153,07-05-2016
4772,575,19347,2065,0,135,08-05-2016
4773,575,3818,344,60,56,04-05-2016
4774,575,23168,556,14,186,02-05-2016
4775,575,16261,1840,124,160,10-05-2016
4776,575,19938,1034,93,21,03-05-2016
4777,575,10926,1112,181,158,05-05-2016
4778,576,9042,526,42,149,07-01-2018
4779,576,9311,556,160,185,10-01-2018
4780,576,11988,765,323,170,04-01-2018
4781,576,18454,1697,240,3,06-01-2018
4782,576,12474,1190,68,69,05-01-2018
4783,576,3745,362,17,154,31-12-2017
4784,576,5524,601,494,182,01-01-2018
4785,576,6320,609,163,101,11-01-2018
4786,577,18168,689,162,193,14-02-2017
4787,577,22976,1702,0,81,15-02-2017
4788,577,15971,373,321,194,18-02-2017
4789,577,10064,957,451,151,12-02-2017
4790,577,15642,979,491,103,26-02-2017
4791,578,22600,1459,49,39,23-06-2017
4792,578,23883,706,419,55,24-06-2017
4793,578,17971,874,347,143,15-07-2017
4794,578,13978,460,199,48,02-07-2017
4795,578,22132,2032,218,55,22-06-2017
4796,578,22908,2576,119,96,06-07-2017
4797,578,21380,848,318,69,13-07-2017
4798,578,3712,210,462,191,01-07-2017
4799,578,8238,357,100,140,20-06-2017
4800,578,16657,1293,327,6,19-06-2017
4801,578,21527,2075,151,98,11-07-2017
4802,578,22548,888,7,61,27-06-2017
4803,579,5069,161,64,138,26-03-2016
4804,579,24879,1301,42,127,07-03-2016
4805,579,22975,2359,342,79,11-03-2016
4806,579,14717,1299,488,98,06-04-2016
4807,579,6784,281,4,190,01-04-2016
4808,579,16468,1200,491,100,15-03-2016
4809,579,24946,1407,431,104,02-04-2016
4810,579,19281,1529,282,169,27-03-2016
4811,579,5438,381,160,150,08-03-2016
4812,580,22800,807,112,48,08-08-2017
4813,580,3246,269,382,91,10-08-2017
4814,580,7601,724,267,110,09-08-2017
4815,580,24761,914,115,159,12-08-2017
4816,580,21109,1560,291,83,07-08-2017
4817,580,4940,484,57,101,19-08-2017
4818,581,3715,186,136,195,12-02-2016
4819,581,24059,1410,134,110,29-01-2016
4820,581,4373,342,64,1,04-02-2016
4821,581,13459,1170,246,138,24-01-2016
4822,581,12466,893,174,186,26-01-2016
4823,581,11279,628,181,2,16-01-2016
4824,581,7623,824,461,81,30-01-2016
4825,582,21536,870,494,178,22-09-2016
4826,582,23782,1696,56,172,14-09-2016
4827,582,4838,177,31,29,21-09-2016
4828,582,8991,720,24,167,30-08-2016
4829,582,19191,812,290,162,08-09-2016
4830,582,12048,803,31,63,20-09-2016
4831,582,11927,1075,443,181,03-09-2016
4832,582,3432,198,381,177,15-09-2016
4833,582,17997,1813,49,194,27-08-2016
4834,583,11838,1360,99,124,02-11-2017
4835,583,15955,1196,374,1,31-10-2017
4836,583,15396,707,479,27,25-10-2017
4837,583,15853,1237,386,19,05-11-2017
4838,583,5833,154,488,178,26-10-2017
4839,583,10759,823,444,134,29-10-2017
4840,583,3162,110,433,197,27-10-2017
4841,583,5071,175,150,181,04-11-2017
4842,583,21825,1468,322,12,28-10-2017
4843,583,19450,1809,74,130,30-10-2017
4844,583,14677,1390,91,194,01-11-2017
4845,583,23791,2371,189,183,03-11-2017
4846,584,16679,882,138,17,23-12-2016
4847,584,7734,554,308,18,27-12-2016
4848,584,16995,344,130,142,19-12-2016
4849,584,13021,1190,351,179,18-12-2016
4850,584,17747,1151,219,143,12-12-2016
4851,584,4708,315,162,118,01-01-2017
4852,584,9896,1136,75,104,04-01-2017
4853,584,21542,682,434,169,28-12-2016
4854,585,5802,462,261,140,17-05-2016
4855,585,9179,666,38,193,25-05-2016
4856,585,20387,1748,155,71,16-05-2016
4857,585,4669,167,302,123,24-05-2016
4858,585,19261,1554,125,127,18-05-2016
4859,585,19799,1790,38,53,15-05-2016
4860,585,22683,740,413,71,23-05-2016
4861,585,12736,275,365,146,22-05-2016
4862,585,11956,931,417,152,26-05-2016
4863,586,14674,1118,465,82,16-08-2017
4864,586,19332,1590,3,123,14-08-2017
4865,586,20685,2112,327,195,17-08-2017
4866,586,10569,855,10,168,27-08-2017
4867,586,8980,262,73,125,24-08-2017
4868,587,16654,1204,323,135,03-09-2017
4869,587,6027,684,142,97,07-08-2017
4870,587,11261,834,130,2,28-08-2017
4871,587,16640,534,232,156,20-08-2017
4872,587,17318,2052,315,105,16-08-2017
4873,587,23701,538,65,30,14-08-2017
4874,587,13291,1197,265,36,27-08-2017
4875,587,6424,266,275,62,13-08-2017
4876,587,19698,2206,59,167,03-08-2017
4877,587,14875,1344,180,43,25-08-2017
4878,587,21158,1185,307,37,09-09-2017
4879,587,19592,2100,240,45,12-08-2017
4880,588,16654,1419,386,119,19-11-2016
4881,588,7229,761,326,134,17-11-2016
4882,588,13632,1128,57,131,13-11-2016
4883,588,6874,584,396,129,11-11-2016
4884,588,11666,974,13,139,09-11-2016
4885,589,5464,316,292,131,28-11-2016
4886,589,19504,1864,408,52,02-11-2016
4887,589,11354,1020,221,157,16-11-2016
4888,589,21721,561,452,167,14-11-2016
4889,589,9863,392,288,44,22-11-2016
4890,589,10537,911,109,15,17-11-2016
4891,589,14575,1323,95,81,13-11-2016
4892,589,22376,1008,16,88,08-11-2016
4893,589,15552,1177,456,71,27-10-2016
4894,589,17912,826,63,76,29-11-2016
4895,589,5865,359,114,125,19-11-2016
4896,590,20700,551,102,25,11-02-2016
4897,590,21072,974,150,80,13-02-2016
4898,590,5620,578,480,93,12-02-2016
4899,590,14072,1365,105,181,16-02-2016
4900,590,22535,1076,141,67,06-02-2016
4901,590,21162,1257,319,16,10-02-2016
4902,590,11126,821,295,67,07-02-2016
4903,590,7014,179,122,41,17-02-2016
4904,590,20677,1952,447,3,08-02-2016
4905,590,21481,1084,139,173,14-02-2016
4906,590,7511,670,235,23,15-02-2016
4907,590,7435,166,430,111,09-02-2016
4908,591,18900,1210,295,50,18-08-2017
4909,591,5399,225,384,119,27-08-2017
4910,591,13186,1221,164,110,15-08-2017
4911,591,16104,399,61,55,09-08-2017
4912,591,21785,1120,373,32,28-08-2017
4913,591,10020,791,489,178,08-08-2017
4914,591,13820,1258,348,63,10-08-2017
4915,591,16264,1110,85,129,13-08-2017
4916,591,15664,1035,46,129,22-08-2017
4917,591,22253,1153,497,22,12-08-2017
4918,591,7882,305,387,78,26-08-2017
4919,591,6288,355,282,121,14-08-2017
4920,591,22536,1037,258,163,17-08-2017
4921,591,8021,771,141,52,20-08-2017
4922,592,14070,1466,429,55,28-06-2016
4923,592,4796,328,140,29,05-07-2016
4924,592,3347,257,423,135,04-07-2016
4925,592,19836,551,7,178,03-07-2016
4926,592,22166,2484,77,19,06-07-2016
4927,593,5997,232,320,34,08-05-2016
4928,593,23910,2004,64,73,29-04-2016
4929,593,10644,741,374,105,03-05-2016
4930,593,18935,2233,354,30,06-05-2016
4931,593,21115,2458,261,178,27-04-2016
4932,593,20487,1404,290,85,28-04-2016
4933,593,5661,619,401,53,26-04-2016
4934,593,17853,1806,421,55,05-05-2016
4935,593,14433,789,175,29,30-04-2016
4936,593,18014,880,350,94,04-05-2016
4937,593,10343,327,89,164,02-05-2016
4938,593,18105,1794,171,173,07-05-2016
4939,593,3774,298,266,66,01-05-2016
4940,594,5235,438,421,9,24-06-2016
4941,594,8109,784,196,143,04-07-2016
4942,594,24774,1590,477,18,05-07-2016
4943,594,22221,2285,431,28,25-06-2016
4944,594,9577,1070,49,81,02-07-2016
4945,594,15647,1534,244,15,07-07-2016
4946,594,8788,450,308,84,28-06-2016
4947,594,23606,2271,243,8,29-06-2016
4948,594,16730,545,29,72,30-06-2016
4949,594,23818,2525,190,133,26-06-2016
4950,594,16751,1400,77,66,21-06-2016
4951,594,5159,111,386,80,01-07-2016
4952,594,3348,329,434,46,06-07-2016
4953,595,3401,236,485,92,24-09-2017
4954,595,8678,843,106,43,03-10-2017
4955,595,16955,1396,441,120,18-09-2017
4956,595,8963,212,92,199,25-09-2017
4957,595,16568,928,380,73,12-09-2017
4958,595,13396,330,255,72,11-09-2017
4959,595,9744,637,154,177,27-09-2017
4960,595,23144,890,422,113,08-09-2017
4961,595,11127,1306,453,115,29-09-2017
4962,596,5266,489,105,192,25-06-2016
4963,596,9138,1095,320,13,23-06-2016
4964,596,18253,1757,31,78,26-06-2016
4965,596,10260,829,381,174,20-06-2016
4966,596,8046,359,426,145,19-06-2016
4967,596,4444,234,210,108,21-06-2016
4968,596,6835,764,6,188,18-06-2016
4969,596,23795,1361,243,87,22-06-2016
4970,596,10204,735,116,84,24-06-2016
4971,597,10489,434,389,37,27-03-2016
4972,597,15835,1153,399,117,21-03-2016
4973,597,13205,936,153,39,16-03-2016
4974,597,20627,2419,476,105,18-03-2016
4975,597,12471,1462,84,189,12-03-2016
4976,597,22270,811,178,194,23-03-2016
4977,597,14375,783,198,171,19-03-2016
4978,597,15663,1813,108,90,20-03-2016
4979,597,5765,568,360,87,07-03-2016
4980,597,16886,1213,112,180,15-03-2016
4981,597,10054,273,418,130,30-03-2016
4982,597,12514,1448,371,93,13-03-2016
4983,597,16506,1252,473,145,22-03-2016
4984,598,9430,752,232,176,05-05-2017
4985,598,7059,270,281,2,13-05-2017
4986,598,9789,313,261,163,12-05-2017
4987,598,11233,1298,189,75,30-04-2017
4988,598,15187,640,474,15,27-04-2017
4989,598,20045,1517,205,52,09-05-2017
4990,598,13414,537,104,55,07-05-2017
4991,598,17851,1019,174,175,14-05-2017
4992,598,15173,664,439,123,16-05-2017
4993,599,6966,664,191,185,10-07-2017
4994,599,17597,1622,14,3,01-07-2017
4995,599,23083,1002,444,166,03-07-2017
4996,599,10789,314,124,102,04-07-2017
4997,599,5661,309,444,112,08-07-2017
4998,599,12312,1233,287,169,30-06-2017
4999,599,19941,1642,409,168,07-07-2017
5000,600,11083,725,453,116,04-08-2016
5001,600,13917,979,49,90,31-07-2016
5002,600,6138,188,401,151,03-08-2016
5003,600,9910,288,80,4,14-08-2016
5004,600,20408,1552,459,186,08-08-2016
5005,600,6517,300,244,58,28-07-2016
5006,600,18679,1551,281,42,16-08-2016
5007,600,3382,156,69,2,18-08-2016
5008,600,22343,2050,299,2,09-08-2016
5009,600,5469,637,246,48,12-08-2016
5010,600,20517,2213,175,190,07-08-2016
5011,600,9160,1027,150,137,11-08-2016
5012,600,9220,445,150,85,05-08-2016
5013,601,9406,662,161,114,24-01-2017
5014,601,18003,1374,203,140,22-01-2017
5015,601,4942,185,363,19,25-01-2017
5016,601,10989,1001,281,84,27-01-2017
5017,601,10512,786,308,42,20-01-2017
5018,601,19066,1759,409,106,19-01-2017
5019,601,11148,491,333,107,01-02-2017
5020,601,17791,1950,244,72,28-01-2017
5021,601,21616,1383,365,82,21-01-2017
5022,601,13778,368,209,47,02-02-2017
5023,601,10859,628,476,88,26-01-2017
5024,601,4530,295,345,94,29-01-2017
5025,601,3348,338,367,83,30-01-2017
5026,601,18511,484,275,158,03-02-2017
5027,602,22322,1737,76,121,30-08-2017
5028,602,3108,116,103,177,04-09-2017
5029,602,12611,679,138,199,29-08-2017
5030,602,21222,424,80,136,31-08-2017
5031,602,21735,2210,80,1,07-09-2017
5032,602,21176,872,327,75,06-09-2017
5033,602,4137,202,184,77,02-09-2017
5034,602,22431,2500,97,174,03-09-2017
5035,602,5665,116,230,137,05-09-2017
5036,603,16808,770,363,106,11-02-2016
5037,603,22705,576,322,159,16-02-2016
5038,603,4786,297,456,171,07-02-2016
5039,603,4427,531,243,24,09-02-2016
5040,603,19699,870,69,47,28-01-2016
5041,603,15029,805,138,52,14-02-2016
5042,603,12861,663,320,93,19-02-2016
5043,603,24854,2692,364,91,04-02-2016
5044,603,24588,1292,455,117,15-02-2016
5045,603,19656,486,367,192,26-01-2016
5046,603,23629,2405,25,88,08-02-2016
5047,603,24109,624,107,10,18-02-2016
5048,603,22906,2056,180,139,06-02-2016
5049,604,11748,982,311,183,19-11-2016
5050,604,15661,360,324,70,02-12-2016
5051,604,17747,1556,147,61,30-11-2016
5052,604,19647,1598,233,140,03-12-2016
5053,604,17357,928,331,33,18-11-2016
5054,604,9849,1017,359,23,01-12-2016
5055,604,13977,1484,161,167,22-11-2016
5056,604,15528,1621,435,59,16-11-2016
5057,604,17859,908,382,138,21-11-2016
5058,604,4748,475,482,68,26-11-2016
5059,604,10000,683,71,128,27-11-2016
5060,605,17906,1165,212,56,21-06-2016
5061,605,17329,1633,468,30,30-06-2016
5062,605,5410,561,315,22,13-06-2016
5063,605,9561,734,491,72,14-06-2016
5064,605,24299,2045,8,68,09-07-2016
5065,605,12678,522,466,170,10-07-2016
5066,605,10986,1052,23,27,16-07-2016
5067,605,4290,166,320,102,04-07-2016
5068,605,17710,1477,239,171,15-06-2016
5069,605,11238,857,129,30,17-06-2016
5070,605,4025,172,37,197,28-06-2016
5071,605,23868,2324,323,85,05-07-2016
5072,605,22878,632,118,154,01-07-2016
5073,605,15709,968,403,164,03-07-2016
5074,605,18446,1529,2,46,27-06-2016
5075,606,21794,1882,75,4,04-09-2016
5076,606,6571,735,36,174,24-08-2016
5077,606,7996,560,29,92,05-09-2016
5078,606,21854,776,48,93,14-09-2016
5079,606,13190,327,447,151,18-09-2016
5080,606,22151,599,66,98,30-09-2016
5081,607,13062,1204,348,23,26-06-2017
5082,607,9548,1025,448,111,09-07-2017
5083,607,16290,769,481,111,17-07-2017
5084,607,19423,1584,408,121,03-07-2017
5085,607,16903,1102,369,107,15-07-2017
5086,607,8774,772,471,137,01-08-2017
5087,607,7815,780,280,111,28-06-2017
5088,608,23903,1352,394,147,22-01-2016
5089,608,20234,1770,387,40,15-01-2016
5090,608,18389,621,141,32,21-01-2016
5091,608,22238,2273,422,103,31-01-2016
5092,608,21091,1026,153,136,09-01-2016
5093,608,20043,1244,140,173,24-01-2016
5094,608,4876,422,264,132,30-01-2016
5095,608,5863,557,125,128,27-01-2016
5096,608,14114,997,403,179,23-01-2016
5097,608,20612,1707,128,0,02-02-2016
5098,608,10252,645,458,177,03-02-2016
5099,608,23828,1655,347,127,19-01-2016
5100,608,10472,766,286,40,05-02-2016
5101,609,3484,270,126,7,07-09-2016
5102,609,16342,1849,251,168,26-08-2016
5103,609,5657,554,157,136,18-09-2016
5104,609,4357,307,84,149,22-08-2016
5105,609,24186,700,145,94,04-09-2016
5106,609,21789,1867,179,37,14-08-2016
5107,610,14378,774,332,12,19-11-2017
5108,610,12016,524,303,42,13-11-2017
5109,610,9871,1020,475,137,20-11-2017
5110,610,20391,996,433,47,11-11-2017
5111,610,23913,1519,275,169,18-11-2017
5112,610,16098,1479,102,21,10-11-2017
5113,610,18796,1262,256,47,14-11-2017
5114,610,22352,2542,155,134,21-11-2017
5115,610,16203,491,420,5,17-11-2017
5116,610,12690,1492,107,20,16-11-2017
5117,610,3928,314,199,114,15-11-2017
5118,610,15591,1101,118,170,23-11-2017
5119,611,14231,1442,91,193,20-06-2017
5120,611,19943,1472,394,107,30-06-2017
5121,611,24585,1903,198,27,19-06-2017
5122,611,7001,262,363,73,07-06-2017
5123,611,3824,184,52,106,08-06-2017
5124,611,18418,2093,311,148,12-06-2017
5125,611,17269,714,78,1,27-06-2017
5126,611,17269,646,243,32,28-06-2017
5127,611,21033,1322,95,108,14-06-2017
5128,611,7736,851,416,124,10-06-2017
5129,612,18226,1919,124,136,06-11-2017
5130,612,18484,1054,200,151,28-10-2017
5131,612,11924,394,146,21,12-10-2017
5132,612,8270,793,457,73,05-11-2017
5133,612,19960,1196,465,9,14-10-2017
5134,612,22385,2120,166,95,11-10-2017
5135,612,18914,627,183,167,07-10-2017
5136,612,5821,467,411,37,16-10-2017
5137,612,5233,331,79,146,08-10-2017
5138,612,9392,629,390,183,09-10-2017
5139,612,23267,514,423,148,18-10-2017
5140,612,16299,842,306,181,08-11-2017
5141,612,12753,1301,264,99,29-10-2017
5142,612,7367,150,75,67,09-11-2017
5143,613,21856,2315,333,109,30-11-2017
5144,613,13166,1520,347,42,19-11-2017
5145,613,15845,665,65,60,22-11-2017
5146,613,8749,436,131,196,15-11-2017
5147,613,14148,431,289,122,21-11-2017
5148,613,9636,1104,133,105,17-12-2017
5149,613,18412,463,280,27,02-12-2017
5150,614,21034,2384,448,32,19-04-2016
5151,614,16696,1207,180,157,22-04-2016
5152,614,13911,1445,155,25,29-04-2016
5153,614,14908,1438,176,107,18-04-2016
5154,614,14877,1724,57,140,25-04-2016
5155,614,12227,1202,397,194,30-04-2016
5156,614,16230,1031,296,166,01-05-2016
5157,614,3011,298,133,123,24-04-2016
5158,614,23568,1484,361,26,27-04-2016
5159,614,16941,1402,89,80,21-04-2016
5160,614,17326,897,377,132,26-04-2016
5161,614,18537,1173,196,31,20-04-2016
5162,614,5401,260,342,126,28-04-2016
5163,614,17180,1928,85,187,02-05-2016
5164,614,17868,471,134,27,23-04-2016
5165,615,20276,439,12,176,31-05-2017
5166,615,13759,442,75,156,03-06-2017
5167,615,24286,2853,262,52,05-06-2017
5168,615,21735,436,190,103,24-05-2017
5169,615,23525,514,282,83,02-06-2017
5170,615,23501,1772,429,182,25-05-2017
5171,615,15438,866,434,117,07-06-2017
5172,615,18882,818,227,53,26-05-2017
5173,615,12518,299,330,128,04-06-2017
5174,615,18886,1979,210,132,29-05-2017
5175,615,24418,1990,148,198,01-06-2017
5176,616,22222,1993,54,199,25-08-2016
5177,616,12988,690,463,153,24-08-2016
5178,616,3003,206,144,58,27-08-2016
5179,616,21921,2115,349,110,23-08-2016
5180,616,16068,779,17,30,21-08-2016
5181,617,16428,1631,396,198,27-05-2016
5182,617,10060,1143,406,5,31-05-2016
5183,617,20244,2416,309,167,04-06-2016
5184,617,18277,857,289,118,07-06-2016
5185,617,22769,1464,301,65,03-06-2016
5186,617,10598,324,192,124,06-06-2016
5187,617,12504,1316,229,22,24-05-2016
5188,617,6182,236,224,158,28-05-2016
5189,617,11051,814,237,140,30-05-2016
5190,617,6707,285,153,68,02-06-2016
5191,617,24875,1683,74,36,25-05-2016
5192,617,22406,802,121,112,01-06-2016
5193,617,18433,523,378,161,26-05-2016
5194,617,21808,2277,78,31,29-05-2016
5195,617,14978,980,490,199,05-06-2016
5196,618,11765,900,336,44,17-04-2017
5197,618,16482,453,99,198,11-04-2017
5198,618,9708,935,494,108,14-04-2017
5199,618,12327,264,384,96,15-04-2017
5200,618,10464,1230,48,123,08-04-2017
5201,618,3886,178,211,78,13-04-2017
5202,618,24310,805,171,191,12-04-2017
5203,618,11324,1238,214,137,07-04-2017
5204,618,4019,415,345,90,06-04-2017
5205,618,20554,1274,25,73,10-04-2017
5206,618,3471,313,417,118,16-04-2017
5207,618,22562,1699,127,123,09-04-2017
5208,618,11506,1180,169,63,05-04-2017
5209,619,3903,227,469,184,04-07-2017
5210,619,18080,1478,453,173,21-06-2017
5211,619,13192,378,313,145,12-06-2017
5212,619,18566,704,357,101,26-06-2017
5213,619,5556,239,182,122,16-06-2017
5214,619,9682,656,450,63,24-06-2017
5215,619,4838,104,128,43,01-07-2017
5216,619,13980,721,31,47,02-07-2017
5217,619,3925,147,37,57,19-06-2017
5218,620,23943,1509,35,51,01-08-2017
5219,620,23212,605,474,102,22-07-2017
5220,620,17918,1630,451,101,02-08-2017
5221,620,23922,2845,457,20,24-07-2017
5222,620,8800,748,313,33,25-07-2017
5223,620,14719,737,284,102,06-08-2017
5224,620,16699,1552,164,77,26-07-2017
5225,620,10686,366,120,20,04-08-2017
5226,620,11409,939,128,181,07-08-2017
5227,620,21222,1083,32,123,23-07-2017
5228,620,6780,699,219,98,30-07-2017
5229,620,15308,374,435,180,27-07-2017
5230,620,12591,1468,435,153,28-07-2017
5231,620,23163,1536,105,3,03-08-2017
5232,620,7012,633,255,188,05-08-2017
5233,621,21054,1045,359,3,10-11-2016
5234,621,23789,2192,126,9,20-11-2016
5235,621,17257,879,70,49,21-11-2016
5236,621,11459,910,108,123,19-11-2016
5237,621,10437,287,208,168,28-11-2016
5238,621,13496,770,179,2,22-11-2016
5239,621,24243,1431,345,109,16-11-2016
5240,621,16190,1933,143,87,23-11-2016
5241,621,3589,322,12,131,29-11-2016
5242,621,9626,280,364,31,17-11-2016
5243,621,10710,700,429,158,24-11-2016
5244,621,17383,529,0,182,18-11-2016
5245,621,12311,1452,389,172,26-11-2016
5246,621,23162,1452,31,113,27-11-2016
5247,621,24417,1279,230,98,25-11-2016
5248,622,18304,1718,417,92,01-11-2017
5249,622,16478,1529,439,136,05-11-2017
5250,622,17078,1952,184,46,10-11-2017
5251,622,6090,378,433,172,02-11-2017
5252,622,23916,2745,380,91,09-11-2017
5253,622,22896,2415,64,139,12-11-2017
5254,622,13269,610,16,117,14-11-2017
5255,622,14531,1455,274,114,08-11-2017
5256,623,14402,705,27,9,04-12-2016
5257,623,9085,901,298,2,29-12-2016
5258,623,23257,962,110,19,23-12-2016
5259,623,19235,973,333,116,16-12-2016
5260,623,23122,1085,458,195,15-12-2016
5261,623,24687,1751,91,133,11-12-2016
5262,623,7917,817,289,138,02-01-2017
5263,623,15122,1162,328,102,31-12-2016
5264,623,19417,1568,480,115,05-01-2017
5265,623,23720,2732,216,195,08-01-2017
5266,624,13500,427,188,139,26-03-2017
5267,624,9853,670,276,191,17-03-2017
5268,624,19008,975,10,173,20-03-2017
5269,624,14763,311,199,136,01-04-2017
5270,624,7366,258,354,171,24-03-2017
5271,625,14263,944,134,189,30-06-2017
5272,625,21186,1500,455,192,11-06-2017
5273,625,13062,868,249,168,06-06-2017
5274,625,4428,335,374,166,01-06-2017
5275,625,7714,685,395,173,25-06-2017
5276,625,4030,187,154,152,22-06-2017
5277,625,4601,478,328,100,28-06-2017
5278,625,13644,1091,108,73,08-06-2017
5279,625,10133,202,416,139,21-06-2017
5280,625,23604,1836,275,116,09-06-2017
5281,626,20547,1060,56,34,22-02-2017
5282,626,8534,222,213,15,06-03-2017
5283,626,17277,1417,492,108,13-02-2017
5284,626,15956,437,32,148,26-02-2017
5285,626,16679,1019,454,133,12-02-2017
5286,626,10816,1265,11,195,13-03-2017
5287,626,20740,1473,342,175,21-02-2017
5288,626,10848,1075,102,127,16-03-2017
5289,626,3110,122,200,106,02-02-2017
5290,626,21562,2391,396,92,15-03-2017
5291,627,15683,1392,8,131,13-05-2017
5292,627,19049,2102,412,144,04-05-2017
5293,627,8319,657,214,164,02-05-2017
5294,627,3531,387,43,135,08-05-2017
5295,627,14753,779,196,96,07-05-2017
5296,627,13714,541,107,179,03-05-2017
5297,627,15891,568,132,99,05-05-2017
5298,627,20446,738,490,75,11-05-2017
5299,627,24597,2063,484,6,10-05-2017
5300,627,4227,291,466,193,14-05-2017
5301,627,5899,212,44,79,12-05-2017
5302,628,21419,1686,174,118,10-05-2016
5303,628,3007,248,225,133,09-06-2016
5304,628,15771,486,205,60,14-05-2016
5305,628,9219,1033,464,50,07-06-2016
5306,628,9757,589,113,96,01-06-2016
5307,628,7630,583,32,11,05-05-2016
5308,628,14808,1172,218,180,19-05-2016
5309,629,16054,381,443,37,08-02-2016
5310,629,22248,921,416,190,02-02-2016
5311,629,9220,674,314,160,28-01-2016
5312,629,5243,612,68,43,31-01-2016
5313,629,13109,1326,210,95,07-02-2016
5314,629,15845,620,158,30,29-01-2016
5315,629,6069,706,441,139,27-01-2016
5316,629,11747,519,387,101,24-01-2016
5317,629,22029,1404,91,125,26-01-2016
5318,629,19579,429,233,136,05-02-2016
5319,630,24468,1104,464,164,25-07-2016
5320,630,4945,280,378,37,26-07-2016
5321,630,13337,697,2,55,15-08-2016
5322,630,14620,1103,141,149,27-07-2016
5323,630,16312,600,333,29,11-08-2016
5324,630,4503,254,9,50,05-08-2016
5325,631,18417,512,431,77,14-11-2016
5326,631,14464,573,417,54,17-11-2016
5327,631,6393,521,390,85,22-11-2016
5328,631,3196,293,394,193,16-11-2016
5329,631,7781,349,195,9,20-11-2016
5330,631,9689,572,453,160,18-11-2016
5331,631,12625,1439,189,187,19-11-2016
5332,631,19839,1494,389,180,21-11-2016
5333,631,15633,318,247,126,15-11-2016
5334,631,8227,746,329,59,13-11-2016
5335,632,10897,607,229,38,15-05-2016
5336,632,17233,752,454,168,30-04-2016
5337,632,17104,382,390,180,14-05-2016
5338,632,4912,296,5,194,21-05-2016
5339,632,14213,596,140,170,28-04-2016
5340,632,8334,816,367,50,25-05-2016
5341,632,21894,467,200,95,08-05-2016
5342,632,10090,1194,366,91,22-05-2016
5343,632,6222,694,343,90,03-05-2016
5344,632,5700,435,106,124,20-05-2016
5345,632,13915,447,84,136,27-04-2016
5346,632,4925,303,437,8,27-05-2016
5347,632,5492,175,267,83,13-05-2016
5348,632,11876,1414,213,21,02-05-2016
5349,632,15116,1781,295,17,09-05-2016
5350,633,10828,356,453,10,25-07-2016
5351,633,3714,376,471,6,21-07-2016
5352,633,24023,1967,40,163,30-07-2016
5353,633,20205,1766,208,100,28-07-2016
5354,633,7502,199,258,75,22-07-2016
5355,633,11350,392,14,137,27-07-2016
5356,633,19181,1410,64,110,23-07-2016
5357,633,7754,708,6,149,29-07-2016
5358,633,13629,970,245,90,24-07-2016
5359,633,19334,2251,81,147,26-07-2016
5360,634,15256,600,89,21,11-07-2017
5361,634,23287,1663,75,33,08-07-2017
5362,634,8029,791,162,74,24-07-2017
5363,634,23064,2142,187,138,29-07-2017
5364,634,14074,755,490,6,15-07-2017
5365,634,22976,2452,279,170,13-07-2017
5366,634,8477,758,236,83,03-08-2017
5367,634,16676,1354,37,106,06-07-2017
5368,634,7091,610,348,115,14-07-2017
5369,634,16717,599,307,153,04-07-2017
5370,635,17018,1860,31,20,28-10-2017
5371,635,6726,775,12,103,09-11-2017
5372,635,11441,432,85,30,14-11-2017
5373,635,21096,1094,29,159,29-10-2017
5374,635,12795,1246,64,145,31-10-2017
5375,635,3687,238,405,85,03-11-2017
5376,635,15797,838,64,47,15-11-2017
5377,635,17291,1399,40,12,30-10-2017
5378,635,8641,757,106,152,04-11-2017
5379,635,19996,1710,63,98,10-11-2017
5380,635,12956,394,372,124,01-11-2017
5381,635,18269,1435,422,30,08-11-2017
5382,635,6343,540,81,145,07-11-2017
5383,635,3619,226,60,93,06-11-2017
5384,635,23345,1493,263,91,02-11-2017
5385,636,7762,351,379,153,07-05-2016
5386,636,13153,1197,74,177,03-06-2016
5387,636,18459,1412,347,122,02-05-2016
5388,636,4653,246,295,123,01-06-2016
5389,636,6725,651,304,14,28-04-2016
5390,636,23233,2635,90,163,03-05-2016
5391,636,13362,1312,434,175,22-05-2016
5392,636,17906,1189,363,95,16-05-2016
5393,637,7576,786,471,116,11-04-2017
5394,637,20071,841,410,66,06-05-2017
5395,637,19573,526,374,93,04-05-2017
5396,637,7213,844,243,86,18-04-2017
5397,637,8346,667,299,107,06-04-2017
5398,637,21391,2249,108,3,09-05-2017
5399,638,19013,895,221,34,10-09-2017
5400,638,22751,2638,282,56,27-08-2017
5401,638,3651,379,305,2,07-09-2017
5402,638,17440,1144,368,168,24-09-2017
5403,638,6660,699,166,70,03-09-2017
5404,638,9742,793,28,69,18-09-2017
5405,638,16698,503,369,194,14-09-2017
5406,638,20209,1800,254,139,15-09-2017
5407,638,4883,147,217,31,06-09-2017
5408,638,3467,308,320,146,02-10-2017
5409,638,21607,1075,119,51,31-08-2017
5410,639,15863,1471,112,144,31-05-2017
5411,639,14233,1549,252,35,02-05-2017
5412,639,18093,1854,298,184,22-05-2017
5413,639,18508,1441,259,86,03-05-2017
5414,639,14006,1446,338,114,30-04-2017
5415,639,17518,776,142,50,07-05-2017
5416,640,21356,1850,275,17,08-08-2016
5417,640,6097,614,125,30,13-09-2016
5418,640,24169,2698,273,85,04-08-2016
5419,640,19505,1014,98,12,01-08-2016
5420,640,5434,115,327,46,03-09-2016
5421,640,10684,434,221,72,02-09-2016
5422,640,21278,1568,434,118,08-09-2016
5423,640,4446,130,188,181,15-08-2016
5424,640,16930,1264,167,71,29-08-2016
5425,640,10807,1218,338,178,09-09-2016
5426,641,12458,746,452,3,27-12-2017
5427,641,13263,544,238,20,06-01-2018
5428,641,24943,2321,369,31,03-01-2018
5429,641,3140,376,78,123,04-01-2018
5430,641,6053,431,113,178,28-12-2017
5431,641,21941,2154,141,33,31-12-2017
5432,641,14535,918,240,60,10-01-2018
5433,641,7628,559,46,25,05-01-2018
5434,641,11102,1018,11,186,30-12-2017
5435,641,6601,493,420,93,02-01-2018
5436,641,4991,129,326,53,08-01-2018
5437,641,8073,594,92,4,29-12-2017
5438,641,9307,915,116,78,07-01-2018
5439,641,4269,420,188,126,01-01-2018
5440,642,20322,981,122,77,22-12-2017
5441,642,20857,1108,413,107,18-12-2017
5442,642,22030,2548,164,7,24-12-2017
5443,642,21094,660,278,105,08-12-2017
5444,642,8882,880,189,194,28-12-2017
5445,642,3187,300,487,194,15-12-2017
5446,642,23761,1281,89,27,26-12-2017
5447,642,9282,868,275,185,13-12-2017
5448,643,6595,234,315,170,28-06-2017
5449,643,16534,1122,82,121,15-07-2017
5450,643,24620,1667,356,111,11-07-2017
5451,643,7643,411,467,76,27-07-2017
5452,643,8742,614,229,140,27-06-2017
5453,643,24979,849,140,63,21-07-2017
5454,643,9413,351,203,10,30-06-2017
5455,643,14039,329,47,58,06-07-2017
5456,644,4621,96,336,123,23-08-2016
5457,644,4478,95,136,181,24-08-2016
5458,644,5794,491,391,58,01-09-2016
5459,644,23781,2126,12,38,30-08-2016
5460,644,24635,762,18,23,05-09-2016
5461,644,20903,863,163,17,06-09-2016
5462,644,9612,610,6,179,14-09-2016
5463,644,10200,464,40,140,04-09-2016
5464,644,13999,1625,497,149,15-09-2016
5465,644,21583,993,353,68,31-08-2016
5466,644,8639,311,452,69,16-09-2016
5467,645,8216,661,293,0,22-10-2016
5468,645,10352,461,131,183,24-10-2016
5469,645,15885,1597,368,34,21-10-2016
5470,645,22798,2216,249,114,09-11-2016
5471,645,9496,870,150,188,08-11-2016
5472,645,6604,311,352,160,25-10-2016
5473,646,11063,927,57,130,19-06-2017
5474,646,12376,1033,107,109,27-06-2017
5475,646,12272,637,361,57,20-06-2017
5476,646,22434,455,451,5,08-06-2017
5477,646,12875,280,134,1,09-06-2017
5478,646,22534,2438,81,162,12-06-2017
5479,646,15737,1637,492,70,15-06-2017
5480,646,15385,1063,83,43,10-06-2017
5481,646,12279,380,5,90,25-06-2017
5482,646,7811,618,244,10,23-06-2017
5483,646,20025,644,301,170,17-06-2017
5484,646,24699,1607,210,54,07-06-2017
5485,647,16245,1178,18,61,08-01-2016
5486,647,23506,2712,394,89,23-01-2016
5487,647,21472,1412,320,173,10-01-2016
5488,647,20397,1326,110,43,29-01-2016
5489,647,8842,494,11,63,26-01-2016
5490,647,9288,511,162,20,24-01-2016
5491,647,14752,893,371,60,21-01-2016
5492,647,19904,1535,121,15,18-01-2016
5493,648,5408,396,251,14,21-05-2016
5494,648,12271,883,311,138,13-05-2016
5495,648,4854,210,51,34,09-05-2016
5496,648,6447,673,79,142,11-05-2016
5497,648,20625,1388,139,192,25-05-2016
5498,648,19708,1949,75,106,14-05-2016
5499,648,13078,1139,296,23,23-05-2016
5500,648,24033,1669,435,160,18-05-2016
5501,649,18077,1411,307,10,23-12-2016
5502,649,22855,730,484,6,24-12-2016
5503,649,15367,1508,12,117,13-12-2016
5504,649,8837,267,445,62,31-12-2016
5505,649,5067,178,471,40,27-12-2016
5506,649,20683,1183,46,49,05-01-2017
5507,649,3967,397,498,142,28-12-2016
5508,650,13171,671,303,5,08-03-2017
5509,650,20631,1835,413,147,09-02-2017
5510,650,7096,807,296,84,04-03-2017
5511,650,6153,587,365,11,01-03-2017
5512,650,16631,1861,46,184,19-02-2017
5513,650,13366,586,425,156,18-02-2017
5514,650,22890,1306,247,73,13-03-2017
5515,650,15149,620,197,168,27-02-2017
5516,650,17063,746,63,104,11-02-2017
5517,651,4573,330,442,58,25-09-2017
5518,651,12656,766,381,199,27-09-2017
5519,651,9524,552,402,95,15-09-2017
5520,651,15792,1827,56,120,17-09-2017
5521,651,6187,433,366,181,30-09-2017
5522,651,15443,1000,157,71,29-09-2017
5523,651,7466,171,79,86,16-09-2017
5524,651,20208,815,33,139,14-09-2017
5525,651,7654,590,335,155,22-09-2017
5526,651,6247,219,48,96,26-09-2017
5527,652,21209,2271,303,35,11-11-2017
5528,652,7224,360,58,180,06-12-2017
5529,652,21143,2510,224,57,20-11-2017
5530,652,7419,329,145,130,25-11-2017
5531,652,9508,629,397,17,01-12-2017
5532,652,19463,2176,233,145,28-11-2017
5533,652,18867,2202,51,147,14-11-2017
5534,652,13170,1093,204,117,04-12-2017
5535,652,23688,1069,180,50,22-11-2017
5536,652,13654,1519,184,57,10-11-2017
5537,652,22930,1786,275,186,27-11-2017
5538,652,3051,334,413,141,05-12-2017
5539,652,5485,378,329,56,08-11-2017
5540,652,15516,993,280,172,24-11-2017
5541,652,24592,885,494,89,13-11-2017
5542,653,23789,1536,224,97,06-11-2017
5543,653,3384,223,405,2,23-10-2017
5544,653,4657,162,210,189,15-10-2017
5545,653,11181,1225,334,185,20-10-2017
5546,653,22616,1947,366,184,01-11-2017
5547,653,23274,2139,405,180,15-11-2017
5548,653,22539,1510,182,38,27-10-2017
5549,653,5929,706,386,48,02-11-2017
5550,653,11380,310,463,7,03-11-2017
5551,654,19634,1473,391,18,24-06-2017
5552,654,8335,275,7,51,26-06-2017
5553,654,11444,1197,277,141,04-07-2017
5554,654,21337,1292,239,159,07-07-2017
5555,654,4417,95,257,11,27-06-2017
5556,654,9997,575,391,169,10-07-2017
5557,654,4998,377,288,43,29-06-2017
5558,654,11680,1112,42,144,09-07-2017
5559,654,23333,938,403,139,03-07-2017
5560,654,20962,1517,57,93,05-07-2017
5561,654,11727,737,171,199,06-07-2017
5562,654,14946,465,379,11,01-07-2017
5563,654,7763,749,224,184,30-06-2017
5564,655,24011,2196,137,85,27-12-2017
5565,655,20025,1257,60,122,24-12-2017
5566,655,5018,489,466,82,28-12-2017
5567,655,18608,604,43,29,29-12-2017
5568,655,5083,394,496,39,26-12-2017
5569,655,9308,527,77,87,31-12-2017
5570,655,14492,479,37,190,30-12-2017
5571,655,17467,995,416,96,20-12-2017
5572,655,9627,543,123,1,21-12-2017
5573,655,16414,770,276,2,22-12-2017
5574,655,14851,1445,109,108,25-12-2017
5575,655,3870,439,178,52,23-12-2017
5576,656,4165,463,92,179,04-06-2017
5577,656,11086,488,256,10,21-06-2017
5578,656,5241,405,176,28,23-05-2017
5579,656,10177,401,394,11,09-06-2017
5580,656,23637,2360,410,83,26-06-2017
5581,656,5743,639,271,108,14-06-2017
5582,656,7661,871,122,36,02-07-2017
5583,656,16881,672,56,122,26-05-2017
5584,656,19711,2181,26,77,01-07-2017
5585,656,14623,1138,44,102,19-06-2017
5586,656,14512,301,272,77,28-05-2017
5587,656,23225,1073,51,75,24-05-2017
5588,656,5860,270,119,80,02-06-2017
5589,656,11981,1349,1,146,15-06-2017
5590,657,11729,320,298,4,20-05-2017
5591,657,8724,688,475,30,18-05-2017
5592,657,22249,2579,65,65,24-05-2017
5593,657,23817,1157,434,167,29-05-2017
5594,657,20603,860,448,109,19-05-2017
5595,657,22763,1456,240,44,14-05-2017
5596,657,11759,335,390,61,15-05-2017
5597,657,20788,905,324,135,01-06-2017
5598,658,7869,205,299,67,26-10-2017
5599,658,3521,208,7,158,04-11-2017
5600,658,12740,584,79,130,17-11-2017
5601,658,8198,695,83,58,01-11-2017
5602,658,9477,781,258,182,20-10-2017
5603,658,14407,615,124,17,10-11-2017
5604,658,22063,622,21,63,16-11-2017
5605,659,4069,390,148,171,18-12-2017
5606,659,6786,407,434,119,27-12-2017
5607,659,23726,845,346,13,20-12-2017
5608,659,24670,1768,226,58,24-12-2017
5609,659,4678,171,44,186,17-12-2017
5610,659,4786,292,432,152,16-12-2017
5611,659,24214,1137,59,48,23-12-2017
5612,660,11191,598,420,146,02-11-2016
5613,660,16381,1709,170,3,10-10-2016
5614,660,20740,2253,414,127,09-11-2016
5615,660,19347,1026,370,89,26-10-2016
5616,660,19889,1720,5,123,21-10-2016
5617,660,23528,1930,27,144,23-10-2016
5618,660,23881,1030,9,12,13-11-2016
5619,660,9240,477,408,166,05-11-2016
5620,660,7538,800,193,122,15-11-2016
5621,660,4597,454,77,81,25-10-2016
5622,660,4489,103,431,14,10-11-2016
5623,660,24623,1022,31,93,24-10-2016
5624,660,24540,1120,17,136,14-11-2016
5625,661,9294,364,36,189,05-06-2016
5626,661,10691,557,270,198,31-05-2016
5627,661,3506,151,212,131,03-06-2016
5628,661,8596,755,223,16,01-06-2016
5629,661,14687,1668,167,16,02-06-2016
5630,661,5860,620,285,110,30-05-2016
5631,661,6578,719,1,47,06-06-2016
5632,661,17457,1640,115,126,04-06-2016
5633,662,19698,1356,469,77,28-06-2016
5634,662,7484,281,184,93,30-06-2016
5635,662,14172,1114,223,45,01-07-2016
5636,662,9922,1150,153,8,02-07-2016
5637,662,3727,243,238,44,04-07-2016
5638,662,17170,1470,380,79,05-07-2016
5639,662,4852,470,369,172,03-07-2016
5640,662,8910,1012,16,94,07-07-2016
5641,662,11070,1161,484,91,06-07-2016
5642,662,15826,581,9,131,29-06-2016
5643,663,21216,2482,378,194,18-12-2017
5644,663,10343,754,186,22,02-12-2017
5645,663,6006,705,234,29,05-12-2017
5646,663,21983,1786,336,52,08-12-2017
5647,663,17115,979,479,136,27-12-2017
5648,663,20978,2146,200,170,17-12-2017
5649,663,20994,1326,401,53,30-12-2017
5650,663,21359,617,45,184,07-12-2017
5651,664,3245,185,288,74,21-06-2017
5652,664,7524,331,281,36,19-06-2017
5653,664,12581,1081,435,33,24-06-2017
5654,664,21751,1100,473,174,18-06-2017
5655,664,20141,1905,170,20,26-06-2017
5656,664,7214,676,463,25,16-06-2017
5657,664,22810,1198,433,28,17-06-2017
5658,664,20248,1316,475,80,15-06-2017
5659,664,21758,570,102,190,20-06-2017
5660,664,12548,1125,81,182,25-06-2017
5661,665,8423,939,93,137,15-01-2016
5662,665,7307,695,318,198,14-01-2016
5663,665,13596,973,129,103,19-01-2016
5664,665,5796,291,81,25,21-01-2016
5665,665,3504,71,302,147,11-01-2016
5666,665,8118,515,212,111,17-01-2016
5667,665,22022,1787,159,139,28-01-2016
5668,665,12482,409,187,151,20-01-2016
5669,665,4232,121,425,147,22-01-2016
5670,665,17351,674,88,70,18-01-2016
5671,665,4118,264,357,140,24-01-2016
5672,665,21562,1895,34,72,23-01-2016
5673,665,4031,453,477,149,12-01-2016
5674,665,10698,343,413,170,08-01-2016
5675,665,21949,2596,123,74,16-01-2016
5676,666,16706,1611,321,63,28-05-2017
5677,666,18638,2206,312,177,22-05-2017
5678,666,6383,220,71,26,09-05-2017
5679,666,16785,847,250,1,30-05-2017
5680,666,4460,174,43,72,02-06-2017
5681,666,6748,801,320,34,31-05-2017
5682,666,17465,1177,357,11,09-06-2017
5683,666,4011,210,137,84,21-05-2017
5684,666,12152,874,371,162,07-06-2017
5685,666,16675,1533,152,32,20-05-2017
5686,666,3420,289,368,161,08-06-2017
5687,666,21441,774,453,97,11-05-2017
5688,667,23072,1896,451,1,05-07-2016
5689,667,24028,1588,171,98,29-06-2016
5690,667,9360,520,59,32,28-06-2016
5691,667,10256,976,388,40,19-07-2016
5692,667,7188,592,210,118,04-07-2016
5693,668,9720,483,419,114,30-07-2016
5694,668,14453,383,247,59,24-07-2016
5695,668,23061,1046,194,26,01-08-2016
5696,668,21349,1523,131,89,29-07-2016
5697,668,10591,668,367,114,22-07-2016
5698,668,9068,507,200,117,23-07-2016
5699,668,20492,2264,248,195,20-07-2016
5700,668,18662,888,116,177,02-08-2016
5701,669,7037,207,208,166,09-10-2017
5702,669,4467,434,480,82,16-10-2017
5703,669,20190,680,449,61,05-10-2017
5704,669,19887,1411,296,99,12-10-2017
5705,669,24313,1800,74,101,14-10-2017
5706,669,11493,1192,346,118,10-10-2017
5707,669,18797,1820,153,59,07-10-2017
5708,669,19419,2223,259,142,13-10-2017
5709,669,21023,1980,206,44,08-10-2017
5710,669,6171,735,330,187,06-10-2017
5711,670,23876,604,431,54,04-10-2016
5712,670,11282,786,239,128,20-09-2016
5713,670,11059,486,62,146,22-09-2016
5714,670,3191,170,271,126,27-09-2016
5715,670,23166,1246,131,71,02-10-2016
5716,670,10360,823,186,105,29-09-2016
5717,671,7050,164,67,144,19-07-2016
5718,671,14974,601,443,178,23-07-2016
5719,671,16378,347,373,35,26-07-2016
5720,671,14183,889,85,116,31-07-2016
5721,671,4660,497,173,101,20-07-2016
5722,671,3930,85,394,176,30-07-2016
5723,671,24707,1335,116,20,21-07-2016
5724,671,9656,865,251,135,27-07-2016
5725,671,10217,369,384,10,22-07-2016
5726,671,3896,261,461,176,28-07-2016
5727,671,7495,631,44,35,25-07-2016
5728,671,17931,1462,22,148,24-07-2016
5729,671,15112,1329,211,149,29-07-2016
5730,672,14017,1562,131,136,26-11-2016
5731,672,19801,869,34,11,09-12-2016
5732,672,15725,516,137,112,04-12-2016
5733,672,6287,143,221,113,07-12-2016
5734,672,20968,674,70,16,05-12-2016
5735,672,11448,380,266,187,06-12-2016
5736,672,18284,1558,393,188,30-11-2016
5737,673,12956,1160,398,142,21-07-2016
5738,673,14483,903,424,5,29-07-2016
5739,673,10377,550,354,58,02-07-2016
5740,673,7514,888,418,172,18-07-2016
5741,673,13812,1021,101,133,24-06-2016
5742,673,8484,803,63,78,20-07-2016
5743,673,16548,1772,437,19,29-06-2016
5744,673,5510,566,257,18,08-07-2016
5745,673,24360,898,77,121,15-07-2016
5746,674,5666,533,462,49,20-03-2016
5747,674,22484,871,412,183,23-03-2016
5748,674,21802,580,405,159,22-03-2016
5749,674,17636,1900,442,55,28-03-2016
5750,674,8088,466,339,51,21-03-2016
5751,674,9825,1030,277,157,17-03-2016
5752,674,9421,286,418,35,05-03-2016
5753,674,3624,193,373,116,08-03-2016
5754,674,22670,640,483,52,29-02-2016
5755,674,14042,827,162,3,26-02-2016
5756,674,22032,1912,264,25,07-03-2016
5757,674,3545,332,399,118,01-03-2016
5758,675,18920,1390,269,10,26-09-2016
5759,675,17368,2003,75,70,25-09-2016
5760,675,11907,384,308,178,29-09-2016
5761,675,19094,1783,57,165,28-09-2016
5762,675,3664,221,288,86,02-10-2016
5763,675,16671,1830,65,42,24-09-2016
5764,675,6999,165,341,97,23-09-2016
5765,675,22408,2009,144,197,03-10-2016
5766,675,18352,1415,13,12,13-09-2016
5767,675,15657,1000,274,101,27-09-2016
5768,675,10652,1093,82,164,21-09-2016
5769,675,16201,1914,281,29,19-09-2016
5770,675,16669,1227,433,71,15-09-2016
5771,675,15293,1557,245,165,14-09-2016
5772,675,20389,1861,287,92,16-09-2016
5773,676,13141,908,2,178,27-03-2017
5774,676,20649,1298,109,123,25-03-2017
5775,676,17421,1272,348,27,24-03-2017
5776,676,5318,377,38,109,23-03-2017
5777,676,6286,276,432,179,16-03-2017
5778,676,19017,1699,16,21,12-03-2017
5779,676,24505,1839,420,122,02-04-2017
5780,676,13020,1535,375,28,28-02-2017
5781,676,22627,2358,59,174,02-03-2017
5782,676,11755,760,343,13,01-03-2017
5783,676,5369,497,366,82,01-04-2017
5784,676,3022,198,24,118,04-04-2017
5785,676,14320,869,489,62,07-03-2017
5786,676,23822,1397,451,122,31-03-2017
5787,677,11338,476,268,96,30-08-2017
5788,677,15290,747,246,119,01-09-2017
5789,677,9554,872,487,9,06-09-2017
5790,677,8344,623,60,9,29-08-2017
5791,677,19773,989,38,31,02-09-2017
5792,677,7303,722,283,128,28-08-2017
5793,677,12372,673,299,197,31-08-2017
5794,677,7654,612,409,10,05-09-2017
5795,678,13756,1144,270,199,24-03-2016
5796,678,12770,1265,105,22,26-03-2016
5797,678,21926,2532,297,46,01-04-2016
5798,678,22189,1507,428,138,17-03-2016
5799,678,14154,1027,183,18,28-03-2016
5800,678,10271,734,89,61,23-03-2016
5801,678,5634,176,203,126,30-03-2016
5802,678,21795,1132,264,150,21-03-2016
5803,678,9577,791,113,66,13-03-2016
5804,678,16616,1061,86,118,29-03-2016
5805,678,20349,2147,110,48,31-03-2016
5806,678,22597,569,179,1,05-04-2016
5807,678,15468,488,280,132,03-04-2016
5808,678,10944,1297,268,134,14-03-2016
5809,679,10842,747,205,166,14-05-2016
5810,679,10127,313,226,85,19-04-2016
5811,679,17536,704,420,25,12-05-2016
5812,679,10698,577,362,172,06-05-2016
5813,679,7890,247,414,16,28-04-2016
5814,679,19138,628,188,21,08-05-2016
5815,679,18950,1401,127,2,10-05-2016
5816,679,20791,558,178,54,21-04-2016
5817,679,21618,801,12,74,18-04-2016
5818,679,4540,299,261,142,30-04-2016
5819,679,14804,824,449,20,26-04-2016
5820,679,21108,1609,367,78,24-04-2016
5821,680,7344,842,450,54,02-03-2016
5822,680,11330,817,210,102,03-03-2016
5823,680,7906,843,430,7,01-03-2016
5824,680,9486,828,447,136,27-02-2016
5825,680,20316,789,246,175,05-03-2016
5826,680,20791,1239,28,135,06-03-2016
5827,680,7547,855,487,127,09-03-2016
5828,681,3353,278,396,75,30-01-2017
5829,681,23864,1317,216,98,15-01-2017
5830,681,11265,528,310,158,27-01-2017
5831,681,15712,426,401,162,22-01-2017
5832,681,20658,1260,227,115,14-01-2017
5833,681,24189,1943,310,117,23-01-2017
5834,681,14043,434,159,28,20-01-2017
5835,681,18185,2157,409,157,09-01-2017
5836,681,11183,1048,292,163,25-01-2017
5837,682,16325,1179,454,95,06-05-2016
5838,682,12356,444,33,174,03-05-2016
5839,682,4184,361,15,46,26-05-2016
5840,682,22710,2533,90,18,02-05-2016
5841,682,20365,1853,85,4,20-05-2016
5842,682,8705,426,138,5,19-05-2016
5843,682,19129,580,81,149,27-05-2016
5844,682,18785,1762,41,46,24-05-2016
5845,682,21299,2298,85,128,25-05-2016
5846,682,12179,1312,484,85,08-05-2016
5847,682,10122,464,121,29,13-05-2016
5848,683,15570,523,246,199,21-09-2016
5849,683,16339,455,122,5,11-09-2016
5850,683,24815,2803,451,41,03-09-2016
5851,683,4703,496,408,19,22-09-2016
5852,683,5097,178,444,159,13-09-2016
5853,684,7026,358,37,73,09-01-2016
5854,684,20175,2340,71,87,16-01-2016
5855,684,20738,467,326,42,12-01-2016
5856,684,19560,463,424,101,13-01-2016
5857,684,13025,1545,494,27,10-01-2016
5858,684,16016,1713,292,39,15-01-2016
5859,685,21685,2113,265,14,05-02-2016
5860,685,6128,463,15,28,13-02-2016
5861,685,8014,766,133,156,18-02-2016
5862,685,7701,349,487,16,20-02-2016
5863,685,24702,676,160,149,17-02-2016
5864,685,11138,252,199,41,03-02-2016
5865,685,8129,741,357,152,06-02-2016
5866,685,4331,340,146,120,12-02-2016
5867,685,21434,1437,150,28,15-02-2016
5868,685,11776,756,425,31,09-02-2016
5869,685,17980,417,215,89,11-02-2016
5870,685,15931,1813,285,116,19-02-2016
5871,685,10594,311,404,190,07-02-2016
5872,685,9007,280,484,91,16-02-2016
5873,686,9642,794,276,161,26-08-2016
5874,686,3808,365,12,108,07-08-2016
5875,686,8134,934,199,38,25-08-2016
5876,686,21904,851,207,119,24-08-2016
5877,686,3227,172,265,13,12-08-2016
5878,686,6993,282,92,171,05-09-2016
5879,686,22141,2656,105,167,09-08-2016
5880,686,18909,1822,237,188,08-08-2016
5881,686,20351,2006,317,118,09-09-2016
5882,687,10139,678,492,16,04-12-2017
5883,687,14433,1637,189,0,07-12-2017
5884,687,17716,1266,269,162,02-12-2017
5885,687,9359,520,282,13,03-12-2017
5886,687,21451,1197,214,124,08-12-2017
5887,687,22050,539,114,80,05-12-2017
5888,687,14046,1471,212,72,26-11-2017
5889,687,24792,1614,149,120,09-12-2017
5890,687,16481,1132,232,168,29-11-2017
5891,687,8100,911,213,141,30-11-2017
5892,687,13259,639,372,139,27-11-2017
5893,688,14296,1260,495,118,24-01-2017
5894,688,6026,323,62,114,27-01-2017
5895,688,20243,689,0,73,11-02-2017
5896,688,9092,344,303,142,01-02-2017
5897,688,6235,338,373,166,05-02-2017
5898,688,22608,1975,238,181,30-01-2017
5899,688,10974,632,387,115,09-02-2017
5900,688,19280,1344,7,190,06-02-2017
5901,688,6672,596,212,161,23-01-2017
5902,688,12682,1068,257,81,10-02-2017
5903,688,4850,203,389,125,08-02-2017
5904,688,11513,843,295,26,03-02-2017
5905,688,4096,307,385,120,02-02-2017
5906,689,12945,953,62,181,29-02-2016
5907,689,8737,709,283,46,01-03-2016
5908,689,20508,1626,448,110,24-03-2016
5909,689,19679,432,198,27,04-03-2016
5910,689,12075,306,221,78,15-03-2016
5911,690,22150,652,266,23,29-07-2016
5912,690,7757,878,84,36,14-07-2016
5913,690,10448,918,35,52,25-07-2016
5914,690,21739,1010,87,43,06-08-2016
5915,690,23281,1526,56,88,11-08-2016
5916,690,5247,535,385,77,01-08-2016
5917,690,21389,1680,427,31,30-07-2016
5918,690,18615,2222,369,148,13-07-2016
5919,691,8807,911,370,128,02-02-2017
5920,691,15363,1712,177,100,01-02-2017
5921,691,15610,447,178,89,05-02-2017
5922,691,15752,1642,343,143,06-02-2017
5923,691,3838,135,131,49,04-02-2017
5924,691,16031,1001,242,79,03-02-2017
5925,691,23568,778,223,135,07-02-2017
5926,691,18845,795,438,73,08-02-2017
5927,692,20848,452,362,174,22-12-2016
5928,692,21918,1770,282,175,20-12-2016
5929,692,5347,560,270,76,08-12-2016
5930,692,12360,902,394,120,02-12-2016
5931,692,23059,1301,164,199,17-12-2016
5932,692,5849,555,335,125,14-12-2016
5933,692,15038,1572,126,50,06-12-2016
5934,692,4604,170,60,26,24-12-2016
5935,692,11812,1082,454,17,11-12-2016
5936,692,15149,1385,5,27,09-12-2016
5937,693,10294,1177,164,4,04-09-2017
5938,693,6869,619,118,56,16-08-2017
5939,693,5104,593,330,112,30-08-2017
5940,693,14692,1415,131,77,23-08-2017
5941,693,11368,350,121,57,11-08-2017
5942,693,9466,525,257,88,14-08-2017
5943,693,14132,1463,137,130,24-08-2017
5944,693,18758,697,468,53,07-08-2017
5945,693,4779,183,444,19,06-08-2017
5946,693,8632,1028,408,82,08-08-2017
5947,694,23617,2521,495,186,15-03-2016
5948,694,12835,960,186,121,02-03-2016
5949,694,6009,655,53,15,06-02-2016
5950,694,19078,701,246,141,25-02-2016
5951,694,11865,980,410,106,28-02-2016
5952,694,5857,534,440,12,05-03-2016
5953,694,7756,372,393,54,20-02-2016
5954,694,24649,2436,489,170,11-02-2016
5955,694,17603,626,124,148,14-02-2016
5956,694,13454,859,491,56,03-03-2016
5957,695,17261,1435,323,73,12-09-2017
5958,695,18102,1215,447,124,16-09-2017
5959,695,13349,1314,237,54,15-09-2017
5960,695,8177,604,91,143,09-09-2017
5961,695,10067,260,16,72,19-09-2017
5962,695,8542,467,38,151,10-09-2017
5963,695,17382,1417,196,1,14-09-2017
5964,695,8839,410,412,106,17-09-2017
5965,695,14932,1652,340,98,13-09-2017
5966,695,7647,280,468,10,20-09-2017
5967,696,23393,715,497,160,18-04-2017
5968,696,14328,752,487,32,17-04-2017
5969,696,24210,1829,183,92,14-04-2017
5970,696,15292,1339,14,83,12-04-2017
5971,696,20945,1889,412,141,05-04-2017
5972,696,16507,1805,395,129,16-04-2017
5973,696,15946,1356,127,48,19-04-2017
5974,696,5736,580,1,71,22-04-2017
5975,696,5686,334,493,156,26-04-2017
5976,696,21852,830,270,96,21-04-2017
5977,696,7644,577,390,147,08-04-2017
5978,696,23567,2518,484,183,09-04-2017
5979,696,5562,167,250,137,25-04-2017
5980,697,18881,1958,156,32,06-07-2017
5981,697,16052,1420,300,62,27-07-2017
5982,697,8654,683,434,129,01-08-2017
5983,697,19032,605,42,73,17-07-2017
5984,697,14457,1550,240,196,12-07-2017
5985,697,20101,1859,317,198,26-07-2017
5986,697,18373,2179,206,67,03-08-2017
5987,697,15019,531,272,148,05-07-2017
5988,697,21925,2135,95,49,19-07-2017
5989,697,16894,629,1,18,20-07-2017
5990,697,18808,1631,43,134,31-07-2017
5991,697,17910,1577,5,197,09-07-2017
5992,697,16952,1104,86,190,04-07-2017
5993,697,10529,1166,453,75,16-07-2017
5994,698,17658,857,334,160,15-01-2018
5995,698,15887,714,83,103,22-01-2018
5996,698,8393,349,379,89,17-01-2018
5997,698,23834,2043,90,182,28-12-2017
5998,698,15617,1656,84,156,29-12-2017
5999,698,19294,972,257,7,11-01-2018
6000,698,18012,1152,92,167,25-12-2017
6001,698,20218,2056,127,35,14-01-2018
6002,698,4043,192,153,111,30-12-2017
6003,698,9443,685,223,81,02-01-2018
6004,698,14768,1727,6,18,18-01-2018
6005,698,5995,424,458,7,07-01-2018
6006,698,3980,209,12,80,12-01-2018
6007,699,14178,1388,275,0,31-10-2016
6008,699,6362,132,486,125,01-11-2016
6009,699,17057,1214,338,5,27-10-2016
6010,699,6265,481,363,34,28-10-2016
6011,699,12898,567,198,45,26-10-2016
6012,699,11303,1175,98,172,29-10-2016
6013,699,3219,378,152,177,02-11-2016
6014,699,11219,898,6,32,30-10-2016
6015,700,6622,373,103,21,21-12-2016
6016,700,19532,820,400,60,28-12-2016
6017,700,3271,227,312,109,12-01-2017
6018,700,15879,371,196,38,05-01-2017
6019,700,12850,469,78,85,06-01-2017
6020,700,14321,1019,432,103,11-01-2017
6021,701,10346,394,295,63,28-03-2017
6022,701,7815,395,154,115,02-04-2017
6023,701,11532,890,316,44,05-04-2017
6024,701,17594,815,239,4,03-04-2017
6025,701,10296,450,327,186,01-04-2017
6026,701,14149,1220,187,18,08-04-2017
6027,701,17998,369,350,103,10-04-2017
6028,701,8538,250,339,190,15-04-2017
6029,701,5305,238,477,157,30-03-2017
6030,701,6431,701,147,8,16-04-2017
6031,701,20503,1426,70,111,13-04-2017
6032,702,6326,131,220,111,03-06-2016
6033,702,22573,1117,260,148,07-06-2016
6034,702,24451,1590,305,158,10-06-2016
6035,702,3636,271,212,152,11-06-2016
6036,702,15665,1632,104,139,09-06-2016
6037,702,7887,246,468,131,06-06-2016
6038,702,5974,705,384,116,08-06-2016
6039,702,14779,1094,89,148,05-06-2016
6040,702,13987,665,383,28,02-06-2016
6041,703,15562,1319,120,133,30-01-2016
6042,703,10329,1023,346,14,01-02-2016
6043,703,23847,2851,330,23,27-01-2016
6044,703,20675,1910,103,163,31-01-2016
6045,703,12653,520,105,182,08-02-2016
6046,703,14673,1174,323,69,06-02-2016
6047,703,8649,350,456,183,03-02-2016
6048,703,19857,481,22,119,02-02-2016
6049,703,20729,2135,265,26,28-01-2016
6050,704,16835,429,122,185,01-10-2017
6051,704,23509,666,16,55,14-09-2017
6052,704,23840,1555,309,63,04-10-2017
6053,704,15368,801,147,100,21-09-2017
6054,704,7111,521,299,69,23-09-2017
6055,704,24720,1290,408,72,20-09-2017
6056,704,10327,222,59,145,03-10-2017
6057,704,21124,662,211,105,30-09-2017
6058,704,9218,539,227,151,17-09-2017
6059,704,14135,895,110,33,28-09-2017
6060,704,9122,303,2,165,09-10-2017
6061,704,11982,243,124,142,22-09-2017
6062,704,4456,442,266,170,10-10-2017
6063,704,15183,486,114,170,18-09-2017
6064,705,12876,449,129,144,25-06-2016
6065,705,10456,386,3,46,24-06-2016
6066,705,21142,613,95,198,28-06-2016
6067,705,11258,731,384,183,01-07-2016
6068,705,9438,1050,177,79,22-06-2016
6069,706,21373,1781,160,26,10-11-2016
6070,706,16204,1123,334,124,03-11-2016
6071,706,3102,193,385,151,29-10-2016
6072,706,13015,750,197,76,11-11-2016
6073,706,23081,2629,81,145,14-11-2016
6074,706,6871,287,64,181,06-11-2016
6075,706,15392,526,126,49,21-11-2016
6076,706,14075,1621,155,24,07-11-2016
6077,706,23698,985,4,182,16-11-2016
6078,706,6363,225,393,112,01-11-2016
6079,706,23700,1954,262,96,20-11-2016
6080,706,17615,1896,476,84,04-11-2016
6081,706,20209,598,106,121,02-11-2016
6082,706,11068,771,382,84,18-11-2016
6083,706,8562,204,255,160,31-10-2016
6084,707,3868,424,213,16,02-08-2017
6085,707,13121,712,446,73,04-08-2017
6086,707,8227,237,441,3,01-08-2017
6087,707,19905,1561,242,83,26-07-2017
6088,707,13073,923,479,120,25-07-2017
6089,708,5640,193,144,47,16-02-2016
6090,708,3125,131,124,193,15-02-2016
6091,708,6676,322,227,192,31-01-2016
6092,708,17253,721,424,100,12-02-2016
6093,708,22842,1237,443,149,07-02-2016
6094,708,8512,622,359,59,11-02-2016
6095,708,12690,632,153,39,04-02-2016
6096,708,13124,1064,451,62,05-02-2016
6097,708,12024,1141,32,173,08-02-2016
6098,708,19290,675,435,10,09-02-2016
6099,708,21900,2155,152,18,02-02-2016
6100,708,20655,1343,256,122,29-01-2016
6101,708,19139,1714,253,115,03-02-2016
6102,708,16119,984,237,167,18-02-2016
6103,708,11419,1014,402,160,06-02-2016
6104,709,4564,230,152,86,04-12-2017
6105,709,19471,2227,251,65,20-11-2017
6106,709,21262,1287,145,126,22-11-2017
6107,709,8901,677,211,95,11-11-2017
6108,709,22920,1808,18,169,02-12-2017
6109,709,20891,864,333,188,03-12-2017
6110,709,8116,544,144,3,26-11-2017
6111,709,10796,828,252,108,01-12-2017
6112,709,14155,719,354,57,21-11-2017
6113,709,23272,2021,228,172,24-11-2017
6114,710,8479,743,91,69,30-03-2017
6115,710,5934,445,50,35,31-03-2017
6116,710,24715,896,385,135,26-03-2017
6117,710,21072,1714,396,155,01-04-2017
6118,710,10119,816,244,28,28-03-2017
6119,710,9232,590,252,197,27-03-2017
6120,710,22023,2202,347,47,25-03-2017
6121,710,22436,1431,88,99,29-03-2017
6122,710,12975,638,415,103,24-03-2017
6123,711,11210,409,136,96,10-04-2017
6124,711,20456,1775,192,98,09-04-2017
6125,711,5763,564,323,154,05-04-2017
6126,711,23955,892,321,10,04-04-2017
6127,711,20999,1471,46,167,23-04-2017
6128,711,16839,381,295,5,21-04-2017
6129,711,14021,567,49,47,29-04-2017
6130,711,10012,931,401,54,22-04-2017
6131,711,14804,884,326,144,03-04-2017
6132,711,15312,442,164,100,08-04-2017
6133,712,21778,571,450,195,12-05-2017
6134,712,23521,509,340,160,25-04-2017
6135,712,4418,200,423,103,10-04-2017
6136,712,7142,241,469,105,11-04-2017
6137,712,11928,566,318,175,06-05-2017
6138,712,4823,109,468,34,17-05-2017
6139,712,11204,1341,111,158,27-04-2017
6140,712,19489,1985,235,64,20-04-2017
6141,713,22526,579,293,65,23-11-2017
6142,713,6768,219,3,129,24-11-2017
6143,713,22536,1630,491,100,22-11-2017
6144,713,14847,1452,474,17,15-11-2017
6145,713,13889,450,286,87,13-11-2017
6146,713,21176,911,116,91,26-11-2017
6147,713,3092,215,454,110,14-12-2017
6148,713,15617,811,14,63,11-12-2017
6149,713,15600,1723,420,68,07-12-2017
6150,713,18588,2047,79,145,09-12-2017
6151,714,10278,996,270,73,28-02-2016
6152,714,18742,1729,137,49,09-03-2016
6153,714,7314,338,254,14,29-02-2016
6154,714,5220,240,271,4,27-02-2016
6155,714,24169,1328,331,47,02-03-2016
6156,714,6665,368,481,108,05-03-2016
6157,714,23754,1653,483,144,01-03-2016
6158,714,9417,782,32,179,04-03-2016
6159,714,12411,582,142,194,10-03-2016
6160,715,18782,1518,228,112,13-11-2016
6161,715,11497,1365,26,48,11-11-2016
6162,715,13521,865,276,90,22-11-2016
6163,715,13400,1608,27,26,25-11-2016
6164,715,5953,495,131,42,23-11-2016
6165,715,16351,629,239,148,15-11-2016
6166,715,16327,1009,456,182,12-11-2016
6167,715,15948,452,173,83,17-11-2016
6168,715,18106,571,355,136,27-11-2016
6169,716,10726,1251,7,39,18-05-2016
6170,716,8759,988,454,189,25-05-2016
6171,716,17432,570,259,154,24-05-2016
6172,716,14865,728,485,75,21-05-2016
6173,716,21915,2164,339,44,19-05-2016
6174,716,5308,273,439,170,17-05-2016
6175,716,23751,1560,154,28,22-05-2016
6176,716,5017,471,446,155,20-05-2016
6177,717,8262,246,458,94,28-07-2016
6178,717,18480,2075,199,24,06-08-2016
6179,717,5078,369,356,129,02-08-2016
6180,717,9303,803,183,148,04-08-2016
6181,717,14348,936,495,177,03-08-2016
6182,717,5404,218,460,5,01-08-2016
6183,717,6627,445,429,9,05-08-2016
6184,717,11537,905,77,195,31-07-2016
6185,717,9542,495,7,40,30-07-2016
6186,717,12843,405,257,20,29-07-2016
6187,718,17883,1885,60,150,13-10-2016
6188,718,15042,421,452,84,08-10-2016
6189,718,10004,756,369,165,29-10-2016
6190,718,14803,1250,209,186,28-10-2016
6191,718,11701,933,172,146,14-10-2016
6192,718,6989,716,65,91,04-10-2016
6193,719,4374,273,192,6,28-11-2016
6194,719,14478,1348,220,180,04-12-2016
6195,719,12963,987,221,169,24-11-2016
6196,719,22684,884,465,56,07-12-2016
6197,719,11343,1266,66,105,03-12-2016
6198,719,13905,709,162,13,16-12-2016
6199,719,3017,172,36,4,09-12-2016
6200,719,19652,622,412,199,17-12-2016
6201,719,6258,717,21,4,14-12-2016
6202,719,23810,2346,360,71,19-11-2016
6203,720,15175,1324,88,20,14-01-2017
6204,720,10660,758,234,106,21-01-2017
6205,720,17164,672,33,90,18-01-2017
6206,720,16969,797,114,31,29-01-2017
6207,720,16189,511,334,87,08-02-2017
6208,720,9206,577,23,87,04-02-2017
6209,720,22564,2662,160,59,12-02-2017
6210,720,17091,1037,264,158,11-02-2017
6211,720,12685,1303,146,54,19-01-2017
6212,720,6825,576,238,27,31-01-2017
6213,720,3225,267,388,108,07-02-2017
6214,721,20715,1948,369,151,06-07-2016
6215,721,4040,228,471,137,23-07-2016
6216,721,19018,1962,226,8,03-07-2016
6217,721,19074,1021,309,148,17-07-2016
6218,721,19509,1934,464,1,25-06-2016
6219,721,11565,1280,115,198,05-07-2016
6220,721,7829,483,275,6,02-07-2016
6221,722,15072,1684,35,108,20-08-2017
6222,722,12078,799,308,87,23-08-2017
6223,722,12442,1358,101,60,14-08-2017
6224,722,3074,261,180,87,24-08-2017
6225,722,20437,1840,17,76,08-08-2017
6226,722,14638,1166,164,56,26-08-2017
6227,722,6029,520,188,187,09-08-2017
6228,722,6126,269,251,136,21-08-2017
6229,722,6994,728,292,141,15-08-2017
6230,722,14445,1565,380,94,25-08-2017
6231,722,13254,545,190,74,02-08-2017
6232,723,20525,422,300,40,06-05-2017
6233,723,12252,502,130,68,15-05-2017
6234,723,16977,1093,229,133,17-05-2017
6235,723,8709,236,493,190,11-05-2017
6236,723,6103,189,98,145,05-05-2017
6237,723,24951,1163,287,198,21-05-2017
6238,723,5162,415,104,37,10-05-2017
6239,723,18078,2056,456,19,22-05-2017
6240,723,15111,512,43,141,09-05-2017
6241,723,21872,1076,329,38,14-05-2017
6242,723,14018,832,422,131,07-05-2017
6243,723,6555,418,14,80,20-05-2017
6244,723,11117,224,40,103,19-05-2017
6245,723,18440,986,16,142,16-05-2017
6246,723,21408,1695,63,83,13-05-2017
6247,724,23281,2133,413,116,12-05-2017
6248,724,20280,1463,404,48,02-05-2017
6249,724,18894,1158,400,109,08-05-2017
6250,724,24726,2513,328,71,20-05-2017
6251,724,17832,1380,149,183,15-05-2017
6252,725,17137,516,119,164,08-07-2016
6253,725,17477,1076,297,90,10-07-2016
6254,725,12330,602,375,70,25-07-2016
6255,725,11572,920,167,46,02-08-2016
6256,725,5062,571,233,115,11-07-2016
6257,725,24357,2807,325,105,15-07-2016
6258,725,19202,1559,25,103,23-07-2016
6259,725,17886,471,48,116,27-07-2016
6260,725,18787,1726,111,64,26-07-2016
6261,725,11215,1075,262,152,01-08-2016
6262,726,17032,1535,417,31,22-02-2016
6263,726,5114,183,12,111,21-03-2016
6264,726,16785,1745,118,73,29-02-2016
6265,726,22570,2407,200,108,08-03-2016
6266,726,21062,2005,111,95,24-02-2016
6267,726,9183,904,287,58,13-03-2016
6268,726,23720,1736,86,192,03-03-2016
6269,726,14093,754,166,74,19-02-2016
6270,726,6905,572,228,23,01-03-2016
6271,727,10395,350,262,57,08-06-2016
6272,727,14138,394,231,191,13-06-2016
6273,727,16833,1324,402,153,01-06-2016
6274,727,14687,1188,11,190,16-06-2016
6275,727,7806,599,356,102,28-05-2016
6276,727,11935,425,254,16,29-05-2016
6277,727,13063,919,6,167,19-06-2016
6278,728,23138,1246,61,8,07-10-2017
6279,728,12649,542,359,39,01-10-2017
6280,728,6550,669,203,196,29-09-2017
6281,728,4470,473,363,6,11-10-2017
6282,728,6458,299,108,182,05-10-2017
6283,728,16448,339,127,188,28-09-2017
6284,728,16528,1544,306,175,08-10-2017
6285,728,9660,689,185,127,04-10-2017
6286,728,20582,1166,90,173,09-10-2017
6287,728,21165,1259,492,154,03-10-2017
6288,728,11683,750,110,6,02-10-2017
6289,728,24198,732,396,120,30-09-2017
6290,729,3627,156,12,91,16-10-2017
6291,729,5466,137,191,44,01-11-2017
6292,729,20572,1111,46,160,05-11-2017
6293,729,22110,605,73,133,13-10-2017
6294,729,13469,1415,471,34,20-10-2017
6295,729,4331,318,260,130,02-11-2017
6296,729,11147,783,183,52,09-11-2017
6297,729,15038,1565,329,160,07-11-2017
6298,729,15790,1643,339,55,21-10-2017
6299,729,9757,681,447,89,17-10-2017
6300,729,24558,1634,17,54,06-11-2017
6301,729,9939,993,441,65,14-10-2017
6302,729,23783,2776,443,127,12-10-2017
6303,729,5427,627,418,29,08-11-2017
6304,730,18949,2245,445,11,24-12-2017
6305,730,22690,1056,61,105,01-01-2018
6306,730,5475,306,486,73,27-12-2017
6307,730,16439,1547,29,41,30-12-2017
6308,730,8762,626,338,86,03-01-2018
6309,731,8241,325,348,6,08-12-2017
6310,731,9688,1085,273,141,05-12-2017
6311,731,12008,780,193,23,09-12-2017
6312,731,21953,1069,24,132,06-12-2017
6313,731,24364,2138,95,147,11-12-2017
6314,731,8895,1015,223,103,10-12-2017
6315,731,12198,1297,487,195,07-12-2017
6316,731,20009,887,373,180,12-12-2017
6317,731,4943,164,424,175,13-12-2017
6318,731,8503,236,83,156,03-12-2017
6319,731,21976,2297,200,163,02-12-2017
6320,731,7680,644,54,118,04-12-2017
6321,732,7297,336,365,166,29-08-2017
6322,732,13282,1590,211,11,30-08-2017
6323,732,4813,237,383,120,27-08-2017
6324,732,24514,696,57,41,31-07-2017
6325,732,20873,640,348,26,29-07-2017
6326,732,14773,1454,307,91,02-08-2017
6327,732,13941,1647,320,72,04-08-2017
6328,732,5894,351,117,189,05-08-2017
6329,732,20206,1741,373,166,25-08-2017
6330,732,15849,1270,316,10,20-08-2017
6331,732,3236,231,156,119,14-08-2017
6332,732,16623,1128,286,33,21-08-2017
6333,732,14416,454,478,103,23-08-2017
6334,733,11074,1242,477,60,31-05-2016
6335,733,17150,1489,296,132,04-06-2016
6336,733,7806,491,322,25,03-06-2016
6337,733,17849,1215,181,59,11-05-2016
6338,733,24603,1982,169,32,05-06-2016
6339,733,16230,970,486,119,16-05-2016
6340,733,9061,884,247,88,25-05-2016
6341,733,14454,964,497,168,21-05-2016
6342,733,7563,664,263,198,06-06-2016
6343,733,4797,152,327,141,20-05-2016
6344,733,8403,607,210,151,02-06-2016
6345,733,17192,816,458,161,12-05-2016
6346,733,16255,1399,419,43,23-05-2016
6347,733,18429,799,161,20,28-05-2016
6348,733,12877,1386,268,170,19-05-2016
6349,734,9471,891,62,74,22-02-2017
6350,734,6118,196,335,53,19-02-2017
6351,734,13595,1505,305,185,28-03-2017
6352,734,19084,577,306,188,09-03-2017
6353,734,18269,1486,191,140,24-03-2017
6354,734,16752,739,102,149,07-03-2017
6355,734,24592,1676,346,186,11-03-2017
6356,734,19934,442,55,127,24-02-2017
6357,734,11465,903,71,163,19-03-2017
6358,734,22748,1294,279,196,23-03-2017
6359,734,7493,683,37,173,28-02-2017
6360,734,20292,600,103,16,03-03-2017
6361,734,9363,437,327,67,12-03-2017
6362,734,20484,467,298,170,26-03-2017
6363,735,10769,1135,38,156,25-06-2016
6364,735,12281,532,424,189,15-06-2016
6365,735,13236,569,140,150,16-06-2016
6366,735,22479,1951,128,91,06-06-2016
6367,735,21662,2022,122,163,29-06-2016
6368,735,7307,363,484,73,29-05-2016
6369,735,11707,458,201,6,30-05-2016
6370,735,19061,2063,252,46,25-05-2016
6371,735,8962,690,114,190,02-06-2016
6372,735,17051,1571,217,59,24-06-2016
6373,735,7869,750,467,148,31-05-2016
6374,735,11428,1188,315,80,30-06-2016
6375,736,7762,628,333,89,16-04-2017
6376,736,10142,523,167,160,17-04-2017
6377,736,14392,1230,327,6,14-04-2017
6378,736,16786,1491,134,2,13-04-2017
6379,736,10994,360,81,142,27-04-2017
6380,736,18285,892,398,72,19-04-2017
6381,736,11299,600,143,88,20-04-2017
6382,737,7593,311,452,144,05-09-2017
6383,737,19232,525,219,57,08-09-2017
6384,737,5355,401,199,165,31-08-2017
6385,737,22945,1517,470,168,06-09-2017
6386,737,21050,1606,389,21,13-09-2017
6387,737,21153,1105,496,148,30-09-2017
6388,737,10277,616,118,39,10-09-2017
6389,737,22989,2289,102,118,06-10-2017
6390,737,7308,711,52,91,21-09-2017
6391,737,9243,225,117,99,23-09-2017
6392,737,23439,1893,347,68,24-09-2017
6393,738,23991,911,56,39,14-02-2017
6394,738,20709,797,370,147,12-03-2017
6395,738,18940,1157,37,0,10-02-2017
6396,738,3722,359,86,63,03-02-2017
6397,738,6257,348,49,145,12-02-2017
6398,738,15347,970,423,186,17-02-2017
6399,738,6078,147,354,104,02-02-2017
6400,738,15068,1326,321,96,24-02-2017
6401,738,15073,455,308,70,15-02-2017
6402,738,4530,400,360,70,07-03-2017
6403,738,3705,111,355,126,06-03-2017
6404,738,22970,568,383,41,21-02-2017
6405,738,16510,1011,173,41,13-03-2017
6406,739,23862,1958,483,151,21-06-2017
6407,739,22039,2204,314,164,13-06-2017
6408,739,22841,2017,408,34,28-06-2017
6409,739,22211,1653,208,105,15-06-2017
6410,739,10272,697,66,139,02-07-2017
6411,739,8064,227,115,133,24-06-2017
6412,739,21110,1515,70,50,12-06-2017
6413,739,9769,217,272,4,22-06-2017
6414,739,11648,1004,25,21,20-06-2017
6415,739,20243,768,190,146,17-06-2017
6416,740,13048,1349,364,183,04-10-2017
6417,740,18161,905,52,86,28-09-2017
6418,740,12023,1039,57,19,09-10-2017
6419,740,16441,1648,215,0,10-10-2017
6420,740,3534,369,484,29,29-09-2017
6421,740,12164,863,367,138,01-10-2017
6422,741,12067,1198,163,166,29-01-2017
6423,741,19977,1999,108,171,20-01-2017
6424,741,9013,418,329,80,06-02-2017
6425,741,23017,1971,305,84,26-01-2017
6426,741,16544,893,343,32,07-02-2017
6427,741,11266,551,343,24,21-01-2017
6428,741,14978,1541,254,13,08-02-2017
6429,741,16878,1564,136,177,23-01-2017
6430,741,13076,781,158,92,11-01-2017
6431,741,22499,1834,462,69,17-01-2017
6432,741,13926,1145,68,180,18-01-2017
6433,741,3830,230,344,126,03-02-2017
6434,741,8820,328,402,110,09-01-2017
6435,741,18845,1145,83,116,19-01-2017
6436,742,3652,145,256,148,10-06-2017
6437,742,22529,1407,89,22,07-06-2017
6438,742,10719,311,413,74,29-05-2017
6439,742,11293,396,444,162,03-06-2017
6440,742,5144,262,31,48,09-06-2017
6441,742,23586,1254,368,178,08-06-2017
6442,742,18825,433,113,137,31-05-2017
6443,742,12337,1320,461,86,11-06-2017
6444,742,17497,409,328,102,30-05-2017
6445,742,12001,830,31,185,13-06-2017
6446,742,14790,1207,264,17,02-06-2017
6447,742,3317,343,248,133,12-06-2017
6448,742,12984,1066,301,78,28-05-2017
6449,743,18465,1575,65,53,04-06-2017
6450,743,15295,486,4,70,26-05-2017
6451,743,4712,265,481,65,14-06-2017
6452,743,20654,1672,160,142,21-06-2017
6453,743,18665,1635,339,174,02-06-2017
6454,743,9805,433,228,95,05-06-2017
6455,743,18186,1951,486,180,09-06-2017
6456,743,16854,1918,138,20,18-06-2017
6457,743,19982,1010,433,102,20-06-2017
6458,743,6550,781,287,150,31-05-2017
6459,743,10264,346,36,115,29-05-2017
6460,743,15011,598,108,77,13-06-2017
6461,744,14490,1056,40,165,18-02-2017
6462,744,10005,1100,64,107,20-02-2017
6463,744,4572,258,52,104,14-02-2017
6464,744,14560,291,257,134,22-02-2017
6465,744,13138,1561,354,108,19-02-2017
6466,744,21610,1446,23,151,21-02-2017
6467,744,7725,712,84,178,23-02-2017
6468,744,12705,555,310,150,16-02-2017
6469,745,18310,1473,445,94,20-01-2017
6470,745,4884,139,371,27,06-01-2017
6471,745,17132,975,238,94,29-01-2017
6472,745,22169,719,250,137,25-01-2017
6473,745,21396,904,139,165,24-01-2017
6474,745,13008,1344,177,21,07-01-2017
6475,745,10237,481,78,69,12-01-2017
6476,745,6139,417,166,56,21-01-2017
6477,746,8278,978,136,93,04-05-2016
6478,746,19236,2018,228,153,02-05-2016
6479,746,12280,923,316,84,01-05-2016
6480,746,12725,1049,34,160,29-04-2016
6481,746,4756,506,437,33,06-05-2016
6482,747,22422,1092,273,106,05-09-2016
6483,747,10813,1045,247,181,20-09-2016
6484,747,12771,366,380,162,17-09-2016
6485,747,15167,1459,300,70,02-09-2016
6486,747,12873,1422,191,163,10-09-2016
6487,747,13368,1269,484,34,15-09-2016
6488,747,3120,347,435,65,18-09-2016
6489,747,13024,689,49,195,22-09-2016
6490,747,7935,313,294,3,19-09-2016
6491,747,20833,1348,443,93,21-09-2016
6492,747,6471,683,146,123,09-09-2016
6493,747,16140,1331,43,88,07-09-2016
6494,747,18055,1353,410,89,06-09-2016
6495,747,9469,1101,298,133,12-09-2016
6496,747,22858,2306,477,98,16-09-2016
6497,748,19045,451,253,90,29-03-2016
6498,748,12155,874,239,187,05-04-2016
6499,748,15041,1721,266,143,28-03-2016
6500,748,13563,935,416,122,24-03-2016
6501,748,9532,953,26,142,25-03-2016
6502,748,15648,1751,370,44,02-04-2016
6503,748,9952,1178,117,99,04-04-2016
6504,748,10910,705,208,83,23-03-2016
6505,748,12291,821,464,148,26-03-2016
6506,748,14416,864,5,151,27-03-2016
6507,748,15920,1753,145,124,03-04-2016
6508,748,14758,1085,252,69,30-03-2016
6509,748,5532,196,44,177,31-03-2016
6510,748,3792,414,115,170,01-04-2016
6511,749,24803,887,281,89,19-12-2016
6512,749,3599,375,236,66,14-12-2016
6513,749,13172,733,409,140,15-12-2016
6514,749,23632,837,208,118,21-12-2016
6515,749,8178,851,99,24,13-12-2016
6516,749,11229,1295,80,191,20-12-2016
6517,749,24463,1457,24,172,23-12-2016
6518,749,7500,765,401,9,25-12-2016
6519,749,5030,241,235,194,16-12-2016
6520,750,18884,421,394,75,25-03-2016
6521,750,22134,1703,393,127,23-03-2016
6522,750,12932,1280,309,146,22-03-2016
6523,750,17745,1209,62,85,03-04-2016
6524,750,15280,1486,421,177,26-03-2016
6525,750,20682,1743,420,19,07-04-2016
6526,750,21382,2055,452,185,06-04-2016
6527,750,24081,1465,147,98,31-03-2016
6528,750,7665,494,410,138,27-03-2016
6529,751,3940,463,117,122,19-09-2016
6530,751,24345,868,179,21,14-09-2016
6531,751,13821,1115,238,36,18-09-2016
6532,751,18173,1350,312,68,27-09-2016
6533,751,11304,871,251,103,12-09-2016
6534,751,13758,1578,411,0,05-09-2016
6535,752,6853,425,385,65,12-12-2017
6536,752,13961,1089,144,176,29-11-2017
6537,752,9650,875,48,54,25-11-2017
6538,752,16823,1120,45,38,03-11-2017
6539,752,23038,2142,88,138,27-11-2017
6540,752,24538,2851,338,146,23-11-2017
6541,752,19295,953,265,183,24-11-2017
6542,752,16924,1222,67,152,14-12-2017
6543,752,24422,1509,422,15,13-12-2017
6544,752,18110,1517,70,38,30-11-2017
6545,752,14880,587,405,97,20-11-2017
6546,752,9772,273,99,195,16-11-2017
6547,752,17987,1615,204,92,01-12-2017
6548,752,9259,755,118,43,22-11-2017
6549,753,4081,184,51,183,13-02-2016
6550,753,10336,924,229,118,16-02-2016
6551,753,9887,677,0,84,14-02-2016
6552,753,24129,2087,371,110,18-02-2016
6553,753,12114,903,217,14,15-02-2016
6554,753,11169,650,369,158,17-02-2016
6555,754,23201,1441,2,58,13-01-2018
6556,754,14130,1052,169,48,19-01-2018
6557,754,11724,865,409,106,03-01-2018
6558,754,15120,522,244,53,06-01-2018
6559,754,11341,992,10,138,26-01-2018
6560,754,23803,1107,72,158,09-01-2018
6561,754,8470,629,118,135,10-01-2018
6562,754,9889,932,458,14,21-01-2018
6563,754,15427,1755,6,40,07-01-2018
6564,754,16944,1665,272,171,04-01-2018
6565,754,21566,1782,76,132,14-01-2018
6566,754,10301,363,95,37,08-01-2018
6567,754,13352,962,327,156,23-01-2018
6568,754,24310,1585,22,56,15-01-2018
6569,755,21053,1953,49,121,07-05-2016
6570,755,4976,349,264,92,20-05-2016
6571,755,11570,661,116,76,27-05-2016
6572,755,10349,483,182,79,25-05-2016
6573,755,6359,754,454,41,21-05-2016
6574,755,5309,545,321,27,08-05-2016
6575,755,7235,788,155,117,06-05-2016
6576,755,8634,873,436,170,14-05-2016
6577,755,23450,571,35,30,18-05-2016
6578,756,7546,829,71,180,26-05-2017
6579,756,19079,562,133,85,20-05-2017
6580,756,16954,1958,208,117,02-06-2017
6581,756,19538,2162,208,109,23-05-2017
6582,756,13444,766,125,44,07-06-2017
6583,756,23342,2728,214,164,24-05-2017
6584,756,18487,1400,279,55,08-06-2017
6585,756,14130,827,282,47,25-05-2017
6586,756,23969,2090,226,122,12-06-2017
6587,756,17901,1051,6,5,14-06-2017
6588,756,19598,1186,43,122,22-05-2017
6589,757,24215,1170,385,38,12-02-2016
6590,757,22688,2306,446,141,05-02-2016
6591,757,24578,1033,277,125,09-02-2016
6592,757,21085,2215,493,78,08-02-2016
6593,757,12292,1408,278,64,07-02-2016
6594,757,8689,455,202,195,10-02-2016
6595,757,11311,829,250,28,14-02-2016
6596,757,23155,2142,444,100,15-02-2016
6597,757,9290,420,458,169,11-02-2016
6598,757,3766,307,434,19,13-02-2016
6599,757,19680,1328,340,26,06-02-2016
6600,758,7360,669,237,155,02-06-2016
6601,758,12998,1101,391,0,05-06-2016
6602,758,13791,1387,63,175,29-05-2016
6603,758,3512,296,292,20,01-06-2016
6604,758,13395,750,90,34,28-05-2016
6605,758,24197,1520,448,59,08-06-2016
6606,758,19627,1034,16,108,11-05-2016
6607,758,8261,653,425,53,31-05-2016
6608,758,17418,440,195,34,20-05-2016
6609,758,3894,292,368,181,14-06-2016
6610,758,15500,600,174,120,13-05-2016
6611,758,19947,1772,15,24,18-05-2016
6612,758,7516,414,246,39,11-06-2016
6613,758,16372,816,322,170,25-05-2016
6614,759,8822,955,47,143,17-04-2017
6615,759,10580,842,234,189,28-04-2017
6616,759,23209,1746,492,88,03-05-2017
6617,759,6722,496,253,147,29-04-2017
6618,759,11981,939,183,87,15-04-2017
6619,759,10038,1001,199,4,18-04-2017
6620,759,24699,829,362,167,19-04-2017
6621,759,9688,732,402,55,01-05-2017
6622,759,24839,781,289,66,25-04-2017
6623,759,22665,1504,79,179,10-05-2017
6624,759,23570,890,432,21,09-05-2017
6625,759,3205,238,208,65,27-04-2017
6626,759,8806,820,201,137,02-05-2017
6627,759,7875,929,130,184,21-04-2017
6628,759,19885,1942,81,15,24-04-2017
6629,760,8541,951,440,124,05-08-2016
6630,760,4539,193,196,68,10-08-2016
6631,760,4647,248,144,98,04-08-2016
6632,760,12852,1133,364,71,11-08-2016
6633,760,24929,1191,461,124,03-08-2016
6634,760,6176,158,115,62,09-08-2016
6635,760,19252,2077,191,190,14-08-2016
6636,760,14802,481,487,168,12-08-2016
6637,760,22439,1500,430,10,07-08-2016
6638,761,8869,272,168,195,06-07-2017
6639,761,18012,1563,140,110,28-06-2017
6640,761,16403,505,331,41,22-06-2017
6641,761,9681,791,264,149,16-06-2017
6642,761,3524,94,120,103,08-07-2017
6643,761,21751,2541,339,122,09-06-2017
6644,761,8629,589,90,136,30-06-2017
6645,761,5249,592,224,41,07-06-2017
6646,761,11484,714,20,91,13-06-2017
6647,761,6508,624,149,56,27-06-2017
6648,761,19951,1793,435,0,01-07-2017
6649,761,5776,517,320,35,03-07-2017
6650,761,11372,1348,136,81,05-07-2017
6651,761,3291,342,273,31,25-06-2017
6652,761,11316,1001,145,79,07-07-2017
6653,762,16616,1746,295,152,03-09-2017
6654,762,11350,1010,239,180,17-08-2017
6655,762,8671,854,228,60,24-09-2017
6656,762,17629,1456,267,35,09-09-2017
6657,762,8781,753,375,188,07-09-2017
6658,762,10313,653,58,91,25-08-2017
6659,762,6102,659,111,26,23-09-2017
6660,762,15169,1738,326,176,18-08-2017
6661,762,17769,991,481,73,29-08-2017
6662,762,10545,719,159,61,22-09-2017
6663,762,15626,452,265,190,21-08-2017
6664,762,20730,1383,131,171,24-08-2017
6665,762,17287,900,156,50,21-09-2017
6666,762,23854,2702,475,124,13-09-2017
6667,762,13936,1409,104,114,06-09-2017
6668,763,24568,1857,344,172,15-04-2017
6669,763,15044,400,102,128,01-05-2017
6670,763,19084,506,191,179,16-04-2017
6671,763,18742,2027,147,56,09-05-2017
6672,763,22206,791,329,174,05-05-2017
6673,763,8465,229,306,49,27-04-2017
6674,763,14565,431,2,178,18-04-2017
6675,763,19705,911,371,149,02-05-2017
6676,763,13225,348,346,117,22-05-2017
6677,763,24804,1553,276,181,19-05-2017
6678,764,3724,226,75,181,02-01-2017
6679,764,15330,1428,147,150,08-01-2017
6680,764,9914,354,477,66,30-12-2016
6681,764,5099,574,303,9,04-01-2017
6682,764,5479,470,257,28,20-12-2016
6683,764,8671,195,183,188,29-12-2016
6684,764,19878,620,174,145,28-12-2016
6685,765,6977,602,110,5,07-10-2017
6686,765,19032,1168,116,127,11-10-2017
6687,765,5330,471,312,157,06-10-2017
6688,765,17792,1443,267,72,15-10-2017
6689,765,9748,842,38,163,09-10-2017
6690,765,10761,1090,405,72,12-10-2017
6691,765,5372,308,22,135,08-10-2017
6692,765,5255,614,400,69,14-10-2017
6693,765,23619,1493,343,37,10-10-2017
6694,765,22940,2066,220,117,13-10-2017
6695,766,20935,494,347,114,27-04-2016
6696,766,15307,1522,82,140,11-05-2016
6697,766,3065,268,285,155,18-04-2016
6698,766,15343,942,134,97,22-04-2016
6699,766,19680,2035,81,140,24-04-2016
6700,766,21290,1397,298,39,29-04-2016
6701,766,10840,1272,342,146,04-05-2016
6702,766,12089,834,152,70,23-04-2016
6703,767,8695,426,309,157,27-05-2017
6704,767,22807,1395,214,164,01-06-2017
6705,767,20040,1043,343,181,14-05-2017
6706,767,22068,2203,124,83,08-06-2017
6707,767,5650,397,290,101,15-06-2017
6708,767,10142,549,45,26,30-05-2017
6709,767,12040,1025,327,66,05-06-2017
6710,767,14962,1413,6,18,10-06-2017
6711,767,13010,290,401,55,22-05-2017
6712,767,17394,846,14,185,31-05-2017
6713,768,13479,1157,402,111,25-01-2017
6714,768,20661,2173,401,19,24-01-2017
6715,768,16051,1736,468,193,19-01-2017
6716,768,16797,1385,357,150,18-01-2017
6717,768,18854,1945,270,166,15-01-2017
6718,768,4286,397,482,69,20-01-2017
6719,768,12009,901,173,33,26-01-2017
6720,768,12934,817,314,57,23-01-2017
6721,768,12444,1019,130,107,22-01-2017
6722,769,6792,482,328,136,10-12-2016
6723,769,24453,1755,381,38,14-12-2016
6724,769,9076,445,488,165,10-01-2017
6725,769,15909,1117,65,103,16-12-2016
6726,769,9094,729,79,135,20-12-2016
6727,770,21499,2294,3,160,26-12-2017
6728,770,15929,1769,276,129,03-01-2018
6729,770,10864,624,306,161,30-12-2017
6730,770,16905,1257,53,142,25-12-2017
6731,770,17199,1555,80,84,27-12-2017
6732,770,6524,466,312,88,22-12-2017
6733,770,15903,502,261,182,02-01-2018
6734,770,5208,369,275,103,23-12-2017
6735,770,19635,1878,154,76,24-12-2017
6736,770,13218,1398,115,6,28-12-2017
6737,770,19047,1516,263,0,01-01-2018
6738,770,24109,1284,467,52,21-12-2017
6739,770,12321,457,490,140,31-12-2017
6740,770,12956,323,497,23,29-12-2017
6741,771,17753,955,227,196,05-05-2017
6742,771,7116,247,242,52,06-05-2017
6743,771,15847,454,128,36,29-04-2017
6744,771,6538,630,76,62,28-04-2017
6745,771,5804,650,42,35,20-04-2017
6746,771,19293,2242,447,138,24-04-2017
6747,772,13073,1082,392,121,27-03-2017
6748,772,24721,1686,204,90,14-03-2017
6749,772,13326,483,306,3,21-03-2017
6750,772,16908,1229,112,104,19-03-2017
6751,772,11280,761,395,19,17-03-2017
6752,772,18153,1131,464,172,26-03-2017
6753,772,24459,2073,339,183,16-03-2017
6754,772,8114,335,109,166,13-03-2017
6755,772,18448,884,461,46,23-03-2017
6756,772,5667,339,305,146,22-03-2017
6757,772,20474,902,294,177,12-03-2017
6758,773,23249,1173,78,96,13-01-2018
6759,773,17575,578,44,12,29-01-2018
6760,773,18506,420,163,179,06-01-2018
6761,773,21513,2068,212,36,17-01-2018
6762,773,18795,2080,8,71,23-01-2018
6763,773,5851,197,401,96,07-01-2018
6764,773,22389,1714,92,89,22-01-2018
6765,773,8129,443,90,115,19-01-2018
6766,774,7331,525,171,5,07-06-2016
6767,774,13942,635,164,153,27-06-2016
6768,774,21278,929,415,102,05-06-2016
6769,774,17747,1787,388,163,31-05-2016
6770,774,7973,281,3,160,29-06-2016
6771,774,13081,1448,206,45,20-06-2016
6772,774,22834,1241,476,84,15-06-2016
6773,774,16125,631,65,10,04-07-2016
6774,774,3950,214,427,180,26-06-2016
6775,774,3641,238,397,30,21-06-2016
6776,774,7166,756,338,144,03-07-2016
6777,774,8429,436,337,131,11-06-2016
6778,774,19679,1020,28,45,22-06-2016
6779,774,20701,2264,142,187,13-06-2016
6780,774,10540,453,90,113,06-07-2016
6781,775,9914,683,203,90,10-01-2017
6782,775,5349,145,47,105,27-01-2017
6783,775,12873,421,205,24,21-01-2017
6784,775,16356,1959,102,164,12-01-2017
6785,775,12189,617,36,147,18-01-2017
6786,776,8534,210,71,45,08-09-2017
6787,776,4690,466,193,102,24-08-2017
6788,776,14270,1304,45,2,14-09-2017
6789,776,7316,328,75,171,31-08-2017
6790,776,7805,824,248,25,30-08-2017
6791,776,21224,2161,258,135,21-08-2017
6792,776,9666,497,87,157,09-09-2017
6793,776,15664,1827,457,34,13-09-2017
6794,776,8685,406,269,170,11-09-2017
6795,776,3631,396,202,180,25-08-2017
6796,776,20625,927,356,86,03-09-2017
6797,777,14703,1704,438,86,23-06-2017
6798,777,20454,2358,220,72,12-07-2017
6799,777,14515,1334,335,194,02-07-2017
6800,777,10558,394,74,150,05-07-2017
6801,777,11503,1023,354,55,14-06-2017
6802,777,3958,393,203,140,28-06-2017
6803,777,13866,1072,94,82,20-06-2017
6804,777,3927,129,366,73,07-07-2017
6805,777,24670,730,232,118,03-07-2017
6806,777,4657,410,487,72,10-07-2017
6807,777,22729,1308,398,177,09-06-2017
6808,777,20020,881,118,71,11-06-2017
6809,777,16864,1777,372,122,21-06-2017
6810,777,23101,2303,175,148,08-06-2017
6811,778,19161,2066,497,129,12-07-2017
6812,778,19083,1917,33,198,17-07-2017
6813,778,15054,581,394,150,10-07-2017
6814,778,18621,1403,28,51,01-07-2017
6815,778,23551,888,91,42,28-06-2017
6816,778,21791,1295,160,117,29-06-2017
6817,778,13385,795,498,44,13-07-2017
6818,778,20509,1397,94,118,02-07-2017
6819,778,13990,1320,276,138,04-07-2017
6820,778,5864,540,271,10,25-06-2017
6821,778,3494,226,282,109,23-06-2017
6822,778,24129,834,181,104,26-06-2017
6823,778,22163,573,219,154,08-07-2017
6824,779,12441,903,488,33,04-09-2016
6825,779,20734,854,90,149,09-09-2016
6826,779,17436,1368,4,38,10-09-2016
6827,779,23560,541,181,71,13-09-2016
6828,779,24862,1781,146,47,16-09-2016
6829,780,24751,1829,236,17,24-05-2016
6830,780,4869,552,30,38,29-05-2016
6831,780,3992,428,332,77,21-05-2016
6832,780,17364,1227,255,89,23-05-2016
6833,780,15433,497,490,81,26-05-2016
6834,780,9963,631,473,182,22-05-2016
6835,780,3463,261,284,100,27-05-2016
6836,780,20948,2061,38,96,25-05-2016
6837,780,21167,455,343,88,28-05-2016
6838,781,23863,971,1,145,23-07-2017
6839,781,19531,918,360,139,14-07-2017
6840,781,20000,1502,74,65,19-07-2017
6841,781,23921,705,373,58,26-07-2017
6842,781,22906,1830,75,173,18-07-2017
6843,781,19611,1426,38,10,22-07-2017
6844,781,6757,710,127,61,31-07-2017
6845,781,18046,2124,260,93,17-07-2017
6846,781,6319,445,431,197,11-07-2017
6847,782,12973,1417,93,116,19-05-2016
6848,782,15418,1149,204,71,20-05-2016
6849,782,10679,629,236,49,14-06-2016
6850,782,18065,1249,64,124,24-05-2016
6851,782,15338,771,185,113,04-06-2016
6852,782,19200,1629,197,168,27-05-2016
6853,782,14688,922,279,15,01-06-2016
6854,782,16951,670,94,194,13-06-2016
6855,783,5783,691,289,161,16-05-2017
6856,783,24639,2288,410,48,23-05-2017
6857,783,16230,1327,39,45,27-05-2017
6858,783,23016,2596,380,168,29-05-2017
6859,783,23492,936,70,138,18-05-2017
6860,783,5575,166,317,184,21-05-2017
6861,784,22813,1118,121,35,17-09-2016
6862,784,18144,1461,431,85,22-09-2016
6863,784,8397,241,462,188,21-09-2016
6864,784,18296,1657,254,184,28-09-2016
6865,784,23814,632,301,47,30-09-2016
6866,784,19098,1182,67,55,18-10-2016
6867,784,18408,848,487,73,14-10-2016
6868,784,3169,175,343,134,08-10-2016
6869,784,10691,223,41,166,27-10-2016
6870,784,22051,1901,74,1,07-10-2016
6871,784,17078,423,364,86,24-10-2016
6872,785,7900,405,106,69,07-03-2017
6873,785,3164,337,107,172,03-03-2017
6874,785,22880,978,86,103,18-02-2017
6875,785,8788,301,1,60,12-02-2017
6876,785,3654,373,487,91,25-02-2017
6877,785,18685,2241,450,92,14-02-2017
6878,785,21862,2593,419,34,21-02-2017
6879,785,6203,608,9,28,09-03-2017
6880,785,8810,960,12,177,19-03-2017
6881,785,12376,1226,378,38,15-03-2017
6882,785,4896,262,179,183,13-03-2017
6883,785,20278,1800,370,178,01-03-2017
6884,786,6031,547,118,177,16-12-2017
6885,786,14628,741,383,132,27-12-2017
6886,786,18191,1909,243,196,28-12-2017
6887,786,6489,663,298,94,05-12-2017
6888,786,16555,1668,181,117,20-12-2017
6889,786,23230,495,254,87,08-12-2017
6890,786,3480,347,273,146,29-12-2017
6891,786,9044,595,474,50,26-12-2017
6892,786,22075,1822,290,34,17-12-2017
6893,786,3035,129,289,136,30-12-2017
6894,786,24513,1353,131,61,25-12-2017
6895,786,19668,1072,149,186,14-12-2017
6896,786,3678,401,349,68,15-12-2017
6897,786,24450,518,78,28,11-12-2017
6898,786,21495,2272,457,95,12-12-2017
6899,787,24235,2498,459,44,21-04-2017
6900,787,3613,116,211,177,18-04-2017
6901,787,10228,420,179,74,19-04-2017
6902,787,10321,1180,321,65,15-04-2017
6903,787,15038,445,223,128,17-04-2017
6904,787,15401,1595,47,5,13-04-2017
6905,787,9310,490,310,123,22-04-2017
6906,788,14223,1253,402,177,17-05-2017
6907,788,17530,432,2,91,01-05-2017
6908,788,11630,904,273,21,02-05-2017
6909,788,20641,412,233,60,13-05-2017
6910,788,6912,216,201,151,08-05-2017
6911,788,11632,905,491,102,09-05-2017
6912,788,16960,1576,383,12,16-05-2017
6913,788,4208,135,50,106,10-05-2017
6914,788,19623,414,300,55,28-04-2017
6915,789,24023,1519,487,103,20-08-2016
6916,789,5469,249,251,63,30-07-2016
6917,789,22290,1315,481,11,09-08-2016
6918,789,16278,1901,22,110,12-08-2016
6919,789,15657,1091,381,159,11-08-2016
6920,789,7967,466,463,148,10-08-2016
6921,789,19213,1618,488,68,19-08-2016
6922,789,7057,512,100,0,24-08-2016
6923,789,20072,1735,362,81,07-08-2016
6924,789,19745,740,420,175,22-08-2016
6925,790,24809,2647,498,120,01-11-2017
6926,790,12835,1441,425,81,16-11-2017
6927,790,3210,216,313,1,03-11-2017
6928,790,9623,664,119,79,15-11-2017
6929,790,5958,223,21,144,27-10-2017
6930,791,7379,684,339,115,29-05-2017
6931,791,8542,847,162,69,04-06-2017
6932,791,19384,740,405,131,01-06-2017
6933,791,18963,584,337,188,05-06-2017
6934,791,19738,1921,312,132,07-06-2017
6935,791,3628,237,64,95,25-05-2017
6936,791,11187,853,442,9,27-05-2017
6937,791,20569,2185,352,172,31-05-2017
6938,791,5442,575,116,119,24-05-2017
6939,791,13155,1348,72,4,26-05-2017
6940,792,18365,894,347,124,07-06-2017
6941,792,19072,1299,333,70,11-05-2017
6942,792,10226,1055,166,60,12-05-2017
6943,792,7248,592,382,146,03-06-2017
6944,792,21968,1279,22,135,06-05-2017
6945,792,8574,528,145,133,07-05-2017
6946,792,4147,106,225,163,04-06-2017
6947,793,6938,653,271,79,20-05-2017
6948,793,10547,389,254,90,11-05-2017
6949,793,20499,1498,251,167,15-05-2017
6950,793,21612,2109,97,166,15-04-2017
6951,793,11777,246,455,151,21-04-2017
6952,793,6693,303,218,190,01-05-2017
6953,793,19153,1905,179,190,25-05-2017
6954,793,22679,2712,121,16,04-05-2017
6955,793,14450,920,375,196,09-05-2017
6956,793,11116,784,400,67,19-05-2017
6957,793,14534,468,480,52,21-05-2017
6958,793,15339,1694,422,55,18-05-2017
6959,794,13462,279,439,131,22-12-2017
6960,794,5251,283,132,123,24-12-2017
6961,794,18127,2175,315,72,23-12-2017
6962,794,7091,211,238,114,27-12-2017
6963,794,7481,235,448,70,25-12-2017
6964,795,4500,437,82,39,29-01-2016
6965,795,3944,138,475,146,26-01-2016
6966,795,23318,1737,164,114,30-01-2016
6967,795,17393,1925,272,21,28-01-2016
6968,795,16794,1822,110,147,06-02-2016
6969,795,12272,668,494,52,24-01-2016
6970,795,8416,513,44,24,07-02-2016
6971,795,8274,322,110,142,31-01-2016
6972,796,11817,1298,459,5,16-10-2016
6973,796,4541,220,48,123,24-10-2016
6974,796,20390,1119,440,6,22-10-2016
6975,796,9685,940,15,71,21-10-2016
6976,796,20534,908,390,110,25-10-2016
6977,796,18366,1073,160,169,18-10-2016
6978,797,5227,282,291,34,12-09-2017
6979,797,23156,1305,483,192,10-09-2017
6980,797,17165,1829,280,42,04-09-2017
6981,797,6123,530,294,51,09-09-2017
6982,797,12848,1504,326,178,15-09-2017
6983,797,13437,960,201,147,14-09-2017
6984,797,17258,1734,426,69,07-09-2017
6985,797,12543,369,173,89,05-09-2017
6986,797,13753,360,329,170,11-09-2017
6987,797,9945,807,289,99,13-09-2017
6988,797,21921,2599,499,78,06-09-2017
6989,798,17161,391,396,49,08-08-2017
6990,798,21141,1427,384,83,09-08-2017
6991,798,10892,461,250,180,27-08-2017
6992,798,9584,320,183,143,03-09-2017
6993,798,11202,1138,225,4,06-09-2017
6994,798,10572,689,227,181,04-09-2017
6995,798,22163,974,155,90,06-08-2017
6996,798,4286,339,134,128,08-09-2017
6997,798,20189,2043,427,141,07-09-2017
6998,798,6726,700,311,182,01-09-2017
6999,798,24834,563,446,43,18-08-2017
7000,798,7176,429,69,97,11-08-2017
7001,799,16495,1017,32,178,18-02-2017
7002,799,9769,297,444,126,13-02-2017
7003,799,15318,336,95,192,04-02-2017
7004,799,16390,1636,172,177,21-02-2017
7005,799,8448,531,366,3,17-02-2017
7006,799,9534,883,304,37,10-02-2017
7007,799,24394,542,228,161,20-02-2017
7008,799,5648,189,298,120,15-02-2017
7009,799,16201,1178,242,21,23-02-2017
7010,799,6726,286,247,106,05-02-2017
7011,799,16035,1864,174,185,01-03-2017
7012,799,13794,446,482,25,16-02-2017
7013,799,5079,396,98,173,27-02-2017
7014,800,24897,2782,175,163,03-05-2016
7015,800,11797,243,385,143,27-04-2016
7016,800,12940,1066,341,120,14-04-2016
7017,800,17840,931,45,40,26-04-2016
7018,800,4762,208,18,77,24-04-2016
7019,800,10543,463,189,132,05-05-2016
7020,800,4572,337,76,80,18-04-2016
7021,800,8096,674,364,39,16-04-2016
7022,800,7580,607,80,105,15-04-2016
7023,800,17225,624,351,50,07-05-2016
7024,801,23354,1295,300,84,18-03-2017
7025,801,9166,863,49,181,07-04-2017
7026,801,17798,1938,345,118,31-03-2017
7027,801,23927,2015,424,118,10-03-2017
7028,801,9893,718,479,40,09-03-2017
7029,801,13408,715,8,77,03-04-2017
7030,801,6829,166,47,107,24-03-2017
7031,801,19746,1566,323,29,06-04-2017
7032,801,7753,220,340,154,01-04-2017
7033,801,5521,409,10,194,27-03-2017
7034,801,6006,207,3,45,04-04-2017
7035,801,12924,1461,115,86,16-03-2017
7036,802,8912,368,3,166,13-04-2017
7037,802,22827,2169,131,185,28-04-2017
7038,802,10948,822,418,144,01-05-2017
7039,802,18201,1802,135,97,27-04-2017
7040,802,16268,1381,355,178,21-04-2017
7041,802,6154,372,443,113,23-04-2017
7042,802,5056,366,317,85,08-04-2017
7043,802,15914,962,407,100,20-04-2017
7044,802,17862,726,299,28,19-04-2017
7045,802,7190,414,142,172,14-04-2017
7046,802,17737,725,255,2,16-04-2017
7047,802,15714,782,375,66,18-04-2017
7048,802,16660,1310,140,141,10-04-2017
7049,802,3475,132,250,53,24-04-2017
7050,802,17216,659,457,10,17-04-2017
7051,803,21931,1015,167,101,08-08-2016
7052,803,7109,743,81,74,05-08-2016
7053,803,17382,1947,279,98,29-07-2016
7054,803,12675,845,228,14,16-07-2016
7055,803,14645,1571,362,154,21-07-2016
7056,803,10064,1085,391,137,30-07-2016
7057,803,8796,268,235,165,25-07-2016
7058,803,11696,607,68,73,23-07-2016
7059,804,13301,1410,138,134,26-12-2017
7060,804,13102,550,130,135,14-01-2018
7061,804,8243,303,450,26,13-01-2018
7062,804,24990,2138,206,36,15-01-2018
7063,804,21995,1723,443,187,10-01-2018
7064,804,15593,817,212,19,20-01-2018
7065,804,5391,305,114,48,07-01-2018
7066,804,18613,1619,367,115,01-01-2018
7067,804,15156,1084,271,164,09-01-2018
7068,804,21685,599,104,182,25-01-2018
7069,805,21201,456,192,77,17-03-2017
7070,805,21313,1193,374,86,11-04-2017
7071,805,18131,851,299,49,31-03-2017
7072,805,10678,544,307,46,28-03-2017
7073,805,21240,966,125,76,08-04-2017
7074,805,14668,366,139,180,25-03-2017
7075,805,8766,181,250,184,13-04-2017
7076,805,24078,2202,11,149,14-04-2017
7077,805,12750,1041,437,165,29-03-2017
7078,805,24476,1845,497,43,04-04-2017
7079,805,21877,744,234,104,20-04-2017
7080,805,22142,1321,246,43,16-03-2017
7081,805,12364,458,414,3,07-04-2017
7082,805,21686,950,194,172,17-04-2017
7083,805,4507,188,265,92,10-04-2017
7084,806,6847,586,493,122,05-12-2017
7085,806,22057,1502,155,71,25-12-2017
7086,806,18466,1175,253,44,07-12-2017
7087,806,12277,568,365,29,28-11-2017
7088,806,19913,996,193,111,17-12-2017
7089,806,5903,518,91,164,18-12-2017
7090,806,6972,499,159,91,26-11-2017
7091,806,19125,1724,80,129,29-11-2017
7092,806,20647,1738,353,111,19-12-2017
7093,807,20921,896,113,159,10-09-2016
7094,807,16644,1509,247,28,02-09-2016
7095,807,6037,306,150,94,03-09-2016
7096,807,12612,753,188,179,01-09-2016
7097,807,7605,506,485,146,28-08-2016
7098,808,4813,521,11,109,04-02-2017
7099,808,15968,969,236,53,25-01-2017
7100,808,4596,342,312,35,29-01-2017
7101,808,21263,1454,48,118,07-02-2017
7102,808,8278,293,43,121,23-01-2017
7103,808,8882,779,1,9,10-01-2017
7104,808,17969,490,14,15,28-01-2017
7105,808,16298,444,372,64,21-01-2017
7106,808,4799,366,391,128,03-01-2017
7107,808,10979,877,128,168,27-01-2017
7108,808,17150,428,119,21,02-02-2017
7109,808,4940,317,438,170,07-01-2017
7110,808,12903,810,159,174,06-02-2017
7111,808,10173,1099,161,183,09-01-2017
7112,809,20768,2052,472,104,22-05-2016
7113,809,5536,590,388,96,18-05-2016
7114,809,9071,523,323,64,23-05-2016
7115,809,16014,724,297,72,26-05-2016
7116,809,20116,1805,208,193,15-05-2016
7117,809,11830,407,308,163,24-05-2016
7118,810,16395,724,216,66,13-09-2017
7119,810,12746,1392,4,67,05-09-2017
7120,810,6377,604,315,151,01-10-2017
7121,810,15977,1080,136,194,24-09-2017
7122,810,9937,290,217,64,31-08-2017
7123,810,9413,355,276,91,03-10-2017
7124,810,5566,241,486,95,27-09-2017
7125,811,22752,2120,143,108,28-04-2016
7126,811,15622,368,137,110,18-04-2016
7127,811,18166,865,162,72,27-04-2016
7128,811,3684,74,409,123,29-04-2016
7129,811,21430,734,113,126,30-04-2016
7130,812,20151,1762,305,194,05-03-2017
7131,812,5084,450,253,30,10-03-2017
7132,812,22698,1061,213,115,16-03-2017
7133,812,20331,1303,403,175,15-03-2017
7134,812,10667,734,308,86,17-03-2017
7135,813,22956,613,405,72,03-04-2017
7136,813,8364,945,140,94,21-04-2017
7137,813,7934,616,162,181,28-04-2017
7138,813,4513,509,144,30,01-05-2017
7139,813,6647,764,29,117,23-04-2017
7140,813,9686,1029,247,182,26-04-2017
7141,813,19981,1302,88,140,14-04-2017
7142,813,15602,762,389,143,07-04-2017
7143,813,16907,491,416,133,06-04-2017
7144,813,19222,1510,60,190,27-04-2017
7145,813,20989,925,192,114,09-04-2017
7146,813,5342,415,87,153,12-04-2017
7147,814,22032,980,400,120,06-09-2017
7148,814,20116,2262,484,198,07-09-2017
7149,814,24054,2830,173,136,03-09-2017
7150,814,5237,135,445,78,08-09-2017
7151,814,12601,716,208,9,02-09-2017
7152,814,16733,1376,349,158,01-09-2017
7153,814,17968,497,402,115,31-08-2017
7154,814,15055,356,443,181,04-09-2017
7155,814,6593,147,408,189,05-09-2017
7156,815,18928,581,265,68,31-03-2016
7157,815,4043,238,33,137,29-03-2016
7158,815,10039,484,75,103,26-02-2016
7159,815,4193,93,425,129,12-03-2016
7160,815,15462,1472,392,89,28-03-2016
7161,815,20539,2015,65,163,22-02-2016
7162,815,18593,763,307,107,18-03-2016
7163,815,19226,523,386,166,17-03-2016
7164,815,10407,573,20,79,16-03-2016
7165,815,4524,367,468,195,20-02-2016
7166,815,23077,2676,425,108,30-03-2016
7167,816,5669,656,369,150,05-04-2017
7168,816,11523,725,198,73,03-04-2017
7169,816,3018,340,472,164,01-04-2017
7170,816,23909,752,29,173,30-03-2017
7171,816,6101,132,163,31,04-04-2017
7172,816,12949,575,60,138,08-04-2017
7173,816,20878,1415,119,2,29-03-2017
7174,817,18020,874,356,164,02-09-2016
7175,817,5919,412,2,93,15-09-2016
7176,817,3681,298,182,92,05-09-2016
7177,817,20420,701,302,191,27-08-2016
7178,817,24366,1475,224,31,24-08-2016
7179,817,11231,427,266,134,21-08-2016
7180,817,11643,382,178,65,25-08-2016
7181,817,12827,1390,395,62,20-08-2016
7182,817,5414,584,40,54,26-08-2016
7183,817,15508,673,487,85,19-08-2016
7184,817,3339,307,357,191,04-09-2016
7185,817,22327,2097,325,198,12-09-2016
7186,817,12909,1528,284,26,28-08-2016
7187,818,11084,1279,399,135,21-11-2016
7188,818,3287,183,54,17,13-11-2016
7189,818,18806,1971,291,0,22-11-2016
7190,818,23339,2387,247,82,15-11-2016
7191,818,17259,1216,484,15,28-11-2016
7192,818,19733,1537,348,2,26-11-2016
7193,818,4809,366,330,64,29-11-2016
7194,818,23551,2206,393,95,17-11-2016
7195,818,10164,764,132,126,19-11-2016
7196,818,14135,1151,271,29,27-11-2016
7197,818,10981,888,387,70,14-11-2016
7198,818,7855,508,475,89,25-11-2016
7199,818,4346,184,415,162,24-11-2016
7200,818,18467,1195,447,77,12-11-2016
7201,818,21366,1958,153,166,18-11-2016
7202,819,22766,1368,478,177,17-02-2016
7203,819,14522,364,451,110,26-02-2016
7204,819,23458,1967,381,110,15-02-2016
7205,819,3290,136,70,102,27-02-2016
7206,819,17462,594,295,37,24-02-2016
7207,819,12656,1481,35,31,10-03-2016
7208,819,24198,635,104,105,13-03-2016
7209,819,7301,627,209,77,03-03-2016
7210,819,17305,2060,19,179,22-02-2016
7211,819,10266,664,168,75,23-02-2016
7212,819,6075,689,149,64,05-03-2016
7213,819,6134,685,174,163,16-03-2016
7214,820,21017,1370,471,114,31-01-2017
7215,820,20239,1178,222,53,20-02-2017
7216,820,7743,647,236,154,13-02-2017
7217,820,19419,1101,107,69,30-01-2017
7218,820,23668,2110,395,15,11-02-2017
7219,820,7405,346,8,196,01-02-2017
7220,820,23548,1778,277,27,17-02-2017
7221,820,22478,2557,82,0,03-02-2017
7222,820,8420,257,94,46,16-02-2017
7223,820,21774,2535,232,31,04-02-2017
7224,820,14239,594,224,116,06-02-2017
7225,820,22891,2210,417,164,19-02-2017
7226,820,12836,615,456,157,09-02-2017
7227,820,10276,1036,391,17,05-02-2017
7228,821,7710,884,449,154,19-01-2018
7229,821,3613,218,36,104,10-01-2018
7230,821,13269,517,181,80,04-01-2018
7231,821,14274,1423,178,151,31-12-2017
7232,821,4648,114,195,45,23-01-2018
7233,821,8227,222,75,18,14-01-2018
7234,821,16322,402,136,161,09-01-2018
7235,821,6225,666,119,16,21-01-2018
7236,821,13599,1610,146,58,18-01-2018
7237,821,11891,509,234,181,30-12-2017
7238,821,20051,1960,174,101,27-12-2017
7239,821,20203,628,394,150,13-01-2018
7240,822,22633,1754,362,116,10-07-2016
7241,822,10311,844,407,148,07-07-2016
7242,822,20055,2254,473,11,13-07-2016
7243,822,23887,1965,73,108,09-07-2016
7244,822,9679,912,267,35,08-07-2016
7245,823,6759,717,410,135,17-04-2016
7246,823,15354,1388,183,102,08-05-2016
7247,823,5533,622,57,63,25-05-2016
7248,823,7388,533,199,184,18-05-2016
7249,823,14873,573,310,187,19-04-2016
7250,824,17264,803,278,1,27-05-2016
7251,824,8378,624,173,17,19-05-2016
7252,824,3491,331,170,47,03-06-2016
7253,824,24353,2162,493,86,21-05-2016
7254,824,17137,1583,332,103,23-05-2016
7255,824,19477,492,442,72,08-06-2016
7256,824,4146,253,380,49,10-06-2016
7257,824,23651,919,211,41,17-05-2016
7258,824,12222,975,283,147,18-05-2016
7259,825,13296,504,256,120,02-06-2016
7260,825,8235,371,216,30,26-06-2016
7261,825,5051,490,227,10,03-07-2016
7262,825,9483,326,335,106,18-06-2016
7263,825,11447,495,223,198,08-06-2016
7264,825,17555,1232,328,181,23-06-2016
7265,825,6098,708,10,130,17-06-2016
7266,825,12326,1374,410,105,13-06-2016
7267,825,14274,913,59,197,30-06-2016
7268,825,11800,931,81,144,03-06-2016
7269,825,7674,387,254,173,16-06-2016
7270,826,10206,389,426,183,09-11-2017
7271,826,17445,1479,201,89,11-11-2017
7272,826,9535,843,12,190,13-11-2017
7273,826,6534,483,358,120,07-11-2017
7274,826,3373,303,161,186,08-11-2017
7275,826,15736,324,203,198,10-11-2017
7276,826,19366,515,113,40,12-11-2017
7277,826,13816,1425,371,136,06-11-2017
7278,827,21785,1593,154,55,30-01-2016
7279,827,17092,552,408,93,16-01-2016
7280,827,23818,1327,209,27,14-02-2016
7281,827,5501,631,443,156,05-02-2016
7282,827,24197,1946,102,157,27-01-2016
7283,827,8784,895,484,156,22-01-2016
7284,828,5897,380,200,52,18-08-2017
7285,828,13051,1445,63,50,12-08-2017
7286,828,21324,553,150,50,15-08-2017
7287,828,5715,476,423,70,17-08-2017
7288,828,8440,584,203,109,14-08-2017
7289,828,21980,2230,466,8,11-08-2017
7290,828,15883,331,314,96,16-08-2017
7291,829,9972,220,276,98,05-08-2017
7292,829,12844,1436,243,84,02-08-2017
7293,829,23843,1385,128,183,21-07-2017
7294,829,12932,489,221,58,17-07-2017
7295,829,17479,1339,96,120,31-07-2017
7296,829,23038,2629,305,166,15-07-2017
7297,829,8596,801,188,68,19-07-2017
7298,829,21474,1190,9,117,01-08-2017
7299,830,20723,1937,89,106,06-12-2017
7300,830,12979,1334,423,81,03-12-2017
7301,830,23250,2464,181,166,30-11-2017
7302,830,7094,447,155,42,25-11-2017
7303,830,22999,2452,476,75,02-12-2017
7304,830,15838,752,13,43,04-12-2017
7305,830,15757,764,414,172,07-12-2017
7306,830,21302,2142,49,167,28-11-2017
7307,830,18274,1389,122,163,24-11-2017
7308,830,11466,358,106,34,23-11-2017
7309,830,4006,138,251,191,27-11-2017
7310,831,22114,2321,207,97,03-03-2016
7311,831,12909,1351,475,147,15-02-2016
7312,831,12867,757,69,56,25-02-2016
7313,831,21924,2378,474,143,29-02-2016
7314,831,24766,1484,37,153,11-02-2016
7315,831,8217,378,401,190,04-02-2016
7316,831,8470,912,132,30,17-02-2016
7317,831,4097,274,358,101,05-02-2016
7318,831,13645,557,23,29,07-03-2016
7319,831,17775,594,492,50,13-03-2016
7320,831,16359,1427,32,124,08-02-2016
7321,832,22086,2323,173,187,07-08-2016
7322,832,24602,824,54,5,06-08-2016
7323,832,15737,1649,18,127,18-07-2016
7324,832,16695,1403,480,105,04-08-2016
7325,832,20502,2332,418,84,29-07-2016
7326,832,15670,1550,333,134,01-08-2016
7327,832,15237,1450,212,190,20-07-2016
7328,832,13437,1006,14,22,31-07-2016
7329,832,8691,486,303,194,22-07-2016
7330,832,5779,509,348,30,25-07-2016
7331,833,17044,1608,474,188,04-10-2016
7332,833,11764,454,284,22,25-09-2016
7333,833,20535,1328,75,125,13-09-2016
7334,833,9920,432,250,189,19-09-2016
7335,833,17729,392,499,41,18-09-2016
7336,833,6582,211,337,78,08-10-2016
7337,833,23551,2069,470,143,09-10-2016
7338,833,18471,1527,172,65,16-09-2016
7339,833,3871,133,88,19,20-09-2016
7340,833,9789,790,385,13,06-10-2016
7341,833,24684,2830,185,60,29-09-2016
7342,833,7709,336,59,49,22-09-2016
7343,833,3799,119,228,192,30-09-2016
7344,834,22662,2175,410,191,12-01-2018
7345,834,10911,368,263,148,22-12-2017
7346,834,18611,757,140,18,13-01-2018
7347,834,14266,844,153,145,05-01-2018
7348,834,20310,2150,418,106,20-12-2017
7349,835,8428,182,66,50,07-10-2017
7350,835,6086,610,495,73,23-10-2017
7351,835,14377,1607,205,105,22-10-2017
7352,835,16387,421,195,146,13-10-2017
7353,835,24095,861,234,116,19-10-2017
7354,836,10714,1070,173,4,21-05-2017
7355,836,3566,191,256,58,01-06-2017
7356,836,9753,602,330,23,29-05-2017
7357,836,23547,2373,167,76,20-05-2017
7358,836,15170,669,412,131,23-05-2017
7359,836,15169,1607,49,38,31-05-2017
7360,836,23306,983,311,47,17-05-2017
7361,836,6933,557,202,175,02-06-2017
7362,836,21564,1421,387,52,19-05-2017
7363,836,20689,1163,441,127,24-05-2017
7364,836,23674,864,47,28,16-05-2017
7365,837,24908,620,321,132,01-03-2017
7366,837,19325,1402,107,78,02-03-2017
7367,837,24814,2095,239,122,23-02-2017
7368,837,23651,1664,255,0,24-02-2017
7369,837,6458,282,123,38,21-02-2017
7370,837,20824,2310,415,146,22-02-2017
7371,837,20511,685,272,141,26-02-2017
7372,837,11308,255,67,151,25-02-2017
7373,837,5470,332,50,82,28-02-2017
7374,837,15946,1436,99,179,03-03-2017
7375,837,21874,1077,423,23,27-02-2017
7376,838,17273,694,491,177,18-12-2017
7377,838,12404,567,24,110,24-12-2017
7378,838,3613,227,322,11,31-12-2017
7379,838,15395,1679,192,128,11-12-2017
7380,838,3533,157,33,158,02-01-2018
7381,838,12695,1266,156,31,13-12-2017
7382,838,10776,914,65,63,27-12-2017
7383,839,23198,485,84,72,06-05-2016
7384,839,7816,167,184,159,29-04-2016
7385,839,7392,702,304,65,08-05-2016
7386,839,20369,1345,311,145,13-05-2016
7387,839,10055,292,124,168,04-05-2016
7388,839,8982,956,35,62,24-04-2016
7389,840,16220,729,208,4,10-03-2017
7390,840,16866,1731,481,31,06-03-2017
7391,840,13426,1177,393,138,20-03-2017
7392,840,20236,628,241,145,22-03-2017
7393,840,24967,2036,137,131,08-03-2017
7394,840,22866,2516,492,43,03-03-2017
7395,840,7945,873,239,77,05-03-2017
7396,840,21616,2516,476,26,18-03-2017
7397,840,24582,605,58,76,12-03-2017
7398,841,7927,737,299,42,13-10-2017
7399,841,11004,504,232,140,09-10-2017
7400,841,12042,1416,136,67,28-09-2017
7401,841,21683,634,285,18,11-10-2017
7402,841,10483,624,114,69,16-10-2017
7403,841,14305,1011,386,72,22-10-2017
7404,841,17121,1764,416,107,12-10-2017
7405,841,9836,819,115,44,03-10-2017
7406,841,14444,648,329,146,19-10-2017
7407,841,19645,2211,103,72,04-10-2017
7408,842,10602,898,52,136,07-10-2016
7409,842,22786,1764,139,140,12-10-2016
7410,842,3289,236,294,72,28-09-2016
7411,842,11721,1302,81,52,24-09-2016
7412,842,24238,2495,256,186,27-09-2016
7413,842,16894,917,23,44,08-10-2016
7414,842,16421,653,478,5,04-10-2016
7415,843,15912,406,76,159,04-06-2017
7416,843,12931,596,78,58,07-06-2017
7417,843,16804,619,291,57,30-05-2017
7418,843,7144,737,460,197,01-06-2017
7419,843,17825,1629,427,97,02-06-2017
7420,843,21508,1181,207,161,23-05-2017
7421,843,5846,434,389,102,24-05-2017
7422,843,13811,1646,208,169,28-05-2017
7423,843,13280,1251,463,118,25-05-2017
7424,843,4214,120,259,20,06-06-2017
7425,843,9943,329,354,30,03-06-2017
7426,843,13606,776,46,173,29-05-2017
7427,843,18093,569,309,163,31-05-2017
7428,843,6168,238,327,188,05-06-2017
7429,844,10759,796,359,185,07-05-2017
7430,844,4662,524,362,197,03-05-2017
7431,844,16276,1537,339,184,21-04-2017
7432,844,22398,1442,323,150,16-04-2017
7433,844,5749,620,448,98,26-04-2017
7434,844,17541,872,87,143,17-04-2017
7435,844,5538,384,47,174,02-05-2017
7436,844,13012,873,221,111,19-04-2017
7437,845,24310,2413,8,155,28-10-2016
7438,845,12329,1268,304,94,28-11-2016
7439,845,18513,1812,358,124,19-11-2016
7440,845,15612,1224,132,147,23-11-2016
7441,845,11055,1036,85,165,12-11-2016
7442,846,14433,1261,362,99,10-04-2016
7443,846,6368,421,493,157,12-04-2016
7444,846,11593,1074,377,137,28-04-2016
7445,846,22570,1868,325,136,08-04-2016
7446,846,8230,411,89,39,30-03-2016
7447,846,22234,667,14,99,28-03-2016
7448,847,11673,1129,102,33,22-02-2016
7449,847,17549,881,410,160,26-02-2016
7450,847,24256,1040,160,197,21-02-2016
7451,847,15844,1844,174,145,20-02-2016
7452,847,21966,2284,496,168,27-02-2016
7453,847,21992,2514,168,21,14-02-2016
7454,847,13363,278,175,71,12-02-2016
7455,847,13068,1100,64,199,09-02-2016
7456,847,23120,485,442,135,18-02-2016
7457,847,15652,1870,142,1,23-02-2016
7458,847,11361,483,296,146,25-02-2016
7459,847,21530,2207,188,2,19-02-2016
7460,847,5023,317,57,21,17-02-2016
7461,848,22504,2115,146,75,05-01-2018
7462,848,6480,518,249,70,29-12-2017
7463,848,22778,2506,482,21,07-01-2018
7464,848,21213,1612,192,156,27-12-2017
7465,848,6586,217,484,181,30-12-2017
7466,849,10778,576,250,81,12-07-2017
7467,849,10590,714,217,35,18-07-2017
7468,849,21249,1808,346,12,16-07-2017
7469,849,5838,274,487,81,14-07-2017
7470,849,23045,1421,117,1,20-07-2017
7471,849,14844,803,209,197,30-06-2017
7472,850,11369,257,207,136,19-12-2016
7473,850,3237,213,458,50,22-12-2016
7474,850,23785,1149,8,59,06-01-2017
7475,850,5938,640,498,40,18-12-2016
7476,850,21043,1501,144,156,31-12-2016
7477,850,13837,538,142,152,08-01-2017
7478,850,4851,509,145,119,29-12-2016
7479,850,16237,1117,399,52,20-12-2016
7480,850,22109,978,66,87,17-12-2016
7481,850,7914,626,278,143,04-01-2017
7482,850,10669,899,80,74,26-12-2016
7483,850,4503,426,80,67,05-01-2017
7484,851,10884,547,235,137,26-02-2016
7485,851,6776,412,148,129,14-02-2016
7486,851,6676,287,400,55,10-02-2016
7487,851,20325,647,249,82,12-02-2016
7488,851,11087,1016,139,129,21-02-2016
7489,851,15854,1040,462,81,16-02-2016
7490,851,15114,303,409,26,15-02-2016
7491,852,23940,1681,79,99,29-07-2016
7492,852,5881,444,125,111,03-08-2016
7493,852,17512,1273,34,199,30-07-2016
7494,852,22940,2645,105,64,31-07-2016
7495,852,13415,1479,289,175,06-08-2016
7496,852,16087,1507,325,131,01-08-2016
7497,853,7506,430,391,10,25-06-2016
7498,853,9512,1078,105,83,15-06-2016
7499,853,19142,420,71,197,29-06-2016
7500,853,9752,295,90,35,17-06-2016
7501,853,22602,1580,301,5,16-06-2016
7502,853,23875,1586,420,47,28-06-2016
7503,853,5521,343,323,183,11-06-2016
7504,853,14762,1617,102,113,12-06-2016
7505,853,21829,1875,213,124,19-06-2016
7506,853,14290,809,476,61,13-06-2016
7507,853,9118,619,80,133,21-06-2016
7508,854,19695,2106,199,5,23-11-2017
7509,854,19260,524,300,98,18-11-2017
7510,854,6308,600,115,135,30-10-2017
7511,854,24561,1837,441,73,01-11-2017
7512,854,18859,442,440,196,04-11-2017
7513,854,14813,1072,352,126,03-11-2017
7514,854,18063,2125,413,94,27-10-2017
7515,854,15534,1469,455,25,12-11-2017
7516,854,22579,579,13,90,11-11-2017
7517,854,5000,226,18,39,02-11-2017
7518,855,4490,533,424,186,08-11-2017
7519,855,7766,765,164,86,21-11-2017
7520,855,20274,1603,19,60,15-11-2017
7521,855,4270,155,32,162,07-12-2017
7522,855,5814,605,415,47,09-11-2017
7523,855,9316,363,132,14,14-12-2017
7524,856,16352,1192,419,158,25-07-2016
7525,856,4291,145,299,69,03-08-2016
7526,856,11907,390,267,35,10-08-2016
7527,856,19224,1575,356,111,02-08-2016
7528,856,14814,462,126,158,05-08-2016
7529,856,20296,494,469,95,12-08-2016
7530,856,22010,1047,336,104,20-07-2016
7531,856,16797,1063,389,133,11-08-2016
7532,856,10559,281,470,18,30-07-2016
7533,857,12344,526,470,31,31-05-2017
7534,857,14862,1173,145,168,16-05-2017
7535,857,4375,471,65,26,30-05-2017
7536,857,3734,282,157,111,25-05-2017
7537,857,5545,180,296,91,15-05-2017
7538,857,7087,300,293,58,23-05-2017
7539,857,18891,1083,410,163,24-05-2017
7540,858,6657,486,3,56,18-03-2017
7541,858,22321,2384,160,161,12-03-2017
7542,858,18464,2080,137,13,20-03-2017
7543,858,9266,946,339,140,16-03-2017
7544,858,3980,459,287,195,15-03-2017
7545,858,5554,398,33,133,17-03-2017
7546,858,21941,2393,29,71,13-03-2017
7547,858,7690,657,482,61,24-03-2017
7548,858,8776,703,237,88,09-03-2017
7549,859,15080,1430,416,155,01-01-2017
7550,859,12194,699,326,51,15-12-2016
7551,859,13725,1478,220,85,25-12-2016
7552,859,16246,1878,447,80,03-01-2017
7553,859,4989,544,40,45,26-12-2016
7554,859,5707,627,382,60,16-12-2016
7555,859,19027,1830,469,168,14-12-2016
7556,859,22831,793,3,152,24-12-2016
7557,859,13080,1005,304,177,06-01-2017
7558,859,12851,470,60,9,23-12-2016
7559,860,10131,845,328,128,01-04-2017
7560,860,10109,307,228,123,26-04-2017
7561,860,6834,143,282,12,02-04-2017
7562,860,22689,2102,314,4,23-03-2017
7563,860,6132,136,296,93,26-03-2017
7564,860,12861,1338,54,155,08-04-2017
7565,861,19729,1207,215,28,09-01-2017
7566,861,14057,1529,109,21,07-01-2017
7567,861,19010,728,176,70,23-01-2017
7568,861,17092,1398,193,32,19-01-2017
7569,861,18355,572,498,125,08-01-2017
7570,861,6405,218,37,66,12-01-2017
7571,861,19873,964,195,193,22-01-2017
7572,861,17325,1515,49,163,24-01-2017
7573,861,9589,376,156,61,28-01-2017
7574,861,14777,588,20,154,04-01-2017
7575,862,15449,532,369,5,19-07-2016
7576,862,22778,1347,133,190,13-07-2016
7577,862,13497,1329,393,177,14-07-2016
7578,862,12842,1350,143,197,21-07-2016
7579,862,16651,1673,261,151,12-07-2016
7580,862,6783,802,467,61,17-07-2016
7581,862,21980,1369,488,6,18-07-2016
7582,862,19110,1996,4,107,23-07-2016
7583,862,11495,474,496,24,16-07-2016
7584,862,12922,675,269,57,20-07-2016
7585,862,9542,1061,316,96,15-07-2016
7586,862,23948,1262,199,54,24-07-2016
7587,863,4155,161,395,186,29-06-2016
7588,863,11871,1302,192,157,08-06-2016
7589,863,13834,655,99,144,18-06-2016
7590,863,11458,1343,138,101,04-06-2016
7591,863,8563,531,186,133,09-06-2016
7592,863,3317,381,251,198,16-06-2016
7593,863,17987,1219,411,194,27-06-2016
7594,863,6046,176,407,93,15-06-2016
7595,864,4244,479,233,37,27-07-2016
7596,864,15119,951,67,166,04-08-2016
7597,864,6381,648,286,26,13-08-2016
7598,864,13758,626,216,61,20-07-2016
7599,864,10164,868,29,176,23-07-2016
7600,864,23056,2571,33,199,07-08-2016
7601,864,24520,849,344,96,05-08-2016
7602,864,11294,1118,410,59,30-07-2016
7603,864,4481,212,237,55,14-08-2016
7604,864,3033,182,7,171,11-08-2016
7605,864,10064,661,176,182,03-08-2016
7606,864,7278,561,291,186,29-07-2016
7607,864,6947,804,472,99,12-08-2016
7608,864,23145,1538,324,32,25-07-2016
7609,865,5092,190,369,32,04-11-2017
7610,865,13743,1387,273,22,02-11-2017
7611,865,9993,349,14,142,29-10-2017
7612,865,7424,739,245,120,20-10-2017
7613,865,17521,1381,328,3,21-10-2017
7614,865,21622,1117,166,178,13-10-2017
7615,866,13888,496,310,170,10-03-2017
7616,866,21007,1961,74,84,06-03-2017
7617,866,22243,854,290,61,04-04-2017
7618,866,15173,1542,438,75,27-03-2017
7619,866,9798,374,141,61,11-03-2017
7620,866,7682,793,91,102,30-03-2017
7621,866,15886,1449,436,16,26-03-2017
7622,866,5836,414,126,157,18-03-2017
7623,866,13293,334,487,87,10-04-2017
7624,866,18158,1442,255,180,29-03-2017
7625,866,15243,960,153,46,19-03-2017
7626,866,12543,846,31,131,07-03-2017
7627,866,22944,2023,84,168,05-04-2017
7628,867,7284,488,101,115,28-10-2016
7629,867,3953,200,426,1,23-10-2016
7630,867,5794,687,495,30,25-10-2016
7631,867,11087,539,314,194,27-10-2016
7632,867,4043,446,362,137,24-10-2016
7633,867,12405,538,328,119,29-10-2016
7634,867,23654,2200,299,42,22-10-2016
7635,867,6128,241,221,49,26-10-2016
7636,868,8291,378,134,167,04-04-2016
7637,868,7925,194,261,182,21-04-2016
7638,868,22500,1911,62,82,01-04-2016
7639,868,24272,2046,392,14,27-04-2016
7640,868,24525,2077,158,37,10-04-2016
7641,868,17765,1547,288,198,19-04-2016
7642,868,17910,819,300,144,27-03-2016
7643,868,5103,262,118,168,29-04-2016
7644,868,15454,1407,85,12,13-04-2016
7645,869,14790,865,172,138,07-04-2016
7646,869,17010,1650,89,67,09-04-2016
7647,869,12206,462,397,158,27-04-2016
7648,869,3013,144,262,87,08-04-2016
7649,869,6021,251,86,165,03-04-2016
7650,869,22968,1723,150,85,31-03-2016
7651,869,5833,422,74,100,16-04-2016
7652,870,19172,463,326,127,09-06-2017
7653,870,18172,1443,105,6,04-06-2017
7654,870,12059,1121,114,101,06-06-2017
7655,870,16442,1750,495,154,11-06-2017
7656,870,7228,258,216,81,27-05-2017
7657,870,18167,365,70,79,05-06-2017
7658,870,5829,629,320,5,19-05-2017
7659,870,14526,1127,237,132,07-06-2017
7660,870,18851,1659,434,36,28-05-2017
7661,871,7308,769,440,77,22-07-2016
7662,871,5898,188,300,112,15-07-2016
7663,871,19341,2290,223,104,21-07-2016
7664,871,12131,294,331,39,20-07-2016
7665,871,24028,1520,172,106,10-07-2016
7666,871,6243,739,215,65,04-07-2016
7667,871,10065,861,328,110,03-07-2016
7668,871,6015,184,298,102,11-07-2016
7669,871,8335,402,288,185,05-07-2016
7670,871,21833,1586,362,79,18-07-2016
7671,871,23050,2559,456,64,23-07-2016
7672,871,17081,1945,464,86,17-07-2016
7673,872,18408,1541,274,44,22-11-2016
7674,872,24867,1337,353,85,08-11-2016
7675,872,17367,1092,155,171,31-10-2016
7676,872,8982,494,29,92,04-11-2016
7677,872,5339,540,482,44,02-11-2016
7678,872,11007,812,339,171,20-11-2016
7679,872,6176,552,489,128,13-11-2016
7680,872,17305,870,429,191,06-11-2016
7681,872,20980,2254,480,47,21-11-2016
7682,872,17173,449,378,147,12-11-2016
7683,873,12025,450,479,109,17-08-2016
7684,873,14498,1278,156,43,25-08-2016
7685,873,20530,1963,362,16,01-08-2016
7686,873,13634,404,381,91,02-08-2016
7687,873,3858,391,292,71,21-08-2016
7688,873,21903,845,445,196,23-08-2016
7689,873,6796,214,230,159,30-07-2016
7690,873,13114,1119,23,121,07-08-2016
7691,874,5473,321,291,159,11-03-2016
7692,874,20196,806,232,16,27-03-2016
7693,874,17817,1750,65,44,15-03-2016
7694,874,10312,487,192,176,22-02-2016
7695,874,20069,2230,117,166,26-02-2016
7696,874,11734,623,179,148,20-03-2016
7697,874,13983,362,107,164,16-03-2016
7698,874,18338,1763,492,43,02-03-2016
7699,874,22248,1518,386,120,06-03-2016
7700,874,12060,976,408,188,03-03-2016
7701,874,17467,606,14,126,05-03-2016
7702,874,21276,736,60,35,08-03-2016
7703,874,21295,1022,51,140,18-03-2016
7704,875,15699,562,259,19,28-06-2016
7705,875,14848,310,286,191,30-06-2016
7706,875,16134,1874,462,2,29-06-2016
7707,875,18914,1509,273,137,01-07-2016
7708,875,22935,1277,472,97,25-06-2016
7709,875,4868,130,300,165,27-06-2016
7710,875,11799,1106,173,142,26-06-2016
7711,875,12007,1258,125,53,24-06-2016
7712,876,23101,1664,179,96,05-03-2016
7713,876,16406,1058,171,97,27-02-2016
7714,876,14722,1668,200,29,07-03-2016
7715,876,8665,873,95,32,24-02-2016
7716,876,15386,513,106,61,12-03-2016
7717,876,15369,1138,185,195,20-02-2016
7718,876,11351,518,177,112,04-03-2016
7719,876,20833,1386,360,146,28-02-2016
7720,876,6483,755,337,112,13-03-2016
7721,876,12460,669,185,138,10-03-2016
7722,876,10450,895,59,95,21-02-2016
7723,876,23131,492,326,104,09-03-2016
7724,876,4926,195,349,10,19-02-2016
7725,876,17847,1013,198,44,25-02-2016
7726,876,6110,464,454,22,03-03-2016
7727,877,3931,449,289,96,10-06-2016
7728,877,20247,1233,134,171,21-05-2016
7729,877,15559,365,472,32,07-06-2016
7730,877,21148,2535,25,46,02-06-2016
7731,877,7830,837,157,95,20-05-2016
7732,877,7297,724,174,199,06-06-2016
7733,877,16931,1948,304,146,22-05-2016
7734,877,19921,1928,355,88,27-05-2016
7735,877,21022,2391,252,93,30-05-2016
7736,877,10688,1267,245,33,25-05-2016
7737,878,22100,1508,52,115,25-08-2016
7738,878,13792,1612,390,91,28-08-2016
7739,878,9025,202,50,50,17-08-2016
7740,878,22283,1895,461,128,19-08-2016
7741,878,5424,319,473,79,27-08-2016
7742,878,12936,1122,254,154,26-08-2016
7743,878,11750,828,87,39,23-08-2016
7744,878,16254,634,193,143,21-08-2016
7745,878,11281,1232,420,121,16-08-2016
7746,878,7246,320,349,179,18-08-2016
7747,878,8076,382,261,131,29-08-2016
7748,878,18677,1908,369,17,24-08-2016
7749,878,24359,1462,219,56,15-08-2016
7750,879,6291,279,314,153,01-05-2017
7751,879,3026,347,404,163,17-05-2017
7752,879,10216,647,431,97,21-04-2017
7753,879,15336,1498,1,136,30-04-2017
7754,879,12553,611,475,61,10-05-2017
7755,879,24532,641,474,68,04-05-2017
7756,879,22639,1965,484,146,07-05-2017
7757,879,18271,539,9,127,15-05-2017
7758,879,24407,1052,61,63,16-05-2017
7759,880,6892,712,260,73,29-09-2016
7760,880,18992,2178,374,91,04-10-2016
7761,880,24872,1269,447,127,27-09-2016
7762,880,18786,679,349,26,03-10-2016
7763,880,20845,1563,254,35,07-10-2016
7764,880,24060,894,219,46,25-09-2016
7765,880,24144,2639,153,175,30-09-2016
7766,880,16502,978,269,15,11-10-2016
7767,880,4137,320,269,19,08-10-2016
7768,880,20325,1233,388,193,24-09-2016
7769,881,10840,797,89,67,29-08-2017
7770,881,11753,506,186,169,11-09-2017
7771,881,9889,660,295,116,10-09-2017
7772,881,23676,2615,198,103,05-09-2017
7773,881,15492,551,491,48,16-09-2017
7774,881,21106,1255,153,114,15-09-2017
7775,881,10841,1300,449,56,12-09-2017
7776,882,21267,2011,376,0,17-07-2017
7777,882,18376,1118,239,2,10-07-2017
7778,882,24675,646,329,64,12-07-2017
7779,882,4374,393,423,29,05-08-2017
7780,882,17997,1854,49,154,01-08-2017
7781,882,18400,615,373,148,22-07-2017
7782,882,13309,867,14,122,03-08-2017
7783,882,19923,1608,40,145,03-07-2017
7784,882,8649,983,89,99,19-07-2017
7785,882,16399,447,99,22,08-08-2017
7786,882,16327,1193,175,130,18-07-2017
7787,882,14776,906,33,60,02-08-2017
7788,883,24442,2656,235,117,15-10-2016
7789,883,14947,622,496,141,05-10-2016
7790,883,10241,420,376,51,11-10-2016
7791,883,24618,659,279,91,06-10-2016
7792,883,13890,1118,139,104,27-09-2016
7793,883,23076,623,349,80,04-10-2016
7794,883,8241,384,235,163,28-09-2016
7795,883,22694,708,26,159,29-09-2016
7796,883,8728,406,202,158,09-10-2016
7797,883,16140,1574,134,186,03-10-2016
7798,883,13971,571,323,195,12-10-2016
7799,883,14157,845,145,152,30-09-2016
7800,883,17866,628,332,197,26-09-2016
7801,883,9325,1033,157,64,02-10-2016
7802,884,14398,1447,250,95,27-12-2016
7803,884,7888,235,208,153,30-12-2016
7804,884,22124,480,408,88,11-01-2017
7805,884,11866,1254,123,41,12-01-2017
7806,884,9665,509,461,8,13-01-2017
7807,884,5735,331,337,95,02-01-2017
7808,885,7418,638,179,123,27-06-2016
7809,885,12261,1462,101,24,20-06-2016
7810,885,18307,1420,322,60,14-06-2016
7811,885,13793,675,247,62,30-06-2016
7812,885,11936,608,177,70,16-06-2016
7813,885,15328,1252,60,179,18-06-2016
7814,885,12750,363,190,78,28-06-2016
7815,885,4497,443,6,192,11-06-2016
7816,885,7056,144,23,146,02-07-2016
7817,885,11876,376,256,21,11-07-2016
7818,885,24063,1087,343,196,03-06-2016
7819,885,17162,1681,88,108,21-06-2016
7820,885,7623,336,326,88,12-06-2016
7821,886,24766,987,95,119,01-07-2017
7822,886,19666,1250,54,13,23-06-2017
7823,886,7173,759,12,195,24-06-2017
7824,886,15002,535,394,109,27-06-2017
7825,886,16894,930,34,90,29-06-2017
7826,886,10283,403,66,68,25-06-2017
7827,886,7464,832,228,64,26-06-2017
7828,886,9651,632,331,19,19-06-2017
7829,886,11326,1328,373,140,22-06-2017
7830,886,3840,201,45,163,20-06-2017
7831,886,19629,2296,370,95,21-06-2017
7832,886,22994,1481,114,44,18-06-2017
7833,886,21553,1113,216,140,30-06-2017
7834,886,7047,787,242,2,28-06-2017
7835,887,11304,540,156,22,10-08-2016
7836,887,19100,1238,494,16,05-08-2016
7837,887,13868,565,269,163,06-08-2016
7838,887,14005,790,290,164,28-07-2016
7839,887,18661,2134,53,186,11-08-2016
7840,887,19363,490,313,129,20-07-2016
7841,887,11540,879,70,12,07-08-2016
7842,887,11190,384,90,140,31-07-2016
7843,887,20392,2437,132,185,09-08-2016
7844,887,18463,714,327,45,29-07-2016
7845,887,22573,1022,236,70,02-08-2016
7846,887,14553,742,435,17,01-08-2016
7847,887,23662,1213,377,197,27-07-2016
7848,887,14148,565,160,7,23-07-2016
7849,888,8801,374,98,18,15-10-2017
7850,888,19954,1144,371,174,03-10-2017
7851,888,10926,1047,90,140,06-10-2017
7852,888,6749,631,423,63,29-09-2017
7853,888,22550,1908,495,196,16-10-2017
7854,889,21780,2357,447,38,28-07-2016
7855,889,18821,1842,117,114,11-08-2016
7856,889,24845,2803,272,25,01-08-2016
7857,889,20798,2259,321,164,05-08-2016
7858,889,13587,977,34,147,15-08-2016
7859,889,10748,819,391,54,19-08-2016
7860,889,21546,1798,409,141,14-08-2016
7861,889,12724,715,256,168,21-08-2016
7862,889,15060,952,376,135,18-08-2016
7863,889,17766,1257,22,112,31-07-2016
7864,890,23139,1516,479,18,31-01-2016
7865,890,9122,574,102,150,24-01-2016
7866,890,4718,479,200,154,02-02-2016
7867,890,24633,1653,296,101,05-02-2016
7868,890,24668,620,312,30,28-01-2016
7869,891,15713,1417,174,91,22-11-2017
7870,891,8344,762,22,177,16-11-2017
7871,891,20262,1709,381,132,18-11-2017
7872,891,6802,503,212,41,07-11-2017
7873,891,10646,1145,303,5,23-11-2017
7874,892,16724,907,206,106,09-03-2016
7875,892,5851,362,429,27,05-03-2016
7876,892,5258,116,173,70,23-03-2016
7877,892,12898,1348,171,17,26-03-2016
7878,892,5401,451,172,119,29-03-2016
7879,892,11651,1308,410,1,10-03-2016
7880,892,22438,1636,102,65,08-03-2016
7881,892,19814,1784,106,172,30-03-2016
7882,892,9921,637,201,199,01-03-2016
7883,892,5451,378,196,81,16-03-2016
7884,892,16898,1619,394,190,14-03-2016
7885,892,13315,295,388,174,02-03-2016
7886,893,13795,1491,256,163,26-11-2016
7887,893,11118,997,242,164,19-11-2016
7888,893,22289,753,53,113,13-11-2016
7889,893,4472,421,331,183,11-11-2016
7890,893,9613,903,142,31,23-11-2016
7891,893,3299,174,487,5,04-11-2016
7892,893,3752,422,446,1,03-12-2016
7893,893,21457,2546,458,166,02-12-2016
7894,893,20706,1721,423,74,24-11-2016
7895,893,20683,2196,42,187,22-11-2016
7896,894,13820,300,406,9,18-08-2016
7897,894,4076,281,441,142,25-08-2016
7898,894,3121,164,64,90,09-08-2016
7899,894,12501,1069,178,173,05-08-2016
7900,894,3366,145,98,99,17-08-2016
7901,894,4557,274,178,32,16-08-2016
7902,894,24819,2027,312,196,22-08-2016
7903,894,22413,1990,434,62,08-08-2016
7904,894,12368,1140,74,131,04-08-2016
7905,894,11784,318,331,18,20-08-2016
7906,894,14704,1597,124,168,10-08-2016
7907,895,14615,1422,141,79,13-01-2018
7908,895,5210,421,57,113,12-01-2018
7909,895,4111,183,344,172,03-01-2018
7910,895,24366,1508,98,122,25-12-2017
7911,895,7542,261,343,43,28-12-2017
7912,896,8439,412,453,15,08-07-2017
7913,896,18248,2092,329,57,26-06-2017
7914,896,11003,770,397,175,10-07-2017
7915,896,7158,398,108,42,04-07-2017
7916,896,11352,1303,141,175,16-07-2017
7917,896,11814,642,486,9,09-07-2017
7918,896,17273,889,14,182,15-07-2017
7919,897,17748,2117,254,197,23-10-2017
7920,897,22474,550,141,157,01-11-2017
7921,897,21043,2377,468,99,17-10-2017
7922,897,3730,294,15,155,22-10-2017
7923,897,7310,824,262,189,26-10-2017
7924,897,3238,117,498,195,27-10-2017
7925,897,14225,426,250,33,19-10-2017
7926,898,14490,1263,86,3,05-01-2017
7927,898,5402,564,33,131,12-01-2017
7928,898,3673,106,257,4,15-01-2017
7929,898,3952,308,27,121,26-12-2016
7930,898,7953,545,84,104,03-01-2017
7931,898,7915,568,490,197,23-12-2016
7932,898,14177,1163,397,144,06-01-2017
7933,898,12915,420,329,43,04-02-2017
7934,898,10549,279,274,169,09-01-2017
7935,898,18666,766,211,179,26-01-2017
7936,898,8521,670,1,86,23-01-2017
7937,899,11445,287,186,44,30-07-2017
7938,899,21415,2293,321,170,07-08-2017
7939,899,23719,809,365,113,24-07-2017
7940,899,19896,409,493,22,09-08-2017
7941,899,17583,379,438,98,03-08-2017
7942,899,15861,510,419,123,05-08-2017
7943,899,21449,1503,406,15,25-07-2017
7944,899,5522,646,368,132,23-07-2017
7945,899,9970,807,389,179,04-08-2017
7946,899,14769,691,197,84,14-08-2017
7947,899,19970,609,273,66,08-08-2017
7948,899,5282,445,459,56,20-07-2017
7949,899,6128,712,109,127,01-08-2017
7950,900,4036,261,7,58,16-01-2018
7951,900,9362,877,468,109,12-01-2018
7952,900,24662,2049,451,92,04-01-2018
7953,900,13125,333,450,141,07-01-2018
7954,900,18075,937,344,85,11-01-2018
7955,900,7846,572,9,113,06-01-2018
7956,901,3705,74,360,165,22-10-2017
7957,901,13035,325,369,83,28-10-2017
7958,901,22062,1276,299,16,29-10-2017
7959,901,20151,1422,220,58,26-10-2017
7960,901,18206,2070,319,161,23-10-2017
7961,901,24610,1015,499,89,25-10-2017
7962,901,21643,1017,247,133,30-10-2017
7963,902,17765,609,130,78,20-11-2016
7964,902,17856,392,311,58,23-10-2016
7965,902,23689,2766,233,4,28-10-2016
7966,902,22888,2609,445,115,26-10-2016
7967,902,13233,1549,10,198,15-11-2016
7968,902,4272,499,487,120,10-11-2016
7969,902,13642,370,394,184,16-11-2016
7970,902,8142,360,393,33,07-11-2016
7971,902,21297,680,232,56,02-11-2016
7972,902,15602,1215,123,175,08-11-2016
7973,902,10475,264,167,44,18-11-2016
7974,902,4352,510,273,159,31-10-2016
7975,903,24134,2174,418,141,10-12-2017
7976,903,6303,253,190,143,09-12-2017
7977,903,3444,190,485,111,08-12-2017
7978,903,16264,1159,104,36,05-12-2017
7979,903,12333,1415,28,108,06-12-2017
7980,903,5297,198,475,53,12-12-2017
7981,903,4663,416,30,182,07-12-2017
7982,903,23015,629,426,178,11-12-2017
7983,904,5214,170,152,196,02-06-2016
7984,904,22720,1074,177,102,28-05-2016
7985,904,22172,2547,369,75,10-05-2016
7986,904,24146,1232,205,38,09-05-2016
7987,904,5919,584,9,70,11-05-2016
7988,904,14915,477,473,130,18-05-2016
7989,904,16621,1377,36,129,30-05-2016
7990,904,5467,279,252,40,08-06-2016
7991,904,10469,368,395,76,01-06-2016
7992,904,7631,346,229,130,07-06-2016
7993,905,15074,1495,186,82,24-03-2017
7994,905,3952,215,177,199,26-03-2017
7995,905,7837,419,246,68,14-03-2017
7996,905,15177,1103,296,168,12-03-2017
7997,905,21160,536,70,131,28-03-2017
7998,905,21064,1895,33,175,15-03-2017
7999,905,23734,481,387,150,27-03-2017
8000,905,13361,545,326,121,13-03-2017
8001,905,14180,848,451,114,22-03-2017
8002,905,22671,1858,113,113,25-03-2017
8003,905,12957,842,428,102,19-03-2017
8004,905,7811,299,62,115,20-03-2017
8005,905,5161,583,453,146,23-03-2017
8006,906,9994,664,494,122,17-06-2017
8007,906,13941,937,43,79,15-06-2017
8008,906,11498,1059,473,79,14-06-2017
8009,906,17505,1242,185,156,18-06-2017
8010,906,20685,1652,124,86,22-06-2017
8011,906,18464,1621,308,195,20-06-2017
8012,906,17599,1217,256,127,12-06-2017
8013,906,17424,529,387,84,23-06-2017
8014,906,6149,229,71,62,13-06-2017
8015,906,4704,158,416,128,21-06-2017
8016,906,5637,203,480,29,16-06-2017
8017,907,12232,560,408,151,24-12-2017
8018,907,22718,965,492,118,06-12-2017
8019,907,16005,498,138,83,28-11-2017
8020,907,21001,2279,108,142,03-12-2017
8021,907,7829,526,405,158,04-12-2017
8022,907,13093,862,427,131,10-12-2017
8023,907,20558,797,310,135,26-11-2017
8024,907,5218,307,167,153,25-12-2017
8025,907,23238,2312,439,195,11-12-2017
8026,907,10124,842,491,175,13-12-2017
8027,907,20574,748,137,199,02-12-2017
8028,907,7683,623,45,130,18-12-2017
8029,907,6787,483,470,185,17-12-2017
8030,907,6930,647,70,139,19-12-2017
8031,907,20678,768,142,157,30-11-2017
8032,908,18559,1959,87,42,29-07-2016
8033,908,21231,2154,73,109,08-08-2016
8034,908,18262,1266,270,68,01-08-2016
8035,908,8296,743,29,128,27-07-2016
8036,908,12832,384,275,184,30-07-2016
8037,908,16539,788,326,183,02-08-2016
8038,908,9214,267,409,194,04-08-2016
8039,908,23298,1145,425,129,26-07-2016
8040,908,11097,363,393,160,31-07-2016
8041,908,22731,1021,379,112,05-08-2016
8042,908,9553,948,206,126,07-08-2016
8043,908,18506,559,493,68,06-08-2016
8044,909,3402,333,444,87,09-07-2016
8045,909,12143,316,63,164,12-07-2016
8046,909,7851,487,228,106,01-08-2016
8047,909,3506,209,411,194,27-07-2016
8048,909,3799,258,205,23,14-07-2016
8049,909,7119,299,98,76,10-08-2016
8050,909,21180,1580,405,30,07-08-2016
8051,909,5427,318,83,166,31-07-2016
8052,910,8511,490,375,65,07-11-2016
8053,910,16764,387,269,146,20-10-2016
8054,910,15730,931,53,144,26-10-2016
8055,910,12430,693,457,78,16-11-2016
8056,910,11113,1033,232,90,21-10-2016
8057,911,9104,1072,353,20,09-12-2016
8058,911,4857,495,111,113,16-12-2016
8059,911,5176,171,70,61,01-12-2016
8060,911,17300,1765,65,11,06-12-2016
8061,911,18461,1508,239,127,03-12-2016
8062,911,19298,540,337,53,08-12-2016
8063,911,15253,543,279,94,15-12-2016
8064,911,7996,856,236,158,17-12-2016
8065,911,17612,1840,79,72,14-12-2016
8066,911,18608,612,325,114,19-12-2016
8067,911,9006,241,496,67,05-12-2016
8068,911,5159,139,348,156,02-12-2016
8069,911,14733,1762,155,55,04-12-2016
8070,911,22566,2520,475,11,13-12-2016
8071,911,16217,1195,12,40,30-11-2016
8072,912,4238,102,39,103,14-07-2017
8073,912,19183,740,347,122,24-07-2017
8074,912,22747,1487,59,1,09-07-2017
8075,912,20809,1336,138,155,15-07-2017
8076,912,9040,410,153,144,18-07-2017
8077,912,9349,1069,390,20,13-07-2017
8078,912,24744,2104,290,31,22-07-2017
8079,912,3513,126,171,52,11-07-2017
8080,912,24833,2693,214,193,10-07-2017
8081,912,24664,1421,99,95,16-07-2017
8082,912,15051,967,384,76,19-07-2017
8083,912,4008,452,94,70,21-07-2017
8084,912,19826,1253,39,46,23-07-2017
8085,912,4895,537,489,22,17-07-2017
8086,913,8082,860,198,29,19-03-2017
8087,913,7211,612,123,50,06-04-2017
8088,913,20538,1615,468,85,01-03-2017
8089,913,10955,488,263,86,08-03-2017
8090,913,17805,1476,446,90,09-04-2017
8091,913,15334,1750,123,110,07-03-2017
8092,913,5066,247,354,114,24-03-2017
8093,914,24005,1897,85,100,11-09-2016
8094,914,10189,853,361,26,14-09-2016
8095,914,18734,931,266,37,21-08-2016
8096,914,22849,694,322,81,20-08-2016
8097,914,24409,2662,403,183,18-09-2016
8098,914,23826,1271,397,110,17-08-2016
8099,914,11035,1293,202,4,14-08-2016
8100,914,4727,357,141,187,26-08-2016
8101,915,19462,1729,204,18,30-05-2017
8102,915,3962,295,21,23,24-05-2017
8103,915,7187,473,102,50,30-04-2017
8104,915,16961,1650,109,178,12-05-2017
8105,915,23993,2210,495,128,01-06-2017
8106,915,5228,531,8,124,15-05-2017
8107,915,3806,283,303,173,02-06-2017
8108,915,19949,1966,149,194,02-05-2017
8109,915,19611,1277,198,135,20-05-2017
8110,916,23368,2043,3,196,21-08-2016
8111,916,10582,1139,126,83,19-07-2016
8112,916,8386,172,200,173,08-08-2016
8113,916,14806,571,54,196,23-08-2016
8114,916,22559,875,205,54,09-08-2016
8115,916,4689,316,293,172,10-08-2016
8116,917,21476,1406,26,10,14-08-2017
8117,917,16352,546,15,15,19-08-2017
8118,917,16984,565,68,60,17-08-2017
8119,917,23785,2670,99,31,20-08-2017
8120,917,17221,390,288,7,18-08-2017
8121,917,23261,1629,53,70,15-08-2017
8122,917,12911,1345,0,16,21-08-2017
8123,917,12046,498,3,31,16-08-2017
8124,918,19006,1296,263,122,06-08-2017
8125,918,4334,109,469,141,01-08-2017
8126,918,7683,419,351,52,02-08-2017
8127,918,24826,1684,249,115,24-08-2017
8128,918,20488,1263,128,28,21-08-2017
8129,919,10860,670,354,35,10-08-2016
8130,919,22537,466,47,50,12-08-2016
8131,919,7406,262,146,32,25-07-2016
8132,919,8006,519,338,199,17-07-2016
8133,919,24856,2449,218,52,18-08-2016
8134,919,24822,992,157,76,13-08-2016
8135,919,23844,953,192,12,20-08-2016
8136,919,3292,355,281,143,17-08-2016
8137,919,14205,928,218,9,09-08-2016
8138,919,7884,243,304,140,02-08-2016
8139,919,15696,1402,429,97,14-08-2016
8140,919,14022,1237,89,100,11-07-2016
8141,919,18711,2214,145,198,15-07-2016
8142,919,17267,2061,467,101,05-08-2016
8143,919,15369,494,466,143,12-07-2016
8144,920,8133,444,218,87,27-10-2017
8145,920,14678,1409,393,92,19-10-2017
8146,920,17336,972,248,183,08-11-2017
8147,920,4407,139,401,131,29-10-2017
8148,920,13058,1381,189,6,09-11-2017
8149,920,4509,222,480,119,22-10-2017
8150,920,19046,1121,337,131,04-11-2017
8151,920,19125,1937,388,19,01-11-2017
8152,920,10653,608,152,27,28-10-2017
8153,920,13366,1414,384,44,17-10-2017
8154,920,22112,1122,351,193,24-10-2017
8155,920,15036,470,447,123,05-11-2017
8156,920,15367,1023,105,150,06-11-2017
8157,920,11292,1168,344,25,26-10-2017
8158,920,9317,461,203,65,11-11-2017
8159,921,15777,1439,78,110,05-07-2016
8160,921,5370,564,407,101,03-07-2016
8161,921,11031,497,370,23,02-07-2016
8162,921,13184,1017,81,185,01-07-2016
8163,921,23132,2596,333,190,06-07-2016
8164,921,6294,539,32,64,08-07-2016
8165,921,11294,782,13,64,07-07-2016
8166,922,24363,2518,99,54,17-11-2017
8167,922,10864,1051,85,131,09-11-2017
8168,922,11963,1086,75,92,05-11-2017
8169,922,16678,385,105,2,12-11-2017
8170,922,24147,2608,343,44,08-11-2017
8171,922,19744,805,137,77,01-11-2017
8172,922,13777,349,408,91,11-11-2017
8173,922,10948,851,203,145,04-11-2017
8174,922,23629,1304,432,187,31-10-2017
8175,922,15518,533,327,40,02-11-2017
8176,923,5265,532,177,124,24-09-2017
8177,923,3676,349,179,185,30-09-2017
8178,923,8652,354,348,42,01-10-2017
8179,923,17134,844,365,142,21-09-2017
8180,923,23288,2405,7,130,23-09-2017
8181,924,5431,413,65,50,21-09-2016
8182,924,7870,308,284,98,12-09-2016
8183,924,10519,649,189,86,04-09-2016
8184,924,20021,1873,420,119,22-09-2016
8185,924,11269,699,147,108,18-09-2016
8186,924,10553,1097,147,125,16-09-2016
8187,924,12521,1462,50,62,20-09-2016
8188,924,13499,990,469,1,26-09-2016
8189,924,6023,635,179,36,28-09-2016
8190,924,14026,314,282,114,13-09-2016
8191,924,3648,119,386,188,07-09-2016
8192,924,5181,441,225,173,24-09-2016
8193,924,9076,724,140,103,10-09-2016
8194,924,5469,327,174,145,03-09-2016
8195,924,9820,267,456,126,05-09-2016
8196,925,5367,187,194,115,02-03-2016
8197,925,19470,2084,430,136,07-03-2016
8198,925,4405,251,325,179,05-03-2016
8199,925,12657,487,199,170,09-02-2016
8200,925,22146,889,469,87,25-02-2016
8201,925,15770,461,483,30,27-02-2016
8202,925,23059,2053,439,65,11-02-2016
8203,925,12887,1108,114,45,15-02-2016
8204,925,17004,1096,478,66,01-03-2016
8205,925,14614,943,133,116,19-02-2016
8206,925,20531,1942,231,116,17-02-2016
8207,925,9703,902,19,146,04-03-2016
8208,925,20381,479,220,26,24-02-2016
8209,925,21775,866,436,190,08-02-2016
8210,925,19954,1193,448,98,21-02-2016
8211,926,3417,168,115,107,19-01-2018
8212,926,10581,806,380,93,03-01-2018
8213,926,20406,930,169,127,14-12-2017
8214,926,12087,698,391,192,25-12-2017
8215,926,15311,1255,220,104,18-01-2018
8216,926,3219,331,96,52,16-01-2018
8217,926,6225,251,497,36,21-01-2018
8218,926,8263,735,161,51,08-01-2018
8219,927,16526,615,387,51,28-04-2017
8220,927,13894,1654,471,186,06-04-2017
8221,927,20327,1387,166,89,07-05-2017
8222,927,17904,1451,422,136,11-04-2017
8223,927,13321,1379,440,86,18-04-2017
8224,927,14017,1639,142,178,23-04-2017
8225,927,6106,328,408,99,05-04-2017
8226,928,23873,774,30,31,17-06-2017
8227,928,5433,235,414,72,20-06-2017
8228,928,9320,1012,449,198,23-06-2017
8229,928,5998,412,24,157,25-06-2017
8230,928,13087,990,304,42,14-06-2017
8231,928,12436,1065,260,150,16-06-2017
8232,928,19307,899,43,94,22-06-2017
8233,928,16042,1077,284,18,18-06-2017
8234,928,17826,798,193,176,12-06-2017
8235,928,13163,1529,28,157,13-06-2017
8236,928,14066,1675,476,104,26-06-2017
8237,928,5186,476,335,73,19-06-2017
8238,928,23712,860,212,156,21-06-2017
8239,928,13331,1319,138,164,27-06-2017
8240,928,9600,251,474,194,15-06-2017
8241,929,6891,345,258,31,26-02-2017
8242,929,23301,1723,435,174,21-02-2017
8243,929,11561,1098,455,91,18-02-2017
8244,929,6061,270,466,75,24-02-2017
8245,929,3710,348,245,149,23-02-2017
8246,929,11322,328,114,39,22-02-2017
8247,930,22772,2235,138,61,21-08-2017
8248,930,21581,1924,282,143,14-08-2017
8249,930,13629,348,187,27,26-08-2017
8250,930,22577,1455,300,168,23-08-2017
8251,930,3262,105,451,101,16-08-2017
8252,930,17622,608,90,192,15-08-2017
8253,930,19149,1551,325,160,18-08-2017
8254,930,3577,120,261,194,24-08-2017
8255,930,13288,1176,287,81,20-08-2017
8256,930,20290,2260,3,125,19-08-2017
8257,930,19185,1671,63,45,22-08-2017
8258,930,17001,563,161,70,25-08-2017
8259,930,7167,595,180,170,17-08-2017
8260,931,3544,389,266,187,27-08-2016
8261,931,7718,509,209,131,23-08-2016
8262,931,19502,1715,64,84,13-08-2016
8263,931,4788,574,340,41,20-08-2016
8264,931,8923,553,40,196,26-08-2016
8265,931,4050,346,319,21,04-09-2016
8266,931,3219,122,150,157,15-08-2016
8267,931,18845,628,401,57,01-09-2016
8268,931,17988,1131,379,158,08-08-2016
8269,931,7589,863,178,41,31-08-2016
8270,931,19367,968,332,184,17-08-2016
8271,932,22574,1534,151,23,08-01-2017
8272,932,14856,1016,63,94,01-01-2017
8273,932,14329,1037,266,1,09-01-2017
8274,932,7294,187,65,73,02-01-2017
8275,932,11004,227,56,170,31-12-2016
8276,932,12011,802,149,183,06-01-2017
8277,932,9304,1065,64,8,04-01-2017
8278,932,21832,667,57,140,03-01-2017
8279,932,8943,712,348,9,07-01-2017
8280,932,20335,463,494,61,05-01-2017
8281,933,9665,272,250,129,21-03-2016
8282,933,24436,2666,207,187,09-03-2016
8283,933,15681,972,289,48,28-02-2016
8284,933,13643,444,69,161,11-03-2016
8285,933,4773,529,460,109,08-03-2016
8286,933,18676,906,357,63,01-03-2016
8287,933,17683,492,391,178,07-03-2016
8288,933,17977,1418,37,25,17-03-2016
8289,933,16711,1793,435,29,16-03-2016
8290,933,6306,505,268,25,10-03-2016
8291,933,10234,774,28,172,22-03-2016
8292,933,3681,262,286,5,29-02-2016
8293,933,18294,1161,95,81,05-03-2016
8294,933,7650,856,385,195,02-03-2016
8295,933,12650,819,437,152,13-03-2016
8296,934,24699,2597,107,17,15-04-2017
8297,934,17121,1833,138,154,05-05-2017
8298,934,12754,1336,404,66,26-04-2017
8299,934,20211,2068,61,51,11-04-2017
8300,934,15074,1495,81,156,01-05-2017
8301,934,10262,376,345,156,16-05-2017
8302,934,24197,1140,405,128,15-05-2017
8303,935,5398,160,86,0,04-03-2017
8304,935,8821,839,22,38,28-02-2017
8305,935,23577,2827,146,177,13-02-2017
8306,935,3662,91,204,88,10-02-2017
8307,935,13378,1275,115,9,25-02-2017
8308,935,18889,1686,91,56,21-03-2017
8309,935,19213,610,50,43,14-02-2017
8310,935,11145,1217,103,174,13-03-2017
8311,935,3704,373,338,144,27-02-2017
8312,935,9959,272,257,46,18-03-2017
8313,936,3235,360,53,135,13-08-2016
8314,936,15131,336,181,115,24-08-2016
8315,936,19369,1356,82,146,18-08-2016
8316,936,22716,579,467,154,12-08-2016
8317,936,19345,417,115,67,30-08-2016
8318,936,22436,2190,226,97,02-09-2016
8319,936,12458,777,462,102,31-08-2016
8320,937,16243,1551,357,161,02-07-2017
8321,937,10615,804,144,191,10-07-2017
8322,937,5613,273,189,169,30-06-2017
8323,937,14750,1103,387,159,01-07-2017
8324,937,3733,241,254,60,11-07-2017
8325,937,5870,182,156,111,12-07-2017
8326,937,24358,1650,247,111,08-07-2017
8327,938,4323,273,489,75,23-12-2017
8328,938,7507,737,404,50,02-01-2018
8329,938,11861,805,356,192,31-12-2017
8330,938,23238,1277,136,68,09-12-2017
8331,938,16662,884,456,119,10-12-2017
8332,938,10579,377,70,22,12-12-2017
8333,938,10274,293,192,123,08-12-2017
8334,938,22684,1716,363,111,11-12-2017
8335,938,7228,235,399,197,16-12-2017
8336,938,11288,1255,81,48,07-01-2018
8337,938,6525,591,476,64,28-12-2017
8338,938,15772,387,294,69,06-01-2018
8339,938,16874,1224,228,125,27-12-2017
8340,938,23100,1941,439,101,20-12-2017
8341,938,23224,2619,459,143,30-12-2017
8342,939,17422,1148,423,2,30-09-2016
8343,939,17939,1050,277,115,19-09-2016
8344,939,19977,1376,402,133,16-09-2016
8345,939,3820,172,130,66,10-09-2016
8346,939,21359,2446,425,155,27-09-2016
8347,939,21035,1031,49,24,01-10-2016
8348,939,4313,164,348,141,05-09-2016
8349,939,3977,294,438,60,22-09-2016
8350,939,5810,315,330,130,01-09-2016
8351,939,10784,998,364,62,08-09-2016
8352,940,12588,1298,465,134,31-08-2017
8353,940,20471,2322,280,7,02-09-2017
8354,940,18302,1834,0,81,27-08-2017
8355,940,4666,519,470,89,07-09-2017
8356,940,14433,1059,466,154,15-08-2017
8357,941,4308,280,384,197,11-07-2017
8358,941,13515,1138,122,47,21-07-2017
8359,941,23803,2724,193,51,10-07-2017
8360,941,23977,2868,30,135,13-07-2017
8361,941,15163,1619,474,49,25-07-2017
8362,942,3083,176,140,159,11-04-2017
8363,942,7366,503,82,60,08-05-2017
8364,942,4185,479,71,183,09-05-2017
8365,942,12854,296,433,33,12-04-2017
8366,942,10388,413,91,163,23-04-2017
8367,942,10080,1181,393,33,01-05-2017
8368,942,15053,1469,395,36,18-04-2017
8369,942,9286,601,282,105,04-05-2017
8370,942,20960,2131,95,168,17-04-2017
8371,942,17863,1109,192,147,13-04-2017
8372,943,10674,620,196,132,09-08-2016
8373,943,19424,1789,90,8,11-08-2016
8374,943,14124,700,280,44,05-08-2016
8375,943,13029,284,403,82,14-08-2016
8376,943,3435,102,201,75,06-08-2016
8377,943,22047,921,68,169,12-08-2016
8378,943,5873,204,495,17,10-08-2016
8379,943,13932,492,84,198,13-08-2016
8380,943,3695,129,297,3,03-08-2016
8381,943,18954,1284,292,14,04-08-2016
8382,943,18404,1531,449,175,07-08-2016
8383,943,6695,637,276,152,08-08-2016
8384,943,17522,1714,68,89,15-08-2016
8385,944,12654,1413,191,110,01-07-2016
8386,944,15614,967,314,125,14-07-2016
8387,944,23564,703,47,47,09-07-2016
8388,944,12343,629,460,99,25-07-2016
8389,944,10412,944,437,129,05-07-2016
8390,944,11674,501,57,172,29-07-2016
8391,944,14807,1216,261,14,20-07-2016
8392,944,7753,510,269,154,23-07-2016
8393,944,19685,1220,455,84,21-07-2016
8394,945,24388,806,134,150,12-09-2016
8395,945,24868,806,121,194,28-08-2016
8396,945,6112,623,433,69,22-09-2016
8397,945,24537,1371,195,119,04-09-2016
8398,945,12955,449,319,122,20-09-2016
8399,945,7924,392,399,90,18-08-2016
8400,945,19292,1005,327,18,18-09-2016
8401,945,14957,430,110,54,11-09-2016
8402,945,22898,1521,317,76,24-09-2016
8403,945,13406,1478,224,127,01-09-2016
8404,945,8448,249,320,94,24-08-2016
8405,945,17716,1674,426,53,31-08-2016
8406,945,21045,905,164,177,06-09-2016
8407,945,6810,520,480,158,07-09-2016
8408,945,6248,376,46,56,27-08-2016
8409,946,16743,1005,1,158,27-06-2017
8410,946,17292,1283,44,109,22-06-2017
8411,946,21486,1227,22,35,24-06-2017
8412,946,14087,634,361,66,25-06-2017
8413,946,12053,583,93,108,30-06-2017
8414,946,7767,356,206,133,28-06-2017
8415,946,5220,378,100,69,23-06-2017
8416,947,19210,2230,408,195,21-11-2016
8417,947,18815,2009,187,103,14-11-2016
8418,947,14679,1367,406,150,17-11-2016
8419,947,6789,684,140,69,20-11-2016
8420,947,10075,523,321,168,11-11-2016
8421,947,12848,720,65,83,13-11-2016
8422,947,15087,1083,456,62,18-11-2016
8423,947,5333,134,426,23,16-11-2016
8424,948,9315,808,287,8,28-03-2016
8425,948,5162,293,428,52,10-04-2016
8426,948,12908,404,337,184,21-04-2016
8427,948,13134,301,460,95,27-04-2016
8428,948,13182,1542,296,111,03-05-2016
8429,948,10642,538,188,6,20-04-2016
8430,948,23614,1772,198,24,04-04-2016
8431,948,22150,2627,374,23,29-04-2016
8432,948,24205,2065,115,96,14-04-2016
8433,948,18589,1550,392,63,05-05-2016
8434,948,19023,1764,210,156,04-05-2016
8435,948,10295,541,427,135,25-04-2016
8436,949,21625,775,414,157,31-07-2016
8437,949,17566,2106,404,156,03-08-2016
8438,949,16771,1913,362,94,01-07-2016
8439,949,5524,355,455,47,02-07-2016
8440,949,6488,358,221,131,05-07-2016
8441,949,17313,1894,386,163,04-07-2016
8442,950,3205,187,151,197,14-09-2016
8443,950,15691,743,411,2,02-10-2016
8444,950,24635,2015,205,123,14-10-2016
8445,950,19492,702,84,89,23-09-2016
8446,950,21847,473,83,124,03-10-2016
8447,950,15506,1335,268,7,04-10-2016
8448,950,8316,720,452,48,10-09-2016
8449,950,14613,625,381,63,15-09-2016
8450,950,7507,432,11,194,29-09-2016
8451,950,20027,1780,142,112,28-09-2016
8452,950,16159,1835,315,20,24-09-2016
8453,951,17516,496,52,136,09-04-2016
8454,951,17957,653,203,131,06-04-2016
8455,951,5834,229,207,155,01-04-2016
8456,951,18362,925,38,158,29-03-2016
8457,951,7334,812,325,21,31-03-2016
8458,951,13409,1019,346,122,02-04-2016
8459,951,21826,550,426,157,28-03-2016
8460,951,5416,120,305,21,03-04-2016
8461,951,14595,1624,376,126,08-04-2016
8462,951,14711,1573,453,126,11-04-2016
8463,951,11867,258,317,38,04-04-2016
8464,951,22412,1372,323,117,05-04-2016
8465,951,5173,349,417,6,07-04-2016
8466,951,8754,994,121,189,10-04-2016
8467,952,16029,496,61,17,08-02-2017
8468,952,22167,1184,301,158,16-02-2017
8469,952,11653,680,356,104,15-02-2017
8470,952,7586,906,306,161,02-02-2017
8471,952,24411,1368,471,24,31-01-2017
8472,952,8492,367,272,127,27-01-2017
8473,952,21666,1762,491,161,10-02-2017
8474,953,5439,599,243,7,15-05-2017
8475,953,15141,1277,212,119,17-05-2017
8476,953,4343,127,3,135,11-05-2017
8477,953,20492,1220,223,187,14-05-2017
8478,953,21732,1921,101,61,16-05-2017
8479,953,15681,1255,472,90,12-05-2017
8480,953,24453,2698,380,110,13-05-2017
8481,953,6871,188,129,60,10-05-2017
8482,954,16695,507,392,37,12-02-2017
8483,954,24792,914,341,110,04-02-2017
8484,954,15858,1399,485,8,06-02-2017
8485,954,13208,1530,469,137,11-02-2017
8486,954,18185,632,413,3,23-02-2017
8487,954,7908,526,453,28,20-02-2017
8488,954,13733,410,113,32,17-02-2017
8489,954,16565,615,318,88,03-02-2017
8490,954,7874,531,485,123,15-02-2017
8491,954,23534,1594,30,39,21-02-2017
8492,954,23361,1599,272,123,10-02-2017
8493,954,6964,825,276,163,01-02-2017
8494,954,7585,742,333,109,02-02-2017
8495,955,23210,2763,268,130,08-09-2016
8496,955,7880,942,269,183,10-09-2016
8497,955,16030,1638,358,83,11-09-2016
8498,955,7369,231,240,71,01-09-2016
8499,955,11045,245,114,8,28-08-2016
8500,955,22804,738,194,162,31-08-2016
8501,955,14125,697,389,76,29-08-2016
8502,955,23688,1552,90,113,12-09-2016
8503,955,20773,501,170,173,09-09-2016
8504,956,4659,176,350,175,12-01-2016
8505,956,23413,2271,337,45,10-01-2016
8506,956,9455,781,194,61,15-01-2016
8507,956,12857,508,329,4,13-01-2016
8508,956,5819,349,177,48,11-01-2016
8509,956,20906,1057,147,44,09-01-2016
8510,957,24026,2120,431,153,15-09-2017
8511,957,3203,281,200,78,20-09-2017
8512,957,19174,1295,326,5,02-09-2017
8513,957,11661,767,495,182,11-09-2017
8514,957,16923,789,264,143,04-09-2017
8515,958,3821,203,102,38,11-02-2016
8516,958,7095,790,175,115,12-02-2016
8517,958,11537,848,418,131,16-02-2016
8518,958,10042,993,281,47,12-01-2016
8519,958,21088,1799,306,72,24-01-2016
8520,958,10294,1177,421,154,17-01-2016
8521,958,7234,592,106,175,15-01-2016
8522,958,7807,591,243,79,28-01-2016
8523,958,6591,239,473,27,19-01-2016
8524,958,22395,2057,178,28,31-01-2016
8525,959,18445,1584,40,72,25-04-2016
8526,959,20403,1917,426,113,01-05-2016
8527,959,13847,741,441,118,27-04-2016
8528,959,4378,376,109,18,17-05-2016
8529,959,23382,2619,121,50,26-04-2016
8530,959,14735,447,32,11,28-05-2016
8531,959,14501,761,389,129,02-05-2016
8532,959,16878,1765,31,23,28-04-2016
8533,959,19249,1790,240,42,24-04-2016
8534,959,22315,1606,322,169,29-04-2016
8535,959,4534,116,419,186,18-05-2016
8536,959,9805,209,257,169,27-05-2016
8537,959,9851,355,55,174,03-05-2016
8538,960,7080,302,370,136,04-08-2016
8539,960,4622,224,446,0,03-08-2016
8540,960,16197,812,31,11,07-08-2016
8541,960,8020,496,278,170,10-08-2016
8542,960,20627,1479,187,179,05-08-2016
8543,960,11577,604,337,54,31-07-2016
8544,960,18461,961,332,37,16-08-2016
8545,960,14557,435,407,198,02-08-2016
8546,960,15885,433,16,71,11-08-2016
8547,960,18725,1086,273,12,08-08-2016
8548,961,14477,454,334,142,12-11-2016
8549,961,9790,823,346,90,28-11-2016
8550,961,24897,2403,82,13,03-12-2016
8551,961,6483,613,118,196,14-11-2016
8552,961,19969,833,428,175,24-11-2016
8553,961,12287,1186,66,179,21-11-2016
8554,961,15246,330,462,12,20-11-2016
8555,961,9137,872,41,153,18-11-2016
8556,961,3099,279,204,123,23-11-2016
8557,961,3501,183,384,129,04-12-2016
8558,961,13036,1489,337,47,01-12-2016
8559,961,9876,684,387,6,13-11-2016
8560,961,11231,438,288,141,05-12-2016
8561,961,3208,310,489,117,25-11-2016
8562,961,12122,1439,39,44,30-11-2016
8563,962,22929,1438,440,138,22-06-2017
8564,962,6583,347,292,22,19-06-2017
8565,962,9982,200,324,73,25-06-2017
8566,962,20022,1070,279,39,05-07-2017
8567,962,17517,391,117,105,26-06-2017
8568,962,20997,2374,297,52,18-06-2017
8569,962,9228,896,205,4,14-06-2017
8570,962,24273,2424,446,14,19-07-2017
8571,963,12104,444,165,175,25-07-2017
8572,963,18469,1745,309,10,17-07-2017
8573,963,3119,172,98,53,24-07-2017
8574,963,20277,2214,85,81,29-07-2017
8575,963,18080,1606,58,14,28-07-2017
8576,964,9378,869,75,113,04-04-2017
8577,964,24404,2845,124,18,29-03-2017
8578,964,17017,344,37,43,10-04-2017
8579,964,12639,370,445,51,26-03-2017
8580,964,13829,1000,352,30,19-04-2017
8581,964,17992,1081,245,15,01-04-2017
8582,964,23628,1731,321,33,16-04-2017
8583,964,17287,1796,52,111,14-04-2017
8584,964,5499,162,247,125,18-04-2017
8585,964,20118,538,174,168,11-04-2017
8586,964,8864,372,51,151,15-04-2017
8587,964,12070,1059,196,70,08-04-2017
8588,965,17542,1655,343,40,09-11-2016
8589,965,12265,676,352,169,04-11-2016
8590,965,24811,2794,132,95,23-11-2016
8591,965,8814,699,271,115,28-10-2016
8592,965,16924,958,370,22,19-11-2016
8593,965,21604,441,407,191,27-10-2016
8594,965,17327,1957,399,176,25-11-2016
8595,965,11934,307,26,159,28-11-2016
8596,965,20059,2400,105,137,11-11-2016
8597,965,10375,711,497,152,14-11-2016
8598,965,6963,429,25,56,13-11-2016
8599,965,14288,1406,293,73,20-11-2016
8600,965,19818,2235,412,72,12-11-2016
8601,966,12807,488,169,183,05-02-2016
8602,966,12769,1200,486,14,25-01-2016
8603,966,13049,543,426,15,01-02-2016
8604,966,8214,768,19,51,16-01-2016
8605,966,4082,305,261,10,13-01-2016
8606,966,23850,2388,179,168,29-01-2016
8607,966,20552,414,331,150,09-02-2016
8608,966,15670,1368,365,198,14-02-2016
8609,966,23692,2226,165,183,20-01-2016
8610,967,24513,720,327,167,23-12-2017
8611,967,18888,921,150,126,03-01-2018
8612,967,19794,1718,462,107,08-12-2017
8613,967,12746,530,228,137,20-12-2017
8614,967,6708,498,443,141,27-12-2017
8615,967,23337,2302,255,99,18-12-2017
8616,967,12748,529,220,49,11-12-2017
8617,967,13947,1213,456,17,30-12-2017
8618,967,24231,707,255,154,01-01-2018
8619,967,4782,124,275,136,22-12-2017
8620,967,4687,410,279,6,10-12-2017
8621,967,22520,1293,310,116,28-12-2017
8622,967,15745,1150,274,71,04-01-2018
8623,968,8288,188,306,139,19-09-2017
8624,968,8430,684,278,170,14-10-2017
8625,968,17920,565,25,150,10-10-2017
8626,968,16208,1560,335,135,30-09-2017
8627,968,20746,961,87,68,18-10-2017
8628,968,18287,593,197,60,18-09-2017
8629,968,14982,1765,215,148,01-10-2017
8630,968,3364,320,363,10,20-10-2017
8631,968,9387,319,152,173,17-10-2017
8632,968,23463,752,92,106,12-10-2017
8633,968,11844,1165,131,143,19-10-2017
8634,968,7277,872,285,21,17-09-2017
8635,969,23683,1740,474,62,08-02-2017
8636,969,11814,1202,245,132,16-02-2017
8637,969,4409,207,379,43,30-01-2017
8638,969,4165,442,112,12,01-02-2017
8639,969,20104,427,353,194,07-02-2017
8640,969,20794,2124,356,118,22-02-2017
8641,969,6180,321,79,81,06-02-2017
8642,969,24698,544,226,124,01-03-2017
8643,969,15545,1427,105,31,04-03-2017
8644,969,24115,730,138,137,05-03-2017
8645,969,4595,548,177,21,04-02-2017
8646,969,9496,604,22,90,20-02-2017
8647,970,11277,394,242,24,27-12-2016
8648,970,22581,2194,421,27,25-12-2016
8649,970,17687,2019,238,59,28-12-2016
8650,970,23873,2284,134,157,03-01-2017
8651,970,6330,164,84,59,01-01-2017
8652,970,21378,1573,34,195,30-12-2016
8653,970,7454,581,36,66,29-12-2016
8654,971,21244,1175,208,10,14-07-2017
8655,971,18168,581,118,55,19-07-2017
8656,971,4762,470,396,103,31-07-2017
8657,971,12186,1423,466,176,03-08-2017
8658,971,18121,680,250,41,16-07-2017
8659,971,11494,360,431,119,17-07-2017
8660,971,24576,2358,350,49,15-07-2017
8661,971,5649,432,381,93,05-08-2017
8662,971,16373,995,388,80,02-08-2017
8663,971,16713,1491,177,199,10-07-2017
8664,972,21489,1535,396,8,02-07-2016
8665,972,15868,1490,436,53,30-06-2016
8666,972,5086,579,36,75,01-07-2016
8667,972,9547,693,428,142,19-07-2016
8668,972,10501,673,203,121,29-06-2016
8669,972,5488,644,454,118,28-06-2016
8670,972,3559,152,360,163,05-07-2016
8671,972,22926,1915,0,21,10-07-2016
8672,972,18873,870,286,84,08-07-2016
8673,972,11541,1031,77,38,04-07-2016
8674,972,8473,939,346,80,13-07-2016
8675,972,17230,497,300,135,12-07-2016
8676,973,6326,285,470,157,30-06-2017
8677,973,8808,972,354,111,29-06-2017
8678,973,12739,536,221,171,04-07-2017
8679,973,3999,367,115,122,08-07-2017
8680,973,19205,1065,276,81,12-07-2017
8681,973,20766,889,316,2,24-07-2017
8682,973,19263,2027,438,33,15-07-2017
8683,973,22576,1742,361,36,30-07-2017
8684,973,14235,745,111,16,01-07-2017
8685,974,23181,784,426,9,01-11-2017
8686,974,11771,1215,475,156,21-11-2017
8687,974,18014,593,69,140,08-11-2017
8688,974,8317,729,489,21,02-12-2017
8689,974,17639,962,443,65,20-11-2017
8690,974,12632,1271,466,16,04-11-2017
8691,974,24295,1833,96,21,11-11-2017
8692,974,17989,1737,86,139,14-11-2017
8693,974,23357,673,312,131,07-11-2017
8694,974,11542,1128,5,62,04-12-2017
8695,974,8226,173,140,107,27-10-2017
8696,974,10608,580,369,57,18-11-2017
8697,974,13220,340,132,60,24-10-2017
8698,975,23964,2264,41,51,05-08-2017
8699,975,16280,1785,163,7,06-08-2017
8700,975,20903,1763,285,103,25-08-2017
8701,975,23693,2258,46,152,13-08-2017
8702,975,10444,620,87,54,10-08-2017
8703,975,21066,1559,316,103,26-08-2017
8704,975,14958,1261,84,70,23-08-2017
8705,976,7228,259,106,38,03-12-2016
8706,976,15429,1106,98,89,02-01-2017
8707,976,4029,252,481,13,21-12-2016
8708,976,22260,922,292,98,03-01-2017
8709,976,17129,1797,383,138,05-12-2016
8710,976,7511,574,419,64,04-01-2017
8711,976,9207,1056,241,147,18-12-2016
8712,976,24254,2106,359,62,10-01-2017
8713,977,3512,254,152,186,03-03-2017
8714,977,5237,255,427,79,22-02-2017
8715,977,17561,1887,293,26,08-03-2017
8716,977,20066,2025,424,4,09-03-2017
8717,977,21989,1056,33,14,01-03-2017
8718,977,13695,1509,59,91,21-02-2017
8719,977,3717,97,137,38,27-02-2017
8720,977,8697,415,399,143,23-02-2017
8721,977,11384,397,492,156,02-03-2017
8722,978,13981,468,161,12,09-10-2017
8723,978,10283,774,93,128,20-09-2017
8724,978,16871,1277,452,33,08-10-2017
8725,978,12740,783,124,149,27-09-2017
8726,978,24320,2016,458,78,19-09-2017
8727,978,16532,1147,169,119,03-10-2017
8728,978,8576,875,42,42,10-10-2017
8729,979,19592,552,157,161,25-12-2017
8730,979,21727,484,498,148,31-12-2017
8731,979,18374,1241,426,36,03-01-2018
8732,979,3823,103,495,171,11-12-2017
8733,979,14971,456,48,183,16-01-2018
8734,979,15692,1445,57,53,14-01-2018
8735,979,3584,271,487,58,13-12-2017
8736,979,13213,300,307,34,08-01-2018
8737,979,21578,1872,283,186,15-01-2018
8738,980,3087,317,189,152,12-05-2017
8739,980,8639,822,422,178,09-05-2017
8740,980,3617,124,355,130,14-05-2017
8741,980,13513,1527,359,165,23-05-2017
8742,980,10796,315,468,80,18-05-2017
8743,980,8484,565,429,199,24-05-2017
8744,980,3499,300,486,112,04-05-2017
8745,980,17331,606,398,170,22-05-2017
8746,980,13939,1578,468,149,21-05-2017
8747,980,9134,567,19,27,20-05-2017
8748,980,5660,422,168,70,30-05-2017
8749,980,19594,1374,285,31,06-05-2017
8750,980,22721,2251,111,43,22-04-2017
8751,981,3303,280,182,95,09-07-2016
8752,981,20668,1790,44,29,14-07-2016
8753,981,16629,514,429,187,22-06-2016
8754,981,9655,631,374,35,19-06-2016
8755,981,5371,186,158,16,29-06-2016
8756,981,19362,1121,28,44,11-07-2016
8757,981,8831,901,403,133,10-07-2016
8758,981,22908,1525,407,8,16-07-2016
8759,981,17811,1124,284,164,16-06-2016
8760,981,13276,958,96,39,30-06-2016
8761,982,16657,1005,171,57,08-05-2017
8762,982,18496,1441,376,19,07-05-2017
8763,982,5554,294,21,51,29-05-2017
8764,982,24808,2170,12,66,22-05-2017
8765,982,17902,1426,135,142,13-05-2017
8766,982,15579,1835,103,97,05-05-2017
8767,983,23421,2500,363,89,08-04-2016
8768,983,15852,907,412,174,28-03-2016
8769,983,9844,369,5,167,19-04-2016
8770,983,22449,2333,160,139,23-04-2016
8771,983,3099,279,446,19,12-04-2016
8772,983,12444,1282,115,11,14-04-2016
8773,983,24775,2325,406,22,29-03-2016
8774,983,22008,464,316,63,11-04-2016
8775,983,4115,286,106,86,13-04-2016
8776,983,14506,1161,32,90,30-03-2016
8777,984,6860,297,428,29,01-05-2017
8778,984,22601,1001,33,18,19-04-2017
8779,984,17474,1326,482,28,27-04-2017
8780,984,12865,869,221,50,16-04-2017
8781,984,19689,2172,249,59,20-04-2017
8782,984,21859,1784,403,102,29-04-2017
8783,984,11695,729,361,176,28-04-2017
8784,985,16511,1686,102,96,21-06-2016
8785,985,13321,621,26,177,27-06-2016
8786,985,5974,396,452,88,20-06-2016
8787,985,18129,1456,407,197,04-07-2016
8788,985,7772,633,264,79,29-06-2016
8789,985,24470,2346,88,37,22-06-2016
8790,985,23420,1494,68,32,16-06-2016
8791,985,11492,1317,327,34,17-06-2016
8792,985,11696,1107,404,159,07-07-2016
8793,985,22374,1848,48,58,05-07-2016
8794,985,6463,162,259,136,26-06-2016
8795,985,3040,153,486,79,25-06-2016
8796,985,8295,566,251,28,28-06-2016
8797,985,8620,588,113,116,08-07-2016
8798,986,24209,1856,80,163,05-08-2017
8799,986,13319,1213,402,189,01-08-2017
8800,986,12117,719,338,115,02-08-2017
8801,986,3711,260,326,156,11-08-2017
8802,986,17562,849,421,159,13-08-2017
8803,986,5242,290,228,50,31-08-2017
8804,986,11359,739,170,134,31-07-2017
8805,986,24975,1032,61,79,10-08-2017
8806,986,4210,424,287,124,30-08-2017
8807,986,9803,311,121,78,07-08-2017
8808,986,16838,1944,251,82,21-08-2017
8809,986,23200,1408,158,112,27-08-2017
8810,987,9634,454,41,94,02-06-2016
8811,987,11567,1053,281,44,14-06-2016
8812,987,3609,273,265,86,08-06-2016
8813,987,7683,661,5,26,07-06-2016
8814,987,24804,1817,68,72,31-05-2016
8815,988,14569,1595,455,15,28-08-2017
8816,988,23084,2646,181,113,17-09-2017
8817,988,12375,1336,290,59,08-09-2017
8818,988,14230,1452,248,45,27-09-2017
8819,988,16502,1741,395,80,18-09-2017
8820,988,24034,2604,295,6,14-08-2017
8821,989,10326,395,270,165,28-01-2017
8822,989,6142,277,401,132,21-01-2017
8823,989,8304,821,307,198,27-01-2017
8824,989,16812,1535,39,145,24-01-2017
8825,989,5994,506,493,199,26-01-2017
8826,989,21493,1795,147,182,23-01-2017
8827,989,22695,2520,343,70,25-01-2017
8828,989,3143,328,328,69,22-01-2017
8829,990,16829,1451,192,80,28-03-2016
8830,990,7115,447,82,79,17-03-2016
8831,990,3564,329,55,162,22-03-2016
8832,990,21919,1167,18,124,27-03-2016
8833,990,20159,1744,207,141,30-03-2016
8834,991,23384,2404,315,43,29-08-2017
8835,991,3147,73,264,135,09-08-2017
8836,991,6516,730,116,115,16-09-2017
8837,991,19754,1069,463,164,22-08-2017
8838,991,24718,1127,184,134,23-08-2017
8839,991,14077,1164,23,186,12-08-2017
8840,991,10334,325,41,42,11-09-2017
8841,991,5791,350,381,197,16-08-2017
8842,991,5991,189,493,178,28-08-2017
8843,991,10412,1181,289,186,14-09-2017
8844,991,9587,288,218,58,17-09-2017
8845,991,16616,374,226,107,08-09-2017
8846,991,6148,469,446,39,21-09-2017
8847,992,15865,808,430,40,07-10-2017
8848,992,5531,300,430,169,08-10-2017
8849,992,10272,781,478,22,27-10-2017
8850,992,23747,2264,465,110,25-10-2017
8851,992,4667,250,381,18,04-10-2017
8852,992,14303,1303,308,139,29-09-2017
8853,992,22712,2568,476,98,30-10-2017
8854,992,19360,417,400,141,26-10-2017
8855,992,5956,346,115,115,02-10-2017
8856,992,6642,757,76,180,02-11-2017
8857,992,18143,787,223,23,18-10-2017
8858,992,4309,157,419,11,03-11-2017
8859,993,16698,1263,41,72,05-02-2016
8860,993,5184,527,191,42,27-01-2016
8861,993,6506,664,181,50,01-02-2016
8862,993,6113,517,425,50,07-02-2016
8863,993,15589,1596,49,174,30-01-2016
8864,993,19093,923,142,81,04-02-2016
8865,994,8530,763,142,23,22-06-2016
8866,994,14659,488,353,46,17-06-2016
8867,994,20305,1061,292,28,26-06-2016
8868,994,13437,531,208,24,23-06-2016
8869,994,7947,539,127,108,12-06-2016
8870,994,6343,521,365,18,21-06-2016
8871,994,12799,807,272,192,14-06-2016
8872,994,22162,874,19,41,16-06-2016
8873,994,25000,1096,348,98,18-06-2016
8874,994,15001,1293,268,13,15-06-2016
8875,994,5940,206,75,80,13-06-2016
8876,994,10514,498,409,174,24-06-2016
8877,994,23373,2401,75,199,20-06-2016
8878,995,9933,453,332,115,22-02-2017
8879,995,20334,1693,105,113,29-01-2017
8880,995,8923,620,342,123,09-02-2017
8881,995,20888,2017,123,47,05-03-2017
8882,995,15378,1645,443,33,12-02-2017
8883,996,23766,1161,480,58,10-11-2017
8884,996,5932,665,328,116,15-11-2017
8885,996,9020,321,151,176,29-10-2017
8886,996,16067,775,218,111,30-10-2017
8887,996,17491,1019,370,181,14-11-2017
8888,996,4301,295,345,114,17-11-2017
8889,996,4223,110,188,115,13-11-2017
8890,996,24095,2003,250,70,08-11-2017
8891,996,19507,669,467,51,02-11-2017
8892,997,22449,2234,94,120,12-06-2016
8893,997,8358,785,183,143,31-05-2016
8894,997,22279,2533,285,4,29-05-2016
8895,997,8224,864,88,57,09-06-2016
8896,997,8890,363,36,130,13-06-2016
8897,997,13458,1310,211,87,05-06-2016
8898,997,4001,371,435,188,27-06-2016
8899,997,17172,1984,414,130,02-06-2016
8900,997,18137,1572,7,96,07-06-2016
8901,997,22273,499,182,170,23-05-2016
8902,997,23035,1488,394,159,26-06-2016
8903,997,22559,2550,487,133,10-06-2016
8904,997,14328,1669,472,142,28-06-2016
8905,998,6841,675,412,54,14-09-2016
8906,998,15580,1642,377,148,08-09-2016
8907,998,16715,843,323,80,26-09-2016
8908,998,7367,403,35,50,25-09-2016
8909,998,6345,705,278,54,07-09-2016
8910,998,10358,654,303,136,01-10-2016
8911,998,24047,2469,461,12,13-09-2016
8912,998,6419,610,367,59,23-09-2016
8913,998,7493,452,241,111,10-09-2016
8914,998,9716,226,180,19,28-09-2016
8915,998,10710,815,344,146,29-09-2016
8916,998,23986,2877,341,103,22-09-2016
8917,998,11001,1177,62,44,15-09-2016
8918,999,16705,1214,74,138,18-03-2016
8919,999,5472,590,17,20,12-04-2016
8920,999,3017,152,240,145,29-03-2016
8921,999,13875,931,349,29,02-04-2016
8922,999,12280,1425,48,9,23-03-2016
8923,999,9484,319,280,49,01-04-2016
8924,999,19533,1637,371,154,19-03-2016
8925,999,11903,1405,114,60,05-04-2016
8926,999,16343,902,329,131,07-04-2016
8927,999,15193,783,278,148,24-03-2016
8928,999,15429,1708,406,182,14-04-2016
8929,999,19281,2019,102,132,25-03-2016
8930,999,24965,825,305,118,31-03-2016
8931,999,6069,159,279,15,21-03-2016
8932,999,8211,514,351,197,28-03-2016
8933,1000,6493,570,442,188,09-08-2017
8934,1000,20642,1364,403,152,01-08-2017
8935,1000,20299,2341,351,49,15-08-2017
8936,1000,15628,495,207,130,25-08-2017
8937,1000,5802,486,97,16,03-08-2017
8938,1000,8910,955,325,167,28-08-2017
8939,1000,19532,1759,434,22,13-08-2017
8940,1000,16882,785,187,185,10-08-2017
8941,1000,9364,599,119,110,29-07-2017
8942,1000,18480,901,280,172,03-09-2017
8943,1000,5214,153,454,77,23-08-2017
8944,1000,11422,1244,269,199,16-08-2017
8945,1000,12795,318,40,139,31-08-2017
8946,1000,9581,603,374,18,25-07-2017
8947,1001,6244,275,456,75,11-11-2017
8948,1001,4595,461,440,59,13-11-2017
8949,1001,7315,711,412,49,10-11-2017
8950,1001,12930,324,308,143,14-11-2017
8951,1001,19182,843,32,136,16-11-2017
8952,1001,16476,1334,87,39,17-11-2017
8953,1001,21962,696,122,31,15-11-2017
8954,1001,21790,1529,383,156,19-11-2017
8955,1001,24564,1955,196,109,12-11-2017
8956,1001,8886,343,31,181,18-11-2017
8957,1002,4377,453,99,157,26-03-2016
8958,1002,24359,2716,270,51,23-03-2016
8959,1002,8905,906,288,8,25-03-2016
8960,1002,8408,330,99,152,22-03-2016
8961,1002,8756,837,4,88,15-03-2016
8962,1002,10995,567,68,61,11-04-2016
8963,1002,8476,490,48,47,19-03-2016
8964,1003,16369,642,156,100,29-03-2016
8965,1003,10583,227,284,185,27-03-2016
8966,1003,10887,950,404,89,25-03-2016
8967,1003,8424,990,425,195,26-03-2016
8968,1003,4205,251,179,150,23-03-2016
8969,1003,17020,1712,357,119,24-03-2016
8970,1003,17933,588,196,55,28-03-2016
8971,1003,11299,556,459,115,22-03-2016
8972,1003,7881,749,8,91,31-03-2016
8973,1003,16175,347,379,154,30-03-2016
8974,1004,24361,849,489,144,09-11-2017
8975,1004,19210,1183,347,116,08-11-2017
8976,1004,3347,138,427,112,03-11-2017
8977,1004,13989,610,209,171,30-10-2017
8978,1004,14325,1273,74,80,21-11-2017
8979,1004,11230,927,495,126,22-11-2017
8980,1004,8901,611,462,102,04-11-2017
8981,1004,24102,1939,143,181,15-11-2017
8982,1004,21188,1263,412,29,17-11-2017
8983,1004,4087,86,487,192,01-11-2017
8984,1004,16388,804,270,127,19-11-2017
8985,1004,19023,2245,87,64,18-11-2017
8986,1004,24532,1716,123,127,06-11-2017
8987,1005,19217,2125,316,93,01-04-2016
8988,1005,4960,160,121,51,24-04-2016
8989,1005,22116,1541,467,191,16-04-2016
8990,1005,15174,772,342,190,26-03-2016
8991,1005,20078,2296,466,189,13-04-2016
8992,1005,21574,1376,112,112,15-03-2016
8993,1005,23229,1948,160,146,05-04-2016
8994,1005,23513,1983,493,61,10-04-2016
8995,1005,10908,258,372,198,22-04-2016
8996,1005,10169,806,191,154,25-03-2016
8997,1005,7324,742,121,71,20-04-2016
8998,1006,14041,843,162,193,25-03-2016
8999,1006,12771,313,335,85,24-03-2016
9000,1006,13478,1037,426,188,02-04-2016
9001,1006,3158,66,274,58,20-03-2016
9002,1006,5006,355,391,122,22-03-2016
9003,1006,8881,821,499,134,21-03-2016
9004,1006,15696,1064,455,94,23-03-2016
9005,1007,17496,1717,198,82,13-12-2017
9006,1007,11443,572,147,10,02-12-2017
9007,1007,23546,1529,57,66,11-12-2017
9008,1007,22368,1070,12,170,01-12-2017
9009,1007,16119,1803,222,127,28-12-2017
9010,1007,22600,2432,1,131,30-11-2017
9011,1007,17985,2029,226,16,08-12-2017
9012,1007,8580,591,167,62,23-11-2017
9013,1007,7595,241,296,130,27-12-2017
9014,1007,22355,2039,393,192,20-12-2017
9015,1007,16922,529,358,101,27-11-2017
9016,1007,10902,1059,191,7,19-12-2017
9017,1007,23978,2352,325,192,16-12-2017
9018,1007,21508,2007,476,77,18-12-2017
9019,1007,10436,1138,340,187,05-12-2017
9020,1008,6453,496,234,142,25-05-2016
9021,1008,24834,1854,125,89,03-06-2016
9022,1008,21275,2366,78,14,10-06-2016
9023,1008,6083,420,310,123,11-06-2016
9024,1008,24758,1945,304,12,26-05-2016
9025,1008,14373,1043,271,95,07-05-2016
9026,1008,5755,165,17,180,04-05-2016
9027,1008,17751,2066,111,56,02-06-2016
9028,1008,10802,893,199,92,05-05-2016
9029,1008,17903,846,156,170,29-05-2016
9030,1008,15012,1734,181,68,13-05-2016
9031,1008,14452,925,354,78,08-06-2016
9032,1008,23204,2232,305,30,30-05-2016
9033,1008,17434,665,299,82,23-05-2016
9034,1008,3772,333,44,111,20-05-2016
9035,1009,21238,1528,483,51,14-09-2016
9036,1009,11044,535,422,40,06-09-2016
9037,1009,7315,540,136,40,16-09-2016
9038,1009,17527,1876,429,114,17-09-2016
9039,1009,12817,1173,467,6,05-09-2016
9040,1010,21543,2337,391,127,22-04-2016
9041,1010,16841,1206,485,140,25-04-2016
9042,1010,19317,1496,399,115,21-04-2016
9043,1010,23394,1143,226,68,26-04-2016
9044,1010,17802,903,302,184,20-04-2016
9045,1010,7734,594,415,7,23-04-2016
9046,1010,14902,1183,407,29,19-04-2016
9047,1010,24539,1976,259,145,24-04-2016
9048,1011,17766,1070,121,130,04-09-2016
9049,1011,13527,410,297,92,21-08-2016
9050,1011,3548,248,259,47,19-08-2016
9051,1011,6037,303,254,61,01-09-2016
9052,1011,7150,553,120,127,12-08-2016
9053,1012,23558,1314,368,114,21-01-2017
9054,1012,8612,682,24,17,04-01-2017
9055,1012,24679,1043,29,71,25-01-2017
9056,1012,24361,2720,326,111,28-12-2016
9057,1012,12318,968,13,143,31-12-2016
9058,1012,18317,1636,90,69,29-12-2016
9059,1012,15863,460,376,46,09-01-2017
9060,1012,14308,545,38,182,22-01-2017
9061,1012,18346,1506,35,108,03-01-2017
9062,1012,9261,827,83,102,16-01-2017
9063,1012,5955,470,430,18,26-01-2017
9064,1012,7637,746,104,6,27-12-2016
9065,1012,23045,2679,106,69,24-01-2017
9066,1013,21129,711,68,40,23-07-2017
9067,1013,8249,604,208,74,19-07-2017
9068,1013,23469,859,474,136,28-07-2017
9069,1013,21762,646,111,134,21-07-2017
9070,1013,9390,379,207,109,12-07-2017
9071,1013,21593,2514,370,52,11-07-2017
9072,1014,10795,922,306,154,18-03-2017
9073,1014,20551,2286,137,100,01-03-2017
9074,1014,20747,2390,118,73,22-02-2017
9075,1014,24056,891,499,123,20-03-2017
9076,1014,21375,1437,93,187,03-03-2017
9077,1014,7854,575,244,108,04-03-2017
9078,1014,11856,718,214,145,17-03-2017
9079,1014,3047,355,197,106,12-03-2017
9080,1014,4068,364,160,9,07-03-2017
9081,1014,22221,1386,388,93,02-03-2017
9082,1014,23736,792,394,101,16-03-2017
9083,1014,5483,354,44,63,08-03-2017
9084,1014,7708,693,239,118,22-03-2017
9085,1015,6284,187,383,193,08-07-2016
9086,1015,21056,2080,112,35,02-06-2016
9087,1015,23264,1614,110,43,10-06-2016
9088,1015,7944,261,345,7,12-07-2016
9089,1015,4517,531,154,123,11-06-2016
9090,1015,22139,999,171,165,17-06-2016
9091,1015,22644,1333,458,156,06-06-2016
9092,1015,8449,216,222,73,19-06-2016
9093,1015,4302,473,370,146,04-06-2016
9094,1015,7498,738,375,27,16-06-2016
9095,1015,23841,1272,454,144,06-07-2016
9096,1015,11192,349,105,64,02-07-2016
9097,1015,12177,1150,474,81,26-06-2016
9098,1015,4749,545,350,80,30-06-2016
9099,1015,18634,1069,229,116,13-06-2016
9100,1016,6298,584,271,127,23-02-2016
9101,1016,15750,899,461,84,17-02-2016
9102,1016,7380,525,415,111,28-01-2016
9103,1016,12531,951,83,115,19-02-2016
9104,1016,5811,570,129,145,30-01-2016
9105,1017,21641,1882,74,18,14-11-2016
9106,1017,17414,649,93,128,06-11-2016
9107,1017,3981,164,384,78,27-10-2016
9108,1017,8429,529,224,157,29-10-2016
9109,1017,10044,719,342,168,11-11-2016
9110,1017,23646,949,45,25,07-11-2016
9111,1017,24496,2440,288,94,13-11-2016
9112,1017,9091,905,462,35,24-10-2016
9113,1017,13026,802,81,49,30-10-2016
9114,1017,7611,291,331,107,01-11-2016
9115,1017,16251,1566,24,144,09-11-2016
9116,1017,17682,1626,103,154,02-11-2016
9117,1017,11824,244,188,68,31-10-2016
9118,1017,7089,323,433,105,15-11-2016
9119,1018,8045,749,488,70,15-08-2017
9120,1018,13631,1141,330,154,23-08-2017
9121,1018,12979,374,102,149,24-08-2017
9122,1018,8200,475,14,185,16-08-2017
9123,1018,20867,2326,352,151,22-08-2017
9124,1018,16257,850,420,131,17-08-2017
9125,1018,24034,1703,228,30,21-08-2017
9126,1018,20623,1848,122,55,20-08-2017
9127,1018,3860,460,199,113,18-08-2017
9128,1018,22427,724,387,99,25-08-2017
9129,1018,21926,1134,214,27,19-08-2017
9130,1019,11430,1280,414,154,08-04-2017
9131,1019,7588,328,408,100,02-04-2017
9132,1019,14039,1427,209,10,05-04-2017
9133,1019,20004,879,34,110,07-04-2017
9134,1019,16813,1178,271,142,10-04-2017
9135,1019,11424,275,413,92,11-04-2017
9136,1019,11158,476,427,146,06-04-2017
9137,1019,12997,396,171,113,12-04-2017
9138,1019,17452,381,355,152,03-04-2017
9139,1019,15909,601,386,199,09-04-2017
9140,1019,6607,402,176,178,04-04-2017
9141,1020,18946,1995,225,123,29-02-2016
9142,1020,17806,1023,472,118,05-03-2016
9143,1020,22507,545,198,8,13-03-2016
9144,1020,19087,1898,264,108,02-03-2016
9145,1020,22625,1753,303,128,03-03-2016
9146,1020,18498,710,367,132,10-03-2016
9147,1020,5383,305,254,161,06-03-2016
9148,1020,19344,1225,313,176,16-03-2016
9149,1020,22618,1556,390,61,15-03-2016
9150,1020,19112,1951,117,45,04-03-2016
9151,1020,15094,502,469,119,08-03-2016
9152,1020,18953,2215,464,181,14-03-2016
9153,1020,12176,1382,472,100,11-03-2016
9154,1020,18902,514,318,89,17-03-2016
9155,1021,16494,1954,403,40,09-06-2016
9156,1021,12046,390,451,129,15-06-2016
9157,1021,7372,770,371,49,14-06-2016
9158,1021,11345,603,361,160,04-06-2016
9159,1021,4635,211,430,94,01-06-2016
9160,1021,8294,883,43,11,12-06-2016
9161,1021,19011,1246,477,143,03-06-2016
9162,1021,18409,1884,469,7,30-05-2016
9163,1021,3600,148,398,75,13-06-2016
9164,1021,24364,2235,256,45,06-06-2016
9165,1022,20323,2353,47,0,24-07-2017
9166,1022,24846,732,340,5,06-08-2017
9167,1022,8982,1032,286,158,25-07-2017
9168,1022,17385,2030,60,154,02-08-2017
9169,1022,12618,520,250,83,30-07-2017
9170,1022,19439,1677,198,148,23-07-2017
9171,1022,4820,384,105,192,07-08-2017
9172,1022,13056,523,160,72,01-08-2017
9173,1022,14111,796,132,101,10-08-2017
9174,1022,23454,2431,107,93,04-08-2017
9175,1022,4592,474,171,127,09-08-2017
9176,1022,8930,361,464,127,03-08-2017
9177,1022,4929,488,411,109,28-07-2017
9178,1022,17836,786,3,167,08-08-2017
9179,1023,6971,812,313,155,22-05-2016
9180,1023,19998,664,381,85,15-05-2016
9181,1023,14189,1240,109,109,23-05-2016
9182,1023,6396,654,264,78,17-05-2016
9183,1023,13097,831,289,134,21-05-2016
9184,1023,9372,637,157,18,12-05-2016
9185,1023,21266,2230,462,157,19-05-2016
9186,1023,17623,1541,257,137,11-05-2016
9187,1023,3217,382,439,23,16-05-2016
9188,1023,18856,855,467,37,20-05-2016
9189,1023,19608,854,75,29,14-05-2016
9190,1023,15816,1257,289,60,07-05-2016
9191,1023,6685,548,469,179,10-05-2016
9192,1023,23687,2729,29,122,06-05-2016
9193,1024,8317,935,33,118,15-07-2017
9194,1024,19612,1363,468,191,26-07-2017
9195,1024,4876,513,163,64,01-08-2017
9196,1024,6272,175,133,127,18-07-2017
9197,1024,7369,370,86,163,02-08-2017
9198,1024,9311,336,378,155,05-07-2017
9199,1024,22957,2348,82,78,03-08-2017
9200,1024,3531,403,1,77,21-07-2017
9201,1024,17304,1075,18,37,10-07-2017
9202,1024,23082,2218,494,43,02-07-2017
9203,1024,10053,437,239,72,08-07-2017
9204,1024,13741,1165,94,46,07-07-2017
9205,1024,3848,392,176,145,28-07-2017
9206,1024,3257,186,348,175,27-07-2017
9207,1024,14347,1321,391,71,05-08-2017
9208,1025,6782,346,171,85,20-10-2017
9209,1025,22342,2229,200,164,13-10-2017
9210,1025,18003,669,157,3,15-10-2017
9211,1025,9140,398,44,32,18-10-2017
9212,1025,14574,1483,170,109,21-10-2017
9213,1025,5743,282,499,32,24-10-2017
9214,1025,11195,333,121,117,09-10-2017
9215,1025,8830,485,356,159,16-10-2017
9216,1025,18884,603,312,78,12-10-2017
9217,1025,23885,627,106,73,10-10-2017
9218,1025,15696,612,335,53,14-10-2017
9219,1025,24379,884,424,36,23-10-2017
9220,1025,23855,2364,59,89,22-10-2017
9221,1025,10070,584,120,126,11-10-2017
9222,1025,19577,417,185,177,17-10-2017
9223,1026,13513,374,120,75,03-05-2017
9224,1026,15896,384,360,57,09-05-2017
9225,1026,23956,2050,237,160,25-04-2017
9226,1026,15186,1237,499,182,30-04-2017
9227,1026,13627,609,150,62,15-05-2017
9228,1026,16784,549,364,25,29-04-2017
9229,1026,16846,1175,473,62,26-05-2017
9230,1026,19628,1939,50,117,04-05-2017
9231,1026,6774,635,375,153,14-05-2017
9232,1026,23510,2105,299,195,10-05-2017
9233,1026,24311,1497,487,15,24-05-2017
9234,1026,17386,928,1,51,23-05-2017
9235,1027,12530,931,56,12,13-06-2016
9236,1027,19173,869,66,194,05-06-2016
9237,1027,20436,1694,311,181,12-06-2016
9238,1027,15647,1618,332,153,31-05-2016
9239,1027,22990,617,307,168,10-06-2016
9240,1027,6035,656,220,45,17-06-2016
9241,1027,17447,925,59,139,07-06-2016
9242,1027,9390,928,362,26,18-06-2016
9243,1027,14474,1267,85,45,03-06-2016
9244,1027,17729,1947,136,156,15-06-2016
9245,1028,3360,177,314,143,19-09-2016
9246,1028,17231,1172,402,140,29-08-2016
9247,1028,6083,211,77,193,16-08-2016
9248,1028,13119,1043,109,75,31-08-2016
9249,1028,11884,264,388,180,30-08-2016
9250,1028,18757,2050,12,49,03-09-2016
9251,1028,21004,1629,359,157,16-09-2016
9252,1028,17456,1859,406,51,17-09-2016
9253,1028,7810,522,126,91,09-09-2016
9254,1028,24493,591,439,188,20-08-2016
9255,1028,3686,377,466,84,01-09-2016
9256,1028,20746,1305,330,99,06-09-2016
9257,1029,6208,499,210,62,28-08-2017
9258,1029,21035,465,457,11,21-08-2017
9259,1029,13725,855,185,1,31-08-2017
9260,1029,23072,2698,472,196,13-09-2017
9261,1029,22389,2010,184,156,03-09-2017
9262,1029,4891,453,296,194,19-08-2017
9263,1029,12862,1496,13,94,20-08-2017
9264,1029,3945,80,318,180,12-09-2017
9265,1029,12764,465,420,137,08-09-2017
9266,1029,10445,290,455,127,10-09-2017
9267,1029,7537,533,44,49,24-08-2017
9268,1030,19341,1363,381,142,20-12-2016
9269,1030,7797,828,450,50,10-12-2016
9270,1030,10527,757,217,35,04-12-2016
9271,1030,10428,1083,482,148,22-12-2016
9272,1030,12994,918,190,55,09-12-2016
9273,1030,20875,2212,462,152,21-12-2016
9274,1030,17218,1922,351,47,24-12-2016
9275,1030,5378,147,375,163,08-12-2016
9276,1030,17584,1436,470,91,25-12-2016
9277,1030,4419,524,282,135,16-12-2016
9278,1031,4562,204,480,70,25-06-2016
9279,1031,4425,261,80,166,20-06-2016
9280,1031,18527,1547,416,58,17-06-2016
9281,1031,4699,228,332,92,16-06-2016
9282,1031,9352,1114,392,95,19-06-2016
9283,1031,5824,432,374,12,23-06-2016
9284,1031,5495,384,89,63,22-06-2016
9285,1031,5122,438,195,137,21-06-2016
9286,1031,12193,1334,235,113,18-06-2016
9287,1032,16313,1796,258,55,28-12-2017
9288,1032,15127,1376,143,80,09-01-2018
9289,1032,14213,1504,450,82,03-01-2018
9290,1032,22273,518,80,45,31-12-2017
9291,1032,3721,285,492,88,10-01-2018
9292,1032,19137,2261,16,143,27-12-2017
9293,1032,6430,496,219,89,04-01-2018
9294,1032,13875,720,260,101,07-01-2018
9295,1032,12119,1236,167,83,01-01-2018
9296,1032,9654,233,190,2,30-12-2017
9297,1033,6570,506,346,115,03-01-2018
9298,1033,12465,561,178,145,28-12-2017
9299,1033,6184,675,125,136,12-01-2018
9300,1033,4444,103,40,125,31-12-2017
9301,1033,20789,573,139,51,17-01-2018
9302,1033,23119,632,306,141,06-01-2018
9303,1033,6823,634,488,77,26-01-2018
9304,1033,16552,1210,356,166,29-12-2017
9305,1033,14624,1220,116,137,01-01-2018
9306,1033,14768,978,362,29,22-12-2017
9307,1033,14419,1162,108,12,25-01-2018
9308,1033,10551,749,313,39,18-01-2018
9309,1033,18798,646,48,19,23-01-2018
9310,1033,16845,1411,15,41,25-12-2017
9311,1033,11892,1029,257,133,09-01-2018
9312,1034,6261,529,156,191,18-10-2016
9313,1034,21288,1311,39,70,28-09-2016
9314,1034,18342,1377,6,191,25-09-2016
9315,1034,13574,395,400,80,18-09-2016
9316,1034,22170,1319,356,6,09-10-2016
9317,1034,14167,1652,87,188,10-10-2016
9318,1034,12129,1324,56,123,20-10-2016
9319,1034,19688,779,174,158,16-09-2016
9320,1034,12662,1498,280,135,14-10-2016
9321,1034,6316,215,447,38,22-10-2016
9322,1034,15840,1723,33,135,03-10-2016
9323,1034,20178,404,227,76,08-10-2016
9324,1034,24235,1982,477,189,16-10-2016
9325,1034,11469,576,292,193,04-10-2016
9326,1035,5167,538,476,190,26-04-2016
9327,1035,22805,932,156,34,15-05-2016
9328,1035,24940,2240,86,189,21-04-2016
9329,1035,11496,403,58,135,17-05-2016
9330,1035,23892,2410,117,41,09-05-2016
9331,1035,11893,458,123,88,11-05-2016
9332,1035,12143,1060,8,188,23-05-2016
9333,1036,18875,1170,152,38,03-05-2016
9334,1036,6261,563,73,76,09-05-2016
9335,1036,16097,1705,41,77,07-05-2016
9336,1036,13065,1222,310,193,29-05-2016
9337,1036,5739,366,409,121,07-06-2016
9338,1037,11541,346,253,128,05-07-2017
9339,1037,20350,499,342,9,27-06-2017
9340,1037,11470,337,123,45,02-07-2017
9341,1037,3873,92,132,94,20-06-2017
9342,1037,10947,516,3,58,30-06-2017
9343,1037,23254,1531,301,20,07-07-2017
9344,1037,16308,607,142,72,09-07-2017
9345,1038,23579,713,267,34,27-10-2016
9346,1038,13389,1051,206,126,26-10-2016
9347,1038,13502,756,8,25,23-10-2016
9348,1038,3603,116,193,131,30-10-2016
9349,1038,24242,2518,3,0,28-10-2016
9350,1038,3180,191,197,65,02-11-2016
9351,1038,3302,172,224,29,21-10-2016
9352,1038,19098,1976,411,22,22-10-2016
9353,1039,7659,512,224,45,17-12-2016
9354,1039,11721,1228,380,121,07-12-2016
9355,1039,19098,1733,85,44,19-12-2016
9356,1039,7574,762,344,44,23-12-2016
9357,1039,19148,697,360,178,27-12-2016
9358,1040,24035,2204,344,19,06-05-2017
9359,1040,22539,1415,348,128,08-05-2017
9360,1040,18850,1259,322,106,01-05-2017
9361,1040,20244,2283,9,45,28-04-2017
9362,1040,9562,398,200,142,29-04-2017
9363,1040,24217,2177,358,156,07-05-2017
9364,1040,22196,1454,278,179,05-05-2017
9365,1040,15576,952,396,35,30-04-2017
9366,1040,20174,1522,292,108,04-05-2017
9367,1040,7646,451,26,104,02-05-2017
9368,1040,7270,189,269,192,03-05-2017
9369,1040,4540,128,402,180,27-04-2017
9370,1041,22933,1584,250,132,29-03-2017
9371,1041,7712,729,24,113,10-04-2017
9372,1041,4108,267,49,82,27-04-2017
9373,1041,11786,967,263,150,18-04-2017
9374,1041,10596,696,211,50,21-04-2017
9375,1041,8737,550,204,94,09-04-2017
9376,1042,7526,198,338,0,04-04-2016
9377,1042,6718,447,334,169,09-04-2016
9378,1042,24946,1166,378,176,05-04-2016
9379,1042,5656,206,494,110,03-04-2016
9380,1042,4189,381,374,124,10-04-2016
9381,1042,10734,392,428,148,07-04-2016
9382,1042,3174,305,29,177,08-04-2016
9383,1042,8272,549,450,73,06-04-2016
9384,1043,21739,1508,303,65,08-01-2017
9385,1043,23579,1194,475,192,06-01-2017
9386,1043,7380,196,443,66,31-12-2016
9387,1043,6192,701,466,82,07-01-2017
9388,1043,11949,796,145,1,02-01-2017
9389,1043,5954,644,264,125,01-01-2017
9390,1043,9234,494,469,126,04-01-2017
9391,1043,22790,1436,424,135,05-01-2017
9392,1043,6450,275,222,155,03-01-2017
9393,1044,6608,630,4,185,17-07-2017
9394,1044,11239,996,282,37,26-07-2017
9395,1044,21909,1106,173,131,12-07-2017
9396,1044,16959,979,226,87,13-07-2017
9397,1044,21051,2159,169,131,28-07-2017
9398,1044,13076,1231,122,129,22-07-2017
9399,1044,5437,148,318,9,27-07-2017
9400,1044,5414,517,295,167,10-07-2017
9401,1044,18718,2056,154,112,24-07-2017
9402,1044,12006,471,360,69,15-07-2017
9403,1044,7048,279,448,178,09-07-2017
9404,1045,10675,486,165,76,03-04-2017
9405,1045,8344,344,246,5,08-04-2017
9406,1045,23453,1456,192,70,30-03-2017
9407,1045,10401,1060,298,105,04-04-2017
9408,1045,3236,70,241,165,02-04-2017
9409,1046,11533,903,373,138,01-08-2016
9410,1046,16289,1542,79,81,22-07-2016
9411,1046,15752,884,160,10,26-07-2016
9412,1046,6096,361,104,77,31-07-2016
9413,1046,20817,553,223,15,03-08-2016
9414,1046,15873,1442,200,50,27-07-2016
9415,1047,4556,499,195,158,10-12-2017
9416,1047,15681,1679,21,149,30-11-2017
9417,1047,3175,199,451,80,08-12-2017
9418,1047,14172,471,160,112,05-12-2017
9419,1047,17554,615,31,66,01-12-2017
9420,1048,5664,488,71,131,29-08-2016
9421,1048,19241,1632,219,66,21-08-2016
9422,1048,4684,524,78,101,22-08-2016
9423,1048,12656,798,123,28,24-08-2016
9424,1048,19452,1400,490,161,02-09-2016
9425,1049,14023,331,438,2,23-04-2016
9426,1049,9282,791,423,126,16-04-2016
9427,1049,20977,1924,210,44,19-04-2016
9428,1049,13520,293,254,127,27-04-2016
9429,1049,9117,233,428,43,20-04-2016
9430,1049,6801,259,161,102,25-04-2016
9431,1050,4888,535,418,127,26-07-2016
9432,1050,23109,1684,171,54,21-07-2016
9433,1050,9621,1055,385,187,12-07-2016
9434,1050,15362,1203,24,89,14-07-2016
9435,1050,11061,329,276,164,24-07-2016
9436,1050,14708,1701,347,180,17-07-2016
9437,1050,23990,2661,170,138,19-07-2016
9438,1050,14653,734,317,197,25-07-2016
9439,1051,4502,448,443,27,18-01-2018
9440,1051,20335,1260,54,42,12-01-2018
9441,1051,19387,1665,363,24,02-02-2018
9442,1051,4973,354,397,115,29-01-2018
9443,1051,24321,2294,39,167,23-01-2018
9444,1051,18436,371,462,128,27-01-2018
9445,1051,17366,479,96,53,28-01-2018
9446,1051,19131,1849,39,96,03-02-2018
9447,1051,4024,117,336,188,04-01-2018
9448,1051,13494,526,48,34,30-01-2018
9449,1051,9809,411,8,181,25-01-2018
9450,1051,9174,861,96,6,14-01-2018
9451,1051,8956,756,315,60,06-01-2018
9452,1052,20368,1003,389,36,21-10-2016
9453,1052,14032,574,298,97,13-10-2016
9454,1052,23686,1642,173,91,18-10-2016
9455,1052,11056,635,90,153,22-10-2016
9456,1052,9738,872,314,129,18-09-2016
9457,1052,15126,1287,305,13,23-09-2016
9458,1052,19614,1118,381,124,11-10-2016
9459,1053,17140,524,122,123,20-02-2016
9460,1053,8423,605,117,19,22-02-2016
9461,1053,23943,1167,46,194,24-02-2016
9462,1053,8789,448,462,21,17-02-2016
9463,1053,4165,84,187,56,25-02-2016
9464,1053,15168,440,311,36,18-02-2016
9465,1053,19009,1370,265,103,19-02-2016
9466,1053,12577,1023,325,27,27-02-2016
9467,1053,8559,763,405,132,23-02-2016
9468,1053,19505,1376,238,152,14-02-2016
9469,1053,10054,388,234,75,16-02-2016
9470,1053,3416,395,184,106,21-02-2016
9471,1054,5222,333,143,125,18-03-2017
9472,1054,19397,1487,240,190,22-03-2017
9473,1054,16634,1012,121,161,02-04-2017
9474,1054,6617,543,59,58,19-03-2017
9475,1054,17614,1097,427,152,26-03-2017
9476,1054,11337,818,294,29,01-04-2017
9477,1054,9858,727,402,18,17-03-2017
9478,1054,11233,512,431,67,28-03-2017
9479,1054,11326,993,456,77,21-03-2017
9480,1054,7170,521,281,123,03-04-2017
9481,1054,10586,1204,375,86,31-03-2017
9482,1054,12337,352,432,190,20-03-2017
9483,1054,21098,556,152,84,12-03-2017
9484,1055,17721,629,349,8,25-07-2016
9485,1055,23253,2288,367,28,07-07-2016
9486,1055,5992,416,22,35,05-07-2016
9487,1055,5009,473,178,34,21-07-2016
9488,1055,22208,1454,226,50,19-07-2016
9489,1055,5904,609,379,105,26-07-2016
9490,1055,4818,474,442,160,31-07-2016
9491,1055,10147,1049,12,99,20-07-2016
9492,1055,4241,278,426,182,18-07-2016
9493,1055,3505,380,357,108,23-07-2016
9494,1055,13486,286,231,159,09-07-2016
9495,1055,14346,570,445,130,08-07-2016
9496,1055,7368,823,79,73,30-06-2016
9497,1055,23249,2444,239,87,15-07-2016
9498,1055,21169,1290,99,61,17-07-2016
9499,1056,7685,480,0,188,22-09-2016
9500,1056,22756,476,327,183,09-09-2016
9501,1056,13871,684,152,42,16-09-2016
9502,1056,8179,877,215,165,11-09-2016
9503,1056,20829,511,197,47,08-09-2016
9504,1056,13277,506,212,155,08-10-2016
9505,1056,9645,1101,204,42,10-10-2016
9506,1056,9341,191,92,195,30-09-2016
9507,1056,21214,700,425,46,14-09-2016
9508,1057,21012,2069,346,77,09-06-2017
9509,1057,23263,1695,452,140,08-06-2017
9510,1057,13599,1217,149,100,04-06-2017
9511,1057,3880,150,74,173,03-06-2017
9512,1057,6004,699,443,181,07-06-2017
9513,1057,16478,1113,377,199,06-06-2017
9514,1057,24824,913,153,112,02-06-2017
9515,1057,6617,488,267,35,01-06-2017
9516,1057,12039,560,218,27,10-06-2017
9517,1057,8183,697,440,31,30-05-2017
9518,1057,24187,1172,472,40,13-06-2017
9519,1057,23341,2748,354,93,31-05-2017
9520,1057,15486,951,246,112,12-06-2017
9521,1057,12101,386,345,141,11-06-2017
9522,1058,21873,614,344,156,14-07-2017
9523,1058,22620,829,103,34,11-07-2017
9524,1058,15065,467,101,49,07-07-2017
9525,1058,13121,1443,9,195,15-07-2017
9526,1058,22791,2033,127,19,13-07-2017
9527,1058,24627,2731,457,115,10-07-2017
9528,1058,22667,2215,191,138,19-07-2017
9529,1058,17168,1515,271,53,18-07-2017
9530,1058,22072,528,49,25,23-07-2017
9531,1058,22228,1485,322,17,09-07-2017
9532,1058,15866,1462,467,67,20-07-2017
9533,1058,9003,656,120,62,08-07-2017
9534,1059,4422,138,181,155,02-05-2017
9535,1059,12648,508,140,122,01-05-2017
9536,1059,22901,2049,311,39,12-05-2017
9537,1059,3062,305,293,30,04-05-2017
9538,1059,8521,269,486,88,07-05-2017
9539,1059,14782,309,237,146,03-05-2017
9540,1059,12899,1394,145,117,05-05-2017
9541,1059,4054,233,65,195,10-05-2017
9542,1059,21683,2499,259,3,08-05-2017
9543,1059,3442,311,76,190,06-05-2017
9544,1059,24242,2063,269,60,14-05-2017
9545,1060,19182,1469,72,92,02-03-2017
9546,1060,22202,1981,374,87,12-02-2017
9547,1060,9165,833,136,7,19-02-2017
9548,1060,23564,2394,254,122,27-02-2017
9549,1060,17623,1953,223,56,13-02-2017
9550,1060,6474,309,297,119,18-02-2017
9551,1061,19525,1202,331,195,21-08-2016
9552,1061,13180,1301,301,186,19-08-2016
9553,1061,18366,1912,137,143,23-08-2016
9554,1061,8421,412,14,128,17-08-2016
9555,1061,22901,1884,142,4,15-08-2016
9556,1061,12146,1304,370,178,22-08-2016
9557,1061,14774,1480,450,15,24-08-2016
9558,1061,23916,1436,93,36,18-08-2016
9559,1061,21001,2516,240,121,20-08-2016
9560,1061,17626,2073,389,27,16-08-2016
9561,1062,15314,1104,201,131,04-07-2017
9562,1062,22031,712,449,63,02-07-2017
9563,1062,9606,268,132,198,14-07-2017
9564,1062,16717,1455,132,81,27-06-2017
9565,1062,10808,339,285,162,17-07-2017
9566,1063,15581,623,329,167,10-03-2016
9567,1063,20968,851,188,0,21-02-2016
9568,1063,4907,440,290,138,19-02-2016
9569,1063,22697,2667,37,52,11-03-2016
9570,1063,7186,714,335,76,08-03-2016
9571,1063,14423,1252,433,85,02-03-2016
9572,1063,22377,625,375,68,03-03-2016
9573,1063,3041,189,368,119,05-03-2016
9574,1063,3570,239,312,14,24-02-2016
9575,1063,11586,579,196,82,06-03-2016
9576,1063,16463,1245,488,77,17-03-2016
9577,1063,18962,1355,430,24,18-02-2016
9578,1063,20276,615,333,78,07-03-2016
9579,1063,16242,1216,461,59,04-03-2016
9580,1064,17965,1550,19,155,04-05-2017
9581,1064,7381,362,428,143,11-05-2017
9582,1064,8404,814,267,31,29-04-2017
9583,1064,4398,316,393,62,22-05-2017
9584,1064,20811,1442,493,39,16-05-2017
9585,1064,8913,748,438,1,28-05-2017
9586,1064,17861,1874,481,49,18-05-2017
9587,1064,6231,396,385,62,27-05-2017
9588,1064,14615,554,146,186,17-05-2017
9589,1064,17274,1356,83,102,02-05-2017
9590,1064,23911,525,246,170,21-05-2017
9591,1064,3454,355,329,45,10-05-2017
9592,1064,8603,785,138,162,12-05-2017
9593,1065,13876,1018,213,121,07-12-2017
9594,1065,15094,1136,62,164,04-01-2018
9595,1065,7677,404,360,52,11-12-2017
9596,1065,8194,261,407,125,20-12-2017
9597,1065,4649,385,95,89,07-01-2018
9598,1065,24465,1919,392,171,27-12-2017
9599,1065,12297,1272,120,90,08-12-2017
9600,1065,9658,707,353,56,30-12-2017
9601,1066,14691,639,57,25,02-05-2016
9602,1066,16060,1515,114,120,28-04-2016
9603,1066,5112,401,259,181,22-04-2016
9604,1066,18401,587,178,62,14-04-2016
9605,1066,5301,290,70,44,09-05-2016
9606,1066,15793,869,428,79,10-05-2016
9607,1066,24200,1165,153,29,13-05-2016
9608,1066,10296,1039,278,51,26-04-2016
9609,1066,17834,912,289,146,19-05-2016
9610,1066,3836,126,134,72,01-05-2016
9611,1067,20625,1474,131,53,01-10-2017
9612,1067,10348,567,144,111,04-09-2017
9613,1067,6640,296,482,11,03-09-2017
9614,1067,14428,653,345,129,07-09-2017
9615,1067,23940,2642,489,14,23-09-2017
9616,1067,13097,1303,490,59,13-09-2017
9617,1067,20101,671,370,24,20-09-2017
9618,1067,14711,1287,195,83,30-09-2017
9619,1067,5931,683,487,67,31-08-2017
9620,1067,17240,552,223,24,14-09-2017
9621,1067,22416,1619,432,35,17-09-2017
9622,1068,16176,439,85,128,24-10-2016
9623,1068,3398,83,484,115,15-10-2016
9624,1068,13186,1357,462,26,14-10-2016
9625,1068,10295,595,211,143,23-10-2016
9626,1068,22456,1982,16,144,19-10-2016
9627,1069,4582,397,206,125,31-03-2016
9628,1069,21544,1327,328,172,07-04-2016
9629,1069,8155,460,200,81,04-04-2016
9630,1069,16402,1646,232,74,18-03-2016
9631,1069,24278,1187,4,56,29-03-2016
9632,1070,21379,515,419,132,09-01-2017
9633,1070,16787,1840,335,84,15-01-2017
9634,1070,3005,190,292,143,10-01-2017
9635,1070,13527,1435,264,171,19-01-2017
9636,1070,16179,1315,403,157,07-01-2017
9637,1070,13189,1150,205,34,25-01-2017
9638,1070,21994,1284,384,105,12-01-2017
9639,1070,11890,491,372,31,20-01-2017
9640,1070,9507,706,36,184,22-01-2017
9641,1070,23248,2322,253,182,08-01-2017
9642,1070,12847,1422,434,83,24-01-2017
9643,1070,9214,200,255,195,11-01-2017
9644,1070,10153,348,36,78,14-01-2017
9645,1071,22162,629,401,163,02-07-2017
9646,1071,9424,760,237,81,23-06-2017
9647,1071,19242,2031,402,175,29-06-2017
9648,1071,15025,1679,389,193,10-07-2017
9649,1071,10401,1042,456,4,14-07-2017
9650,1071,23527,705,388,65,03-07-2017
9651,1071,4548,271,155,123,04-07-2017
9652,1072,19922,1110,237,20,29-10-2016
9653,1072,15360,464,139,47,09-11-2016
9654,1072,14877,974,137,195,12-11-2016
9655,1072,10725,713,327,101,22-10-2016
9656,1072,22506,1815,431,188,13-11-2016
9657,1072,12792,545,83,110,19-11-2016
9658,1072,14712,425,366,67,18-11-2016
9659,1072,17064,879,455,27,30-10-2016
9660,1072,8096,276,327,56,23-11-2016
9661,1072,12532,884,328,146,16-11-2016
9662,1072,24705,2741,369,169,21-11-2016
9663,1073,14489,910,415,162,16-01-2017
9664,1073,24676,518,143,94,15-01-2017
9665,1073,20193,1270,397,17,17-01-2017
9666,1073,5553,276,427,66,18-01-2017
9667,1073,21479,559,353,190,19-01-2017
9668,1073,5433,284,47,109,21-01-2017
9669,1073,10435,943,50,186,14-01-2017
9670,1073,16315,1196,218,194,20-01-2017
9671,1073,9493,214,423,133,13-01-2017
9672,1074,15408,1835,403,193,11-04-2016
9673,1074,9015,281,107,151,17-03-2016
9674,1074,22513,1786,218,89,26-03-2016
9675,1074,13615,1576,470,21,10-04-2016
9676,1074,6826,296,103,181,08-04-2016
9677,1075,12725,1458,138,55,10-03-2017
9678,1075,10609,1222,485,115,15-03-2017
9679,1075,15443,760,473,39,21-03-2017
9680,1075,19431,1582,265,162,17-03-2017
9681,1075,4262,368,342,160,05-03-2017
9682,1075,4563,496,486,28,14-03-2017
9683,1075,16722,869,6,98,03-03-2017
9684,1075,4973,255,253,103,18-03-2017
9685,1075,20769,2108,353,74,08-03-2017
9686,1075,11071,751,244,96,13-03-2017
9687,1075,8269,473,24,28,22-03-2017
9688,1075,6958,408,109,197,02-03-2017
9689,1075,8170,425,483,129,09-03-2017
9690,1075,22355,2546,203,157,16-03-2017
9691,1075,18557,1627,465,125,23-03-2017
9692,1076,6610,685,230,16,21-10-2016
9693,1076,6279,539,453,117,27-10-2016
9694,1076,18274,1677,421,15,09-10-2016
9695,1076,8237,925,461,57,30-10-2016
9696,1076,17344,533,409,66,15-10-2016
9697,1076,14086,1490,394,171,26-10-2016
9698,1076,8901,577,455,90,08-10-2016
9699,1077,7852,841,380,33,29-11-2017
9700,1077,11968,917,383,175,02-12-2017
9701,1077,13431,1397,53,55,24-11-2017
9702,1077,15673,1471,214,14,22-11-2017
9703,1077,24019,1541,261,127,04-12-2017
9704,1077,13479,417,178,33,28-11-2017
9705,1077,21763,2329,208,34,03-12-2017
9706,1077,14824,1264,431,150,27-11-2017
9707,1077,21009,2157,473,178,23-11-2017
9708,1077,7643,259,21,163,30-11-2017
9709,1078,16944,617,68,54,06-03-2017
9710,1078,22858,491,32,128,26-02-2017
9711,1078,5920,129,301,145,02-03-2017
9712,1078,12557,1064,278,39,09-03-2017
9713,1078,20582,1196,92,136,15-03-2017
9714,1078,13075,1314,283,38,07-03-2017
9715,1078,22949,2121,256,148,17-03-2017
9716,1078,18865,785,3,157,18-02-2017
9717,1078,20964,1094,337,39,28-02-2017
9718,1078,4697,450,183,103,04-03-2017
9719,1078,10541,753,217,65,13-03-2017
9720,1078,16891,1947,2,79,23-02-2017
9721,1079,24549,1138,134,158,29-11-2017
9722,1079,8695,529,296,89,27-11-2017
9723,1079,9621,975,60,47,15-11-2017
9724,1079,7145,798,421,165,11-11-2017
9725,1079,4237,314,344,164,18-12-2017
9726,1079,5337,602,66,110,25-11-2017
9727,1079,3212,245,36,187,07-12-2017
9728,1079,8299,230,21,94,24-11-2017
9729,1079,7841,743,135,189,05-12-2017
9730,1079,4019,360,200,39,13-12-2017
9731,1080,9026,644,29,196,08-05-2017
9732,1080,23029,2199,91,193,07-05-2017
9733,1080,3445,226,120,95,13-05-2017
9734,1080,24280,2705,167,180,19-05-2017
9735,1080,18458,801,192,70,10-05-2017
9736,1080,19991,2265,408,26,11-05-2017
9737,1080,17036,745,47,159,06-05-2017
9738,1080,3615,291,83,193,15-05-2017
9739,1081,20161,1683,268,48,13-10-2016
9740,1081,21767,1505,288,22,03-10-2016
9741,1081,17507,1665,471,0,19-10-2016
9742,1081,12639,1002,351,22,06-10-2016
9743,1081,13325,964,431,48,25-10-2016
9744,1081,10410,651,79,76,12-10-2016
9745,1081,11466,1305,441,186,24-10-2016
9746,1081,21229,1266,313,133,15-10-2016
9747,1081,15112,989,432,79,09-10-2016
9748,1081,21390,1171,368,157,05-10-2016
9749,1082,24563,1504,318,176,09-05-2017
9750,1082,22780,692,99,51,04-05-2017
9751,1082,6190,537,485,182,06-05-2017
9752,1082,16068,635,103,159,02-05-2017
9753,1082,21154,1905,463,28,01-05-2017
9754,1082,21266,1467,90,107,07-05-2017
9755,1082,17194,1068,217,103,28-04-2017
9756,1082,20465,1507,198,83,05-05-2017
9757,1082,4288,419,158,121,03-05-2017
9758,1083,20469,1960,99,170,25-05-2016
9759,1083,20951,1537,454,59,29-05-2016
9760,1083,6687,427,162,51,20-05-2016
9761,1083,17326,1651,166,6,30-05-2016
9762,1083,8476,816,466,181,21-05-2016
9763,1083,4578,212,466,142,23-05-2016
9764,1083,7616,230,106,179,07-06-2016
9765,1084,5082,398,75,2,22-09-2017
9766,1084,13004,975,145,143,28-09-2017
9767,1084,21828,730,171,90,14-10-2017
9768,1084,22775,1817,190,147,19-10-2017
9769,1084,22371,1133,288,73,18-10-2017
9770,1084,5565,373,52,146,16-10-2017
9771,1084,22025,2164,0,9,29-09-2017
9772,1084,13883,899,286,53,24-09-2017
9773,1084,10141,931,469,5,05-10-2017
9774,1084,3847,89,79,27,25-09-2017
9775,1084,22638,2128,76,127,08-10-2017
9776,1084,23448,1656,252,23,19-09-2017
9777,1084,16561,1767,336,80,23-10-2017
9778,1085,9886,846,82,73,13-12-2016
9779,1085,5473,606,145,89,05-12-2016
9780,1085,13026,541,364,112,09-12-2016
9781,1085,19981,1296,407,135,10-12-2016
9782,1085,17430,1027,315,161,06-12-2016
9783,1085,13789,510,220,105,08-12-2016
9784,1085,23589,1942,221,143,11-12-2016
9785,1085,19298,1806,103,157,12-12-2016
9786,1085,12073,721,355,134,07-12-2016
9787,1086,9177,527,160,145,20-02-2016
9788,1086,20110,994,303,27,01-03-2016
9789,1086,23496,2477,490,195,13-02-2016
9790,1086,11881,556,25,177,16-02-2016
9791,1086,22520,741,221,156,24-02-2016
9792,1086,17360,443,303,53,26-02-2016
9793,1086,14554,1450,32,199,28-02-2016
9794,1087,24720,2561,364,43,04-11-2017
9795,1087,4561,405,218,118,15-11-2017
9796,1087,5154,525,196,95,05-11-2017
9797,1087,15685,487,163,80,11-11-2017
9798,1087,5847,313,80,65,06-11-2017
9799,1087,9753,548,455,149,20-11-2017
9800,1087,18728,421,389,95,18-11-2017
9801,1087,6236,536,414,172,10-11-2017
9802,1087,16463,1524,373,91,17-11-2017
9803,1087,18658,1431,327,105,16-11-2017
9804,1088,9783,752,156,64,25-07-2017
9805,1088,24673,1231,343,105,23-07-2017
9806,1088,21652,1273,121,22,15-08-2017
9807,1088,16669,1758,75,25,24-07-2017
9808,1088,17939,973,136,67,29-07-2017
9809,1088,10006,984,62,124,13-08-2017
9810,1088,8475,460,309,108,14-08-2017
9811,1088,22410,1137,390,150,05-08-2017
9812,1089,10555,576,38,49,17-01-2018
9813,1089,10265,1063,270,127,04-01-2018
9814,1089,9856,475,459,80,23-12-2017
9815,1089,23438,552,61,187,30-12-2017
9816,1089,4724,247,357,17,02-02-2018
9817,1089,4777,137,170,35,29-01-2018
9818,1089,21324,1474,237,53,03-01-2018
9819,1089,23821,496,220,99,10-01-2018
9820,1089,6326,681,437,18,25-12-2017
9821,1089,20058,2132,357,13,20-01-2018
9822,1089,15462,1830,32,8,16-01-2018
9823,1089,13647,1561,154,160,31-01-2018
9824,1089,23929,1530,443,198,01-01-2018
9825,1089,24200,1744,481,166,06-01-2018
9826,1090,19787,1361,109,196,04-06-2016
9827,1090,7686,334,290,68,01-06-2016
9828,1090,9442,772,473,182,08-06-2016
9829,1090,15275,1597,49,10,06-06-2016
9830,1090,11679,420,245,57,30-05-2016
9831,1090,22006,1445,211,91,03-06-2016
9832,1090,10173,329,172,164,07-06-2016
9833,1090,24460,2923,220,149,02-06-2016
9834,1090,20419,1762,122,77,05-06-2016
9835,1091,14171,433,350,42,20-10-2016
9836,1091,11716,487,46,6,25-09-2016
9837,1091,10398,554,214,12,13-10-2016
9838,1091,10185,1195,385,162,28-09-2016
9839,1091,5467,301,222,29,16-10-2016
9840,1091,12044,890,245,143,08-10-2016
9841,1091,9819,771,265,166,01-10-2016
9842,1091,21186,2232,246,150,12-10-2016
9843,1092,6019,670,412,58,21-03-2017
9844,1092,20484,2036,134,19,08-03-2017
9845,1092,10870,922,92,5,30-03-2017
9846,1092,20999,1047,141,80,23-03-2017
9847,1092,7477,737,63,78,13-03-2017
9848,1092,8262,811,105,99,25-03-2017
9849,1092,14898,851,199,117,22-03-2017
9850,1092,22828,2114,372,148,18-03-2017
9851,1092,23968,569,55,18,14-03-2017
9852,1093,19504,1874,144,47,29-05-2016
9853,1093,17257,1314,463,35,21-05-2016
9854,1093,13803,1113,31,22,04-06-2016
9855,1093,9341,1046,213,72,09-06-2016
9856,1093,17043,1639,396,90,22-05-2016
9857,1093,7730,877,227,137,26-05-2016
9858,1093,9879,373,247,47,13-06-2016
9859,1093,17725,420,377,53,19-05-2016
9860,1093,13901,570,262,66,20-05-2016
9861,1094,20264,2007,240,25,28-09-2016
9862,1094,14049,1423,50,57,17-09-2016
9863,1094,6087,235,451,32,01-10-2016
9864,1094,15032,1581,85,67,08-09-2016
9865,1094,7216,583,209,98,12-09-2016
9866,1094,19029,563,282,164,05-10-2016
9867,1095,16271,518,336,157,23-11-2017
9868,1095,21992,1599,428,55,13-11-2017
9869,1095,9238,787,392,66,24-11-2017
9870,1095,14315,1539,154,51,26-11-2017
9871,1095,23254,1995,42,183,12-11-2017
9872,1095,3139,166,336,151,11-11-2017
9873,1095,18068,1524,49,50,14-11-2017
9874,1095,6336,532,227,30,30-11-2017
9875,1096,21445,1839,181,191,29-06-2017
9876,1096,7412,881,202,142,10-06-2017
9877,1096,14657,1418,250,46,16-06-2017
9878,1096,5545,294,185,172,09-06-2017
9879,1096,19200,948,98,198,23-06-2017
9880,1097,11120,844,24,32,23-10-2016
9881,1097,10941,534,241,14,26-10-2016
9882,1097,24865,1238,272,195,20-10-2016
9883,1097,10738,816,124,13,25-10-2016
9884,1097,22061,1494,54,75,29-10-2016
9885,1097,8125,323,177,7,22-10-2016
9886,1097,16906,958,166,139,31-10-2016
9887,1097,11150,465,413,91,27-10-2016
9888,1097,10893,232,60,43,24-10-2016
9889,1097,8900,354,162,152,21-10-2016
9890,1097,11480,281,359,101,30-10-2016
9891,1097,15182,494,152,190,28-10-2016
9892,1098,21370,2086,292,170,21-08-2016
9893,1098,13471,1376,105,11,25-08-2016
9894,1098,4939,116,387,187,20-08-2016
9895,1098,4123,268,390,178,03-09-2016
9896,1098,14646,729,193,42,17-08-2016
9897,1098,6958,515,98,116,30-08-2016
9898,1098,21136,2429,132,91,24-08-2016
9899,1098,14438,849,12,42,12-08-2016
9900,1098,11650,826,453,174,09-08-2016
9901,1098,22908,543,86,38,07-09-2016
9902,1098,15636,768,358,49,14-08-2016
9903,1098,8380,315,92,84,07-08-2016
9904,1098,8855,224,149,162,16-08-2016
9905,1098,11627,427,487,183,22-08-2016
9906,1098,17884,1908,461,84,18-08-2016
9907,1099,3547,272,170,47,14-06-2016
9908,1099,6355,333,321,38,05-07-2016
9909,1099,13736,783,152,87,26-06-2016
9910,1099,12700,1089,224,196,16-06-2016
9911,1099,3191,338,81,113,25-06-2016
9912,1099,17722,1775,23,181,24-06-2016
9913,1099,10085,821,136,71,15-06-2016
9914,1100,3018,209,164,175,21-07-2017
9915,1100,8293,641,85,57,12-07-2017
9916,1100,20888,1198,367,180,15-07-2017
9917,1100,21533,2114,105,162,03-07-2017
9918,1100,22893,678,126,158,19-07-2017
9919,1100,6574,539,171,145,17-07-2017
9920,1100,20384,1101,340,93,23-07-2017
9921,1100,23800,2785,209,46,10-07-2017
9922,1100,15493,641,389,108,03-08-2017
9923,1100,19069,1035,247,15,10-08-2017
9924,1100,6457,299,336,78,06-08-2017
9925,1100,16203,701,475,114,05-07-2017
9926,1100,10992,393,127,22,28-07-2017
9927,1101,6507,772,429,175,01-07-2017
9928,1101,15518,1588,50,3,30-07-2017
9929,1101,21423,556,356,65,02-07-2017
9930,1101,8122,381,344,141,04-07-2017
9931,1101,4097,482,81,195,26-07-2017
9932,1101,21959,2086,261,1,13-07-2017
9933,1101,8929,735,343,162,30-06-2017
9934,1101,17211,934,229,192,31-07-2017
9935,1101,18026,380,276,164,22-07-2017
9936,1101,12179,1416,197,169,16-07-2017
9937,1101,5371,421,79,96,18-07-2017
9938,1101,18661,994,254,69,29-06-2017
9939,1101,6254,368,135,169,27-07-2017
9940,1101,11479,465,480,156,21-07-2017
9941,1102,12151,1410,341,194,10-05-2016
9942,1102,11597,748,155,52,12-05-2016
9943,1102,15567,910,342,108,17-05-2016
9944,1102,20549,1599,354,179,13-05-2016
9945,1102,14044,583,23,190,09-05-2016
9946,1102,4871,180,273,170,15-05-2016
9947,1102,18209,1159,238,46,08-05-2016
9948,1103,19067,1709,328,45,04-10-2017
9949,1103,22947,1672,249,53,30-09-2017
9950,1103,21826,768,374,4,29-09-2017
9951,1103,5223,361,355,84,08-10-2017
9952,1103,24438,1960,35,77,05-10-2017
9953,1103,5805,596,409,15,25-09-2017
9954,1103,6089,240,272,135,24-09-2017
9955,1103,5921,578,327,64,28-09-2017
9956,1103,6629,258,27,31,21-09-2017
9957,1103,23228,2187,264,142,06-10-2017
9958,1103,23237,1849,200,199,03-10-2017
9959,1104,12586,919,193,51,09-05-2016
9960,1104,15013,902,96,184,04-05-2016
9961,1104,19274,1573,378,84,15-05-2016
9962,1104,13811,1507,189,100,10-05-2016
9963,1104,3958,431,480,1,06-05-2016
9964,1104,6524,533,401,29,23-04-2016
9965,1104,18633,1127,423,189,03-05-2016
9966,1104,15192,1073,65,75,27-04-2016
9967,1105,14185,1171,237,34,20-05-2016
9968,1105,4671,520,238,129,11-05-2016
9969,1105,10592,963,321,28,30-05-2016
9970,1105,10047,931,311,175,29-04-2016
9971,1105,3995,208,353,129,26-05-2016
9972,1105,9790,937,374,159,03-05-2016
9973,1105,17529,852,36,31,08-05-2016
9974,1105,11350,603,204,6,18-05-2016
9975,1105,24629,1633,271,108,28-04-2016
9976,1105,24464,1034,40,30,10-05-2016
9977,1105,16681,1034,428,39,04-05-2016
9978,1106,3070,91,319,59,14-05-2017
9979,1106,17415,1474,153,160,13-05-2017
9980,1106,7773,220,90,56,08-05-2017
9981,1106,21643,1403,360,20,11-05-2017
9982,1106,17077,1100,0,144,10-05-2017
9983,1106,18063,630,440,140,15-05-2017
9984,1106,23460,1041,60,9,09-05-2017
9985,1106,21370,1077,345,66,12-05-2017
9986,1106,11266,1005,455,0,16-05-2017
9987,1107,4802,183,204,40,15-03-2017
9988,1107,6243,472,370,13,31-03-2017
9989,1107,20738,1325,215,182,11-04-2017
9990,1107,16220,1494,293,193,26-03-2017
9991,1107,23482,1639,182,139,22-03-2017
9992,1107,3204,217,373,66,09-04-2017
9993,1107,10103,249,41,39,04-04-2017
9994,1107,8350,986,297,73,12-04-2017
9995,1107,18090,1719,195,19,06-04-2017
9996,1107,11284,1313,243,64,12-03-2017
9997,1107,4822,161,381,67,18-03-2017
9998,1107,23728,1285,73,85,16-03-2017
9999,1108,18435,779,6,170,11-06-2016
10000,1108,17453,447,399,146,25-05-2016
10001,1108,12793,1315,384,112,26-05-2016
10002,1108,23001,1572,436,183,04-06-2016
10003,1108,14211,1551,450,158,30-05-2016
10004,1108,19112,1098,230,87,15-06-2016
10005,1109,7739,176,319,78,05-07-2017
10006,1109,23430,1521,303,131,27-06-2017
10007,1109,22660,2540,144,185,14-07-2017
10008,1109,14990,984,233,145,13-06-2017
10009,1109,16155,1182,326,127,12-06-2017
10010,1109,4814,375,447,91,16-07-2017
10011,1110,13214,1151,122,65,03-03-2016
10012,1110,14002,724,295,64,06-03-2016
10013,1110,13653,1017,127,129,12-03-2016
10014,1110,22070,2184,205,172,04-03-2016
10015,1110,4472,511,254,84,08-03-2016
10016,1110,23477,1488,126,138,07-03-2016
10017,1110,21671,886,112,155,11-03-2016
10018,1110,6971,203,71,120,09-03-2016
10019,1110,12093,720,149,116,02-03-2016
10020,1110,11938,342,204,168,05-03-2016
10021,1110,8981,226,391,44,10-03-2016
10022,1111,3584,303,79,43,16-10-2016
10023,1111,14811,432,127,182,24-10-2016
10024,1111,6973,787,99,141,18-10-2016
10025,1111,24519,690,4,75,25-10-2016
10026,1111,7574,226,256,105,15-10-2016
10027,1111,22816,1484,319,94,17-10-2016
10028,1111,22677,1850,227,151,21-10-2016
10029,1111,23931,707,339,65,22-10-2016
10030,1111,24771,2562,262,32,23-10-2016
10031,1111,18738,2242,402,141,20-10-2016
10032,1111,19477,1621,88,189,19-10-2016
10033,1111,6910,387,351,78,12-10-2016
10034,1111,17298,425,367,107,13-10-2016
10035,1111,8939,800,192,35,14-10-2016
10036,1112,7180,266,20,105,21-10-2016
10037,1112,6912,357,18,56,20-10-2016
10038,1112,21216,1972,378,3,23-11-2016
10039,1112,20950,2152,210,125,27-10-2016
10040,1112,14101,535,155,174,28-11-2016
10041,1112,5666,165,190,61,25-11-2016
10042,1112,19394,1222,61,101,01-11-2016
10043,1112,12136,1405,125,93,30-10-2016
10044,1112,22295,1089,395,104,04-11-2016
10045,1112,8903,694,67,92,09-11-2016
10046,1112,21213,1393,182,87,24-10-2016
10047,1112,16592,783,40,37,22-10-2016
10048,1113,8857,617,87,45,23-09-2017
10049,1113,8069,887,392,147,19-09-2017
10050,1113,16117,1248,461,47,10-10-2017
10051,1113,15754,1166,108,149,11-10-2017
10052,1113,20004,1541,188,28,28-09-2017
10053,1113,24154,2706,295,133,26-09-2017
10054,1113,7739,520,473,27,27-09-2017
10055,1113,9395,526,430,165,29-09-2017
10056,1114,11903,879,181,59,03-11-2016
10057,1114,8138,693,287,153,30-10-2016
10058,1114,15315,1251,134,162,07-11-2016
10059,1114,9357,446,29,130,28-10-2016
10060,1114,18932,739,23,21,04-11-2016
10061,1114,18700,980,319,193,06-11-2016
10062,1114,19349,2226,124,101,02-11-2016
10063,1114,12531,893,83,61,29-10-2016
10064,1114,17942,2026,321,130,31-10-2016
10065,1114,8797,738,178,151,01-11-2016
10066,1114,5449,178,319,53,05-11-2016
10067,1115,18791,1050,364,149,03-06-2016
10068,1115,13210,1028,79,61,24-05-2016
10069,1115,13730,1423,368,47,15-06-2016
10070,1115,22257,1370,56,179,10-05-2016
10071,1115,16238,738,466,43,12-06-2016
10072,1115,7758,160,286,112,22-05-2016
10073,1115,3187,366,214,19,21-05-2016
10074,1115,7213,330,242,58,09-05-2016
10075,1116,16301,812,169,190,02-03-2017
10076,1116,13741,981,187,86,18-02-2017
10077,1116,3058,139,496,17,04-03-2017
10078,1116,10191,589,77,172,28-02-2017
10079,1116,13604,1242,271,11,03-03-2017
10080,1116,14536,423,266,166,10-02-2017
10081,1116,17771,1398,382,141,21-02-2017
10082,1116,7309,677,371,131,05-03-2017
10083,1117,3997,229,343,86,18-11-2017
10084,1117,15528,1007,451,151,22-11-2017
10085,1117,15240,530,135,61,20-11-2017
10086,1117,20689,617,354,48,17-11-2017
10087,1117,14586,889,155,143,21-11-2017
10088,1117,13668,833,365,118,23-11-2017
10089,1117,17068,1573,222,70,19-11-2017
10090,1117,20424,1956,424,168,16-11-2017
10091,1118,12954,1117,430,128,08-09-2016
10092,1118,12316,1132,306,50,30-09-2016
10093,1118,4860,476,398,42,12-09-2016
10094,1118,6675,381,447,123,14-09-2016
10095,1118,21093,2022,401,189,24-09-2016
10096,1118,19588,1568,439,172,18-09-2016
10097,1118,13130,808,40,118,07-09-2016
10098,1118,21326,2476,82,155,28-09-2016
10099,1118,11708,1207,163,126,10-09-2016
10100,1119,13560,1498,131,143,14-02-2016
10101,1119,7217,707,238,78,16-02-2016
10102,1119,8517,503,304,81,12-02-2016
10103,1119,18977,1357,226,32,22-01-2016
10104,1119,4043,198,219,1,18-02-2016
10105,1119,8941,918,448,81,01-02-2016
10106,1119,11897,257,479,29,02-02-2016
10107,1119,12830,469,154,9,15-01-2016
10108,1119,23007,2601,410,180,18-01-2016
10109,1119,10792,224,64,49,19-01-2016
10110,1120,6827,792,366,126,31-05-2017
10111,1120,5298,336,43,78,06-06-2017
10112,1120,9880,1104,345,183,18-05-2017
10113,1120,4194,404,396,64,08-05-2017
10114,1120,17416,1459,220,121,01-06-2017
10115,1120,24777,997,44,144,15-05-2017
10116,1120,12907,1060,300,42,25-05-2017
10117,1120,20609,518,399,61,06-05-2017
10118,1120,16896,1093,143,17,16-05-2017
10119,1120,3166,160,463,102,29-05-2017
10120,1120,18338,709,365,194,05-06-2017
10121,1120,12616,773,385,149,09-05-2017
10122,1121,22244,2619,434,183,16-06-2016
10123,1121,24098,2644,308,138,25-06-2016
10124,1121,8299,229,188,3,22-06-2016
10125,1121,13169,1407,253,1,14-06-2016
10126,1121,15892,725,124,142,28-06-2016
10127,1121,8138,565,477,10,05-06-2016
10128,1122,8027,929,360,63,08-07-2016
10129,1122,5889,190,15,78,09-07-2016
10130,1122,18011,1890,255,33,20-07-2016
10131,1122,5312,118,152,128,24-07-2016
10132,1122,3628,428,147,53,31-07-2016
10133,1122,20792,1407,303,84,21-07-2016
10134,1122,19480,2051,260,78,28-07-2016
10135,1122,4603,333,304,104,29-07-2016
10136,1122,19851,1924,248,71,10-07-2016
10137,1122,14318,1642,80,117,16-07-2016
10138,1122,12538,1295,137,28,22-07-2016
10139,1122,3326,284,117,136,30-07-2016
10140,1122,17555,415,9,32,15-07-2016
10141,1122,11703,853,384,53,27-07-2016
10142,1122,21076,1872,136,135,17-07-2016
10143,1123,4874,130,402,30,05-08-2016
10144,1123,5707,511,128,155,13-08-2016
10145,1123,4447,355,475,159,15-08-2016
10146,1123,12798,1449,234,19,22-08-2016
10147,1123,3510,250,184,152,11-08-2016
10148,1123,12658,529,166,161,23-08-2016
10149,1123,4348,216,369,88,18-08-2016
10150,1123,7708,757,157,11,29-08-2016
10151,1123,19909,2199,154,18,14-08-2016
10152,1123,23776,2494,333,16,24-08-2016
10153,1123,11938,1305,463,106,07-08-2016
10154,1124,22478,1324,24,57,10-01-2017
10155,1124,14255,919,171,42,02-01-2017
10156,1124,11958,1340,161,147,12-01-2017
10157,1124,10781,1291,215,108,15-01-2017
10158,1124,15672,881,120,29,31-12-2016
10159,1124,14949,693,101,70,27-12-2016
10160,1124,7350,778,268,92,06-01-2017
10161,1124,4209,374,340,161,22-01-2017
10162,1124,12866,289,480,21,07-01-2017
10163,1124,4904,378,307,114,28-01-2017
10164,1124,10640,1261,307,159,03-01-2017
10165,1124,12090,416,288,108,13-01-2017
10166,1124,9411,759,380,135,11-01-2017
10167,1124,8431,468,214,180,05-01-2017
10168,1124,9305,754,234,128,18-01-2017
10169,1125,10081,1128,409,186,02-04-2017
10170,1125,20067,1415,60,73,09-04-2017
10171,1125,20876,715,341,164,29-03-2017
10172,1125,5306,353,8,60,04-04-2017
10173,1125,24254,2732,433,55,14-04-2017
10174,1125,14390,1329,128,34,12-04-2017
10175,1125,21103,2410,105,29,26-03-2017
10176,1125,10149,1036,77,89,24-03-2017
10177,1125,24840,2625,466,143,22-03-2017
10178,1125,8572,828,128,128,08-04-2017
10179,1125,6699,652,387,108,03-04-2017
10180,1125,13524,997,343,85,13-04-2017
10181,1125,10787,1049,96,57,07-04-2017
10182,1125,9481,791,283,88,21-03-2017
10183,1126,13593,1009,104,82,23-11-2016
10184,1126,17979,699,499,43,29-11-2016
10185,1126,21949,646,63,193,01-12-2016
10186,1126,24600,1429,80,135,28-11-2016
10187,1126,7564,315,436,99,15-11-2016
10188,1126,3969,85,305,177,17-11-2016
10189,1126,16779,1526,390,28,22-11-2016
10190,1126,24293,2120,159,140,27-11-2016
10191,1127,8342,194,439,52,02-05-2017
10192,1127,13904,486,173,97,18-04-2017
10193,1127,21847,1412,305,126,12-05-2017
10194,1127,6431,586,173,58,26-04-2017
10195,1127,24912,652,197,70,11-04-2017
10196,1128,16200,386,246,39,07-04-2017
10197,1128,14659,1501,251,45,14-04-2017
10198,1128,3254,221,23,196,06-04-2017
10199,1128,6476,528,37,190,05-04-2017
10200,1128,24368,2698,102,95,09-04-2017
10201,1128,14177,1296,3,19,29-03-2017
10202,1128,17890,407,350,113,01-04-2017
10203,1128,16889,915,76,178,16-03-2017
10204,1128,20761,1985,434,14,20-03-2017
10205,1128,4632,278,299,128,17-03-2017
10206,1128,17522,1893,156,44,10-04-2017
10207,1128,6618,435,481,77,13-03-2017
10208,1128,8353,656,47,23,25-03-2017
10209,1128,5281,281,33,49,12-03-2017
10210,1129,10598,497,97,28,30-12-2017
10211,1129,21285,2502,432,168,10-01-2018
10212,1129,19507,2288,91,197,07-01-2018
10213,1129,17543,1549,352,32,01-01-2018
10214,1129,13719,1527,46,6,05-01-2018
10215,1129,19158,891,474,158,16-01-2018
10216,1129,11696,731,456,170,06-01-2018
10217,1129,14285,1389,435,138,09-01-2018
10218,1129,21223,2278,376,152,08-01-2018
10219,1129,19372,494,373,8,28-12-2017
10220,1129,13951,1356,275,91,11-01-2018
10221,1129,24381,2044,3,192,04-01-2018
10222,1129,5878,192,450,72,14-01-2018
10223,1129,19569,1033,445,130,29-12-2017
10224,1129,5541,584,374,51,13-01-2018
10225,1130,5600,598,486,117,10-10-2016
10226,1130,5318,314,48,117,06-10-2016
10227,1130,22265,2124,238,32,18-10-2016
10228,1130,4764,343,36,120,12-10-2016
10229,1130,22434,1650,387,8,07-10-2016
10230,1130,19974,1281,434,9,19-10-2016
10231,1130,10439,247,109,124,03-10-2016
10232,1130,18957,1381,358,23,09-10-2016
10233,1130,5846,419,256,36,08-10-2016
10234,1130,11205,1285,279,6,15-10-2016
10235,1131,19939,2246,449,17,04-09-2017
10236,1131,24480,2711,86,174,24-08-2017
10237,1131,6167,614,314,148,27-08-2017
10238,1131,17511,1704,36,64,05-09-2017
10239,1131,17175,606,404,114,12-09-2017
10240,1131,22514,1058,25,189,23-08-2017
10241,1131,21476,1899,222,194,09-09-2017
10242,1131,13759,1042,393,54,17-08-2017
10243,1131,24575,2359,166,87,28-08-2017
10244,1131,17150,757,418,170,13-08-2017
10245,1131,16227,1565,380,78,30-08-2017
10246,1131,18068,1382,0,178,10-09-2017
10247,1131,15780,1497,238,121,25-08-2017
10248,1131,13879,1568,337,80,22-08-2017
10249,1131,12950,365,499,17,19-08-2017
10250,1132,20683,1863,451,50,03-12-2017
10251,1132,12778,1357,405,83,25-11-2017
10252,1132,21499,1925,394,15,22-11-2017
10253,1132,19106,2070,393,164,20-11-2017
10254,1132,9512,350,214,42,19-11-2017
10255,1132,16503,1000,39,197,10-12-2017
10256,1132,18561,2042,288,84,21-11-2017
10257,1132,5145,193,482,165,27-11-2017
10258,1132,3090,177,204,55,28-11-2017
10259,1132,15217,1497,68,151,18-11-2017
10260,1132,24040,1856,184,9,06-12-2017
10261,1132,13805,700,247,186,30-11-2017
10262,1132,5698,669,224,42,29-11-2017
10263,1133,24251,1156,388,155,02-06-2017
10264,1133,24285,1454,28,64,06-06-2017
10265,1133,17642,873,24,174,05-06-2017
10266,1133,5803,549,415,104,10-06-2017
10267,1133,23334,1555,267,138,30-05-2017
10268,1133,9955,362,109,151,01-06-2017
10269,1133,3968,407,95,24,04-06-2017
10270,1133,15654,1203,479,58,31-05-2017
10271,1133,6175,281,144,176,08-06-2017
10272,1133,9041,786,87,85,29-05-2017
10273,1133,7164,264,1,161,03-06-2017
10274,1133,19412,2081,381,16,28-05-2017
10275,1133,16734,1398,336,139,09-06-2017
10276,1133,21225,2442,116,47,07-06-2017
10277,1134,20743,919,389,146,03-05-2016
10278,1134,18379,934,45,72,08-05-2016
10279,1134,18219,1340,190,130,29-04-2016
10280,1134,8278,234,109,183,11-05-2016
10281,1134,5430,504,205,137,01-05-2016
10282,1134,5886,614,378,127,02-05-2016
10283,1135,4973,447,190,12,21-07-2017
10284,1135,23452,898,471,28,26-07-2017
10285,1135,13930,648,160,72,25-07-2017
10286,1135,15088,1621,45,97,22-07-2017
10287,1135,16433,845,364,44,23-07-2017
10288,1135,9911,1181,262,128,19-07-2017
10289,1135,15997,756,497,164,20-07-2017
10290,1135,19991,824,461,148,24-07-2017
10291,1135,14787,439,281,199,27-07-2017
10292,1136,4740,324,428,28,28-09-2017
10293,1136,3564,426,493,176,25-09-2017
10294,1136,5175,190,410,17,02-10-2017
10295,1136,19951,1402,462,162,22-09-2017
10296,1136,10219,914,39,37,29-09-2017
10297,1136,18183,600,110,70,23-09-2017
10298,1136,15543,1730,178,49,21-09-2017
10299,1136,9480,620,405,6,27-09-2017
10300,1136,23162,2210,157,28,30-09-2017
10301,1137,21643,1893,313,183,07-01-2018
10302,1137,17266,845,348,63,28-12-2017
10303,1137,11766,1121,266,142,03-01-2018
10304,1137,8459,816,97,50,27-12-2017
10305,1137,22275,872,385,68,04-01-2018
10306,1137,3760,201,173,151,25-12-2017
10307,1137,19658,2023,439,79,02-01-2018
10308,1137,17727,810,243,184,05-01-2018
10309,1137,18054,951,265,127,29-12-2017
10310,1137,18437,2095,1,114,06-01-2018
10311,1137,10073,777,231,73,26-12-2017
10312,1138,5917,391,472,38,28-08-2017
10313,1138,10355,689,470,119,17-08-2017
10314,1138,22248,599,51,24,08-09-2017
10315,1138,23181,1799,362,38,11-08-2017
10316,1138,19367,1154,33,194,04-09-2017
10317,1138,8357,523,20,138,01-09-2017
10318,1138,11139,303,389,190,26-08-2017
10319,1138,15583,883,113,193,06-09-2017
10320,1138,18378,1416,336,139,03-09-2017
10321,1138,24523,1154,233,106,29-08-2017
10322,1138,6545,423,50,16,02-09-2017
10323,1138,23781,2687,129,190,16-08-2017
10324,1138,23813,2369,467,76,04-08-2017
10325,1138,7891,331,6,105,14-08-2017
10326,1138,11617,686,267,7,25-08-2017
10327,1139,3851,190,70,170,12-11-2017
10328,1139,13297,666,241,170,19-11-2017
10329,1139,13562,962,162,139,16-11-2017
10330,1139,16326,495,299,89,13-11-2017
10331,1139,9399,198,25,113,18-11-2017
10332,1139,24575,713,288,3,14-11-2017
10333,1139,24554,742,392,159,15-11-2017
10334,1140,16826,1094,33,103,11-05-2017
10335,1140,23035,1940,397,14,01-05-2017
10336,1140,11645,957,280,70,06-05-2017
10337,1140,3735,250,212,198,30-04-2017
10338,1140,6793,623,453,43,10-05-2017
10339,1140,17762,916,294,72,12-05-2017
10340,1140,7979,555,323,75,29-04-2017
10341,1140,11929,865,413,178,16-05-2017
10342,1141,21314,1540,145,99,13-10-2016
10343,1141,24638,2629,178,43,07-11-2016
10344,1141,21127,2055,418,20,27-10-2016
10345,1141,21449,1652,10,154,22-10-2016
10346,1141,15960,1061,397,91,02-11-2016
10347,1141,14338,322,320,27,06-11-2016
10348,1141,7773,909,131,105,12-11-2016
10349,1142,14755,1233,498,158,07-12-2017
10350,1142,17883,413,475,159,10-12-2017
10351,1142,12163,505,191,32,14-12-2017
10352,1142,6069,330,328,146,17-12-2017
10353,1142,16081,915,332,14,22-12-2017
10354,1142,6998,184,115,25,20-12-2017
10355,1142,3287,331,106,0,18-12-2017
10356,1143,5938,293,257,0,08-06-2017
10357,1143,4508,283,183,153,23-06-2017
10358,1143,22197,885,99,14,09-07-2017
10359,1143,4208,235,150,117,17-06-2017
10360,1143,11812,1172,10,163,18-06-2017
10361,1143,4929,171,0,94,09-06-2017
10362,1143,7191,425,429,81,28-06-2017
10363,1143,18791,1497,250,59,25-06-2017
10364,1143,18370,802,137,161,05-07-2017
10365,1143,5855,689,489,166,27-06-2017
10366,1143,16260,1177,369,40,07-06-2017
10367,1143,10502,816,213,59,11-06-2017
10368,1143,23841,1068,438,89,01-07-2017
10369,1143,5851,373,424,35,07-07-2017
10370,1144,6356,456,465,169,19-06-2017
10371,1144,24266,2664,75,27,10-06-2017
10372,1144,23754,2435,11,127,08-06-2017
10373,1144,10849,593,315,96,12-06-2017
10374,1144,14741,896,229,4,09-06-2017
10375,1144,6129,379,167,173,13-06-2017
10376,1144,16917,1243,451,149,01-06-2017
10377,1144,23751,1010,139,91,15-06-2017
10378,1144,24958,2916,258,79,18-06-2017
10379,1144,18767,1845,109,17,07-06-2017
10380,1144,5231,348,315,10,06-06-2017
10381,1145,11250,935,434,37,12-10-2016
10382,1145,13262,353,214,153,01-10-2016
10383,1145,21562,1735,387,125,09-10-2016
10384,1145,23271,1044,259,43,11-10-2016
10385,1145,13330,436,278,139,06-10-2016
10386,1145,3523,290,33,38,10-10-2016
10387,1145,7595,895,126,142,07-10-2016
10388,1145,16109,456,130,137,03-10-2016
10389,1145,15568,1325,210,142,04-10-2016
10390,1145,20572,2253,464,187,05-10-2016
10391,1146,7274,304,137,178,14-05-2017
10392,1146,5493,187,309,182,25-05-2017
10393,1146,21778,2583,273,49,27-05-2017
10394,1146,15398,373,412,137,19-05-2017
10395,1146,10255,844,366,184,16-05-2017
10396,1146,22269,1654,314,30,01-06-2017
10397,1146,13439,1464,5,111,09-06-2017
10398,1146,13009,1119,366,68,13-05-2017
10399,1146,16523,1594,11,82,11-05-2017
10400,1146,10805,1183,47,56,08-06-2017
10401,1146,20624,1795,402,197,30-05-2017
10402,1146,6738,328,274,102,31-05-2017
10403,1147,18486,2063,315,52,22-06-2017
10404,1147,9559,1041,395,33,13-06-2017
10405,1147,17419,672,408,11,12-07-2017
10406,1147,20600,1995,199,161,26-06-2017
10407,1147,16729,496,66,2,23-06-2017
10408,1147,13168,644,240,147,28-06-2017
10409,1147,19457,1451,347,73,01-07-2017
10410,1147,4810,358,348,123,19-06-2017
10411,1147,7636,859,176,39,05-07-2017
10412,1147,4683,414,491,97,09-07-2017
10413,1147,10365,834,51,132,15-06-2017
10414,1147,6850,248,409,101,12-06-2017
10415,1147,14955,1714,248,145,11-06-2017
10416,1148,21970,2276,135,139,06-12-2017
10417,1148,22296,2458,155,136,26-11-2017
10418,1148,7085,599,401,75,18-11-2017
10419,1148,19262,1226,82,54,14-12-2017
10420,1148,3552,103,96,158,07-12-2017
10421,1148,5033,470,123,76,27-11-2017
10422,1148,16017,660,244,170,28-11-2017
10423,1148,20041,1606,40,54,23-11-2017
10424,1149,20888,2409,343,103,21-06-2016
10425,1149,8038,747,353,161,14-06-2016
10426,1149,20097,2163,210,44,12-06-2016
10427,1149,18170,981,449,33,20-06-2016
10428,1149,23132,1284,8,23,25-06-2016
10429,1149,8936,380,188,155,22-06-2016
10430,1149,22295,891,120,130,07-06-2016
10431,1149,23541,2804,14,19,08-06-2016
10432,1150,14262,719,202,72,25-05-2016
10433,1150,5808,545,174,184,18-05-2016
10434,1150,7153,261,29,178,20-05-2016
10435,1150,12548,1494,333,123,28-05-2016
10436,1150,13613,381,421,102,31-05-2016
10437,1150,17304,669,160,122,03-06-2016
10438,1150,16415,755,327,199,02-06-2016
10439,1151,15294,525,381,86,02-08-2016
10440,1151,8418,689,281,189,21-07-2016
10441,1151,23584,559,37,61,30-07-2016
10442,1151,20617,2415,300,33,17-07-2016
10443,1151,8411,903,115,104,01-08-2016
10444,1151,14117,535,29,177,28-07-2016
10445,1151,21432,1438,378,47,06-08-2016
10446,1152,9352,760,479,126,01-03-2016
10447,1152,16827,1974,160,59,22-02-2016
10448,1152,7189,212,358,127,07-03-2016
10449,1152,14291,889,217,158,04-03-2016
10450,1152,8739,597,118,56,13-03-2016
10451,1152,23475,2526,447,7,02-03-2016
10452,1152,8850,246,334,123,23-02-2016
10453,1152,21008,1801,67,137,21-02-2016
10454,1152,23497,2605,40,32,26-02-2016
10455,1152,20538,727,452,116,28-02-2016
10456,1152,11872,672,309,2,18-02-2016
10457,1152,13735,1360,382,11,27-02-2016
10458,1152,16728,1512,73,116,14-03-2016
10459,1153,10573,713,250,87,18-10-2017
10460,1153,7010,168,378,41,03-11-2017
10461,1153,10853,1206,290,6,19-10-2017
10462,1153,15554,1668,207,77,26-10-2017
10463,1153,16020,1214,105,143,29-10-2017
10464,1153,5322,567,304,34,31-10-2017
10465,1153,21878,1345,339,21,01-11-2017
10466,1154,5483,111,96,33,08-09-2017
10467,1154,21068,1941,306,42,09-09-2017
10468,1154,22419,2235,75,28,11-09-2017
10469,1154,11217,1229,46,15,13-09-2017
10470,1154,4436,198,124,108,07-09-2017
10471,1154,22208,1370,346,116,15-09-2017
10472,1154,21074,780,497,26,14-09-2017
10473,1154,20550,701,444,118,10-09-2017
10474,1154,15146,1422,183,107,06-09-2017
10475,1154,23898,1381,95,171,12-09-2017
10476,1155,16168,1402,175,3,29-09-2016
10477,1155,18529,1605,465,185,25-09-2016
10478,1155,8310,455,177,105,24-09-2016
10479,1155,15187,1347,337,144,21-09-2016
10480,1155,19906,1300,55,20,23-09-2016
10481,1155,21537,1561,300,41,20-09-2016
10482,1155,20507,1107,210,128,26-09-2016
10483,1155,5746,545,385,112,22-09-2016
10484,1155,15359,704,468,101,27-09-2016
10485,1155,23464,2414,74,156,19-09-2016
10486,1155,21446,965,14,192,28-09-2016
10487,1156,3515,240,64,103,31-10-2017
10488,1156,5433,200,286,7,09-11-2017
10489,1156,19411,1445,33,102,30-10-2017
10490,1156,19409,1618,157,108,15-11-2017
10491,1156,4697,511,287,198,20-11-2017
10492,1156,12315,1033,242,48,24-11-2017
10493,1156,16923,1159,198,53,06-11-2017
10494,1156,20384,2357,356,55,05-11-2017
10495,1156,12169,820,444,123,23-11-2017
10496,1156,10552,419,457,71,01-11-2017
10497,1156,3654,102,10,42,02-11-2017
10498,1156,18813,1313,47,58,12-11-2017
10499,1156,8545,748,38,53,28-10-2017
10500,1156,3910,420,141,82,07-11-2017
10501,1157,12869,825,261,81,24-09-2017
10502,1157,23175,1674,158,190,26-09-2017
10503,1157,6091,290,53,178,16-09-2017
10504,1157,7356,515,384,118,12-09-2017
10505,1157,11636,1166,326,69,14-09-2017
10506,1158,13969,581,158,85,19-01-2018
10507,1158,19341,1238,471,84,13-01-2018
10508,1158,9248,1078,407,48,06-01-2018
10509,1158,20302,2328,28,165,22-01-2018
10510,1158,5456,544,133,9,17-01-2018
10511,1158,12048,790,197,112,09-01-2018
10512,1158,9583,384,24,17,14-01-2018
10513,1159,20031,1010,181,196,10-02-2016
10514,1159,22285,1057,34,110,17-02-2016
10515,1159,13984,1216,72,57,02-02-2016
10516,1159,24152,692,476,31,13-02-2016
10517,1159,22602,1834,232,16,26-01-2016
10518,1159,3665,266,379,25,05-02-2016
10519,1160,24577,1786,11,196,26-04-2017
10520,1160,19283,1438,2,100,30-04-2017
10521,1160,16654,990,182,158,02-05-2017
10522,1160,20103,714,12,82,03-05-2017
10523,1160,23063,1433,348,102,13-04-2017
10524,1160,21608,893,171,168,14-04-2017
10525,1160,22308,1389,487,185,18-04-2017
10526,1160,19220,401,222,160,21-04-2017
10527,1160,8229,674,208,161,17-04-2017
10528,1160,13147,1510,497,62,27-04-2017
10529,1160,17955,1526,315,52,28-04-2017
10530,1160,5284,481,112,77,19-04-2017
10531,1160,13055,1475,35,154,22-04-2017
10532,1160,13375,1602,170,7,01-05-2017
10533,1160,22723,2557,178,42,25-04-2017
10534,1161,11741,824,447,121,08-10-2016
10535,1161,6714,239,122,56,31-10-2016
10536,1161,12747,1265,58,53,11-10-2016
10537,1161,15158,1612,259,158,12-10-2016
10538,1161,7620,540,40,183,19-10-2016
10539,1161,3091,61,60,38,22-10-2016
10540,1162,20393,630,411,60,24-10-2017
10541,1162,21824,1734,68,14,04-10-2017
10542,1162,20329,1353,334,169,28-09-2017
10543,1162,18119,1984,491,83,27-09-2017
10544,1162,21099,718,147,21,14-10-2017
10545,1163,4547,211,295,197,17-06-2017
10546,1163,16535,1403,243,28,18-06-2017
10547,1163,18691,920,88,172,14-07-2017
10548,1163,18128,819,277,155,24-06-2017
10549,1163,24383,1400,20,132,10-07-2017
10550,1163,12056,1107,402,182,09-06-2017
10551,1163,14951,1737,137,30,26-06-2017
10552,1163,21001,1153,80,123,20-06-2017
10553,1163,23746,1695,424,144,01-06-2017
10554,1163,5705,283,37,60,03-07-2017
10555,1163,15988,1425,389,170,10-06-2017
10556,1164,16362,1076,32,13,01-05-2017
10557,1164,14923,1311,196,73,17-04-2017
10558,1164,11280,913,168,48,24-05-2017
10559,1164,11482,893,127,18,07-05-2017
10560,1164,20144,2066,310,173,16-04-2017
10561,1164,13362,803,267,138,30-04-2017
10562,1164,4846,329,415,125,28-04-2017
10563,1164,17684,2079,219,165,10-05-2017
10564,1164,13858,1453,203,77,16-05-2017
10565,1164,24187,2331,425,196,12-04-2017
10566,1164,3926,322,266,94,27-04-2017
10567,1164,13925,1464,288,51,20-04-2017
10568,1164,9432,300,217,49,04-05-2017
10569,1164,6085,305,317,150,23-04-2017
10570,1164,22506,1177,406,101,02-05-2017
10571,1165,18162,1268,53,169,26-05-2016
10572,1165,22460,2135,197,71,29-05-2016
10573,1165,4187,95,220,3,04-05-2016
10574,1165,15440,1092,472,96,14-05-2016
10575,1165,9358,410,98,139,18-05-2016
10576,1166,11624,269,404,72,10-08-2016
10577,1166,6141,636,199,196,16-08-2016
10578,1166,4173,174,471,129,18-08-2016
10579,1166,8410,386,411,162,17-08-2016
10580,1166,13049,274,140,24,11-08-2016
10581,1166,17032,382,4,185,15-08-2016
10582,1167,18024,1676,154,73,17-12-2016
10583,1167,18769,1116,51,31,22-12-2016
10584,1167,18721,1413,70,68,25-12-2016
10585,1167,13149,935,65,104,15-12-2016
10586,1167,10060,580,220,106,11-12-2016
10587,1167,22882,2397,81,5,06-12-2016
10588,1167,8022,592,73,196,16-12-2016
10589,1167,4755,486,193,37,03-12-2016
10590,1167,4237,440,128,68,04-12-2016
10591,1168,21905,1310,255,7,23-05-2016
10592,1168,14747,817,246,38,28-05-2016
10593,1168,12910,1279,271,38,24-05-2016
10594,1168,23238,2519,403,178,21-05-2016
10595,1168,18262,736,36,96,19-05-2016
10596,1168,11512,1184,136,92,26-05-2016
10597,1168,12143,1327,265,137,20-05-2016
10598,1168,19917,1801,413,105,22-05-2016
10599,1168,8116,173,331,105,25-05-2016
10600,1168,13870,1384,306,138,27-05-2016
10601,1169,11938,590,293,50,05-05-2016
10602,1169,20911,1219,145,98,01-05-2016
10603,1169,3371,126,385,38,07-06-2016
10604,1169,11371,1262,424,90,26-05-2016
10605,1169,4501,163,207,73,08-05-2016
10606,1170,9735,718,239,192,30-01-2018
10607,1170,15296,851,368,189,02-02-2018
10608,1170,18056,1807,47,122,28-01-2018
10609,1170,19914,1799,126,127,13-01-2018
10610,1170,17495,649,21,198,22-12-2017
10611,1170,20863,1632,97,112,11-01-2018
10612,1170,8324,965,211,114,04-02-2018
10613,1170,4335,361,226,176,06-01-2018
10614,1170,3622,119,279,154,07-01-2018
10615,1170,15882,1723,229,36,23-01-2018
10616,1170,9110,655,295,150,18-01-2018
10617,1170,21054,2068,198,17,25-12-2017
10618,1170,17573,1438,430,48,20-01-2018
10619,1170,7031,219,180,111,24-01-2018
10620,1170,5984,400,24,24,26-01-2018
10621,1171,7408,484,237,26,07-05-2017
10622,1171,20009,550,367,96,04-05-2017
10623,1171,20130,2187,19,103,19-05-2017
10624,1171,24341,1598,159,128,20-05-2017
10625,1171,19815,2249,82,175,11-05-2017
10626,1171,5155,518,426,108,22-05-2017
10627,1171,5738,676,417,40,01-05-2017
10628,1171,21947,2479,69,197,30-04-2017
10629,1171,19436,677,333,171,18-05-2017
10630,1171,3450,256,71,16,16-05-2017
10631,1171,19448,701,170,193,23-05-2017
10632,1171,9978,1021,47,45,10-05-2017
10633,1171,12531,875,385,88,15-05-2017
10634,1171,22415,1929,349,88,09-05-2017
10635,1171,6427,506,403,161,17-05-2017
10636,1172,8362,223,23,169,05-10-2016
10637,1172,19851,1043,398,119,16-10-2016
10638,1172,21953,816,161,62,28-09-2016
10639,1172,15746,1505,404,181,05-11-2016
10640,1172,14922,599,46,32,14-10-2016
10641,1172,12548,1492,463,30,06-10-2016
10642,1172,9344,432,453,19,07-10-2016
10643,1172,11437,1197,311,76,01-11-2016
10644,1172,10113,835,369,193,07-11-2016
10645,1172,22163,1420,448,13,25-09-2016
10646,1172,12322,1270,222,141,20-10-2016
10647,1172,3182,357,388,16,03-10-2016
10648,1172,3165,81,234,162,04-10-2016
10649,1172,6740,267,158,198,24-10-2016
10650,1172,4632,295,359,50,17-10-2016
10651,1173,9982,348,419,57,04-12-2016
10652,1173,13353,1124,77,21,31-12-2016
10653,1173,11002,631,416,52,05-01-2017
10654,1173,10902,333,153,147,07-01-2017
10655,1173,3018,313,188,80,14-01-2017
10656,1173,17967,732,99,49,12-12-2016
10657,1173,4102,256,51,173,05-12-2016
10658,1173,7292,746,322,91,18-12-2016
10659,1173,19228,1281,372,45,11-01-2017
10660,1173,23632,1924,52,190,13-12-2016
10661,1173,18241,558,54,56,07-12-2016
10662,1173,18361,989,161,191,15-12-2016
10663,1173,21630,1035,4,114,30-12-2016
10664,1173,5018,448,452,171,26-12-2016
10665,1173,21682,1471,282,82,11-12-2016
10666,1174,14888,722,486,105,05-03-2017
10667,1174,16899,550,232,169,26-02-2017
10668,1174,20606,861,106,113,13-03-2017
10669,1174,18435,1526,321,127,22-03-2017
10670,1174,14969,416,252,102,20-03-2017
10671,1174,18936,1812,467,61,07-03-2017
10672,1174,12271,1301,82,167,02-03-2017
10673,1174,10896,415,364,161,04-03-2017
10674,1174,17832,650,67,194,09-03-2017
10675,1174,15551,514,458,30,08-03-2017
10676,1174,22786,1886,221,65,19-03-2017
10677,1174,15496,782,114,18,15-03-2017
10678,1174,13617,337,271,102,06-03-2017
10679,1174,14990,1271,376,51,18-03-2017
10680,1175,9501,378,81,94,14-01-2018
10681,1175,3002,217,76,199,10-01-2018
10682,1175,7257,867,192,92,02-01-2018
10683,1175,4792,190,467,45,17-01-2018
10684,1175,10333,917,264,42,07-01-2018
10685,1175,6823,710,385,50,27-12-2017
10686,1175,6851,370,34,119,03-01-2018
10687,1175,4188,113,216,57,01-01-2018
10688,1175,12320,296,159,127,25-12-2017
10689,1175,22784,637,316,160,30-12-2017
10690,1175,20266,2142,178,24,05-01-2018
10691,1175,12370,998,91,7,04-01-2018
10692,1175,3159,199,232,118,15-01-2018
10693,1175,20503,2128,258,29,09-01-2018
10694,1175,18909,1386,424,144,28-12-2017
10695,1176,16662,1498,333,7,21-08-2017
10696,1176,12487,315,246,153,26-08-2017
10697,1176,16160,1486,373,174,02-09-2017
10698,1176,23698,2334,227,151,23-08-2017
10699,1176,16085,740,319,169,10-09-2017
10700,1176,10969,1040,80,184,09-09-2017
10701,1176,9673,442,294,20,11-09-2017
10702,1176,18925,886,458,49,08-09-2017
10703,1176,18228,664,125,3,06-09-2017
10704,1176,8654,217,195,147,15-08-2017
10705,1176,19062,935,405,133,25-08-2017
10706,1176,6571,295,468,115,31-08-2017
10707,1177,6880,564,224,91,26-11-2017
10708,1177,24932,1663,124,10,11-11-2017
10709,1177,11514,436,314,108,20-11-2017
10710,1177,18865,1493,401,181,19-11-2017
10711,1177,8887,776,337,118,23-11-2017
10712,1178,20983,594,426,152,07-11-2017
10713,1178,13534,594,35,105,15-11-2017
10714,1178,18368,413,445,55,10-11-2017
10715,1178,13724,1105,381,121,19-11-2017
10716,1178,6523,496,469,167,17-11-2017
10717,1178,22287,2563,155,118,11-11-2017
10718,1178,17677,1366,462,58,09-11-2017
10719,1178,14548,645,9,136,13-11-2017
10720,1178,4491,337,301,65,08-11-2017
10721,1178,21680,1216,85,24,18-11-2017
10722,1178,3950,452,223,7,20-11-2017
10723,1178,15853,359,482,121,16-11-2017
10724,1178,23436,745,78,63,14-11-2017
10725,1178,7259,287,181,97,12-11-2017
10726,1179,23130,1845,4,0,07-06-2016
10727,1179,9170,239,344,167,26-05-2016
10728,1179,8460,760,157,74,12-06-2016
10729,1179,8947,649,477,4,05-06-2016
10730,1179,13917,1320,175,40,29-05-2016
10731,1179,3277,275,160,130,21-05-2016
10732,1179,6258,325,190,161,23-05-2016
10733,1179,19523,1773,334,172,10-05-2016
10734,1179,5440,590,466,78,20-05-2016
10735,1179,8099,648,279,97,16-05-2016
10736,1179,24614,2895,33,131,15-05-2016
10737,1179,19748,2117,455,111,10-06-2016
10738,1179,5564,344,155,41,24-05-2016
10739,1179,19577,2068,270,160,27-05-2016
10740,1180,3576,196,319,34,09-03-2016
10741,1180,15352,1260,487,43,26-02-2016
10742,1180,12025,1336,154,53,08-03-2016
10743,1180,13690,304,269,6,04-03-2016
10744,1180,21353,811,135,101,10-03-2016
10745,1180,24902,2922,46,183,12-03-2016
10746,1180,8901,408,130,174,05-03-2016
10747,1180,12382,442,301,28,03-03-2016
10748,1181,11269,970,370,123,03-07-2017
10749,1181,24531,2908,46,17,09-07-2017
10750,1181,21764,698,498,182,02-07-2017
10751,1181,17433,1130,67,103,14-07-2017
10752,1181,16140,1638,119,71,05-07-2017
10753,1181,20909,1214,54,47,10-07-2017
10754,1181,20411,491,456,29,16-07-2017
10755,1181,6386,246,67,78,15-07-2017
10756,1182,13297,1017,194,88,27-09-2017
10757,1182,23001,837,418,11,16-09-2017
10758,1182,18090,1432,388,132,05-09-2017
10759,1182,5904,436,390,59,10-09-2017
10760,1182,20016,527,192,146,29-09-2017
10761,1182,14605,366,16,85,02-10-2017
10762,1182,10548,609,475,47,12-09-2017
10763,1182,9919,1073,8,152,15-09-2017
10764,1182,14290,1301,276,187,24-09-2017
10765,1182,22573,2604,349,162,07-10-2017
10766,1183,15406,310,162,127,07-07-2017
10767,1183,12286,258,94,178,08-08-2017
10768,1183,5104,187,164,18,07-08-2017
10769,1183,21036,1005,131,42,02-08-2017
10770,1183,12045,270,379,80,26-07-2017
10771,1183,14285,663,439,187,05-08-2017
10772,1183,9720,337,415,81,19-07-2017
10773,1183,17987,1321,39,28,04-07-2017
10774,1183,20287,1037,267,53,13-07-2017
10775,1183,5124,527,132,52,20-07-2017
10776,1183,21034,1781,80,161,25-07-2017
10777,1184,22360,2364,492,141,07-04-2016
10778,1184,3814,301,88,155,06-04-2016
10779,1184,7355,533,258,116,25-03-2016
10780,1184,20953,1040,426,130,31-03-2016
10781,1184,23556,1740,438,196,03-04-2016
10782,1184,20059,2236,38,198,02-04-2016
10783,1184,22046,2376,81,20,24-03-2016
10784,1184,14590,1126,398,157,09-04-2016
10785,1184,5978,548,431,83,08-04-2016
10786,1184,23522,2514,27,4,01-04-2016
10787,1184,7057,267,431,129,27-03-2016
10788,1184,14372,853,418,81,30-03-2016
10789,1184,3464,88,271,102,29-03-2016
10790,1184,21506,2326,285,123,04-04-2016
10791,1184,7136,339,416,111,28-03-2016
10792,1185,11316,1057,389,183,11-02-2017
10793,1185,15541,1273,259,189,10-02-2017
10794,1185,17303,1749,50,117,12-02-2017
10795,1185,21743,1606,51,130,08-02-2017
10796,1185,8787,432,38,23,05-02-2017
10797,1185,8656,636,201,105,06-02-2017
10798,1185,3533,359,76,17,03-02-2017
10799,1185,3478,189,93,131,09-02-2017
10800,1185,4703,318,128,36,04-02-2017
10801,1185,3803,308,261,146,07-02-2017
10802,1186,13104,1524,169,173,28-04-2016
10803,1186,12119,621,400,24,29-04-2016
10804,1186,16873,741,100,43,08-05-2016
10805,1186,10461,774,218,101,17-05-2016
10806,1186,6144,730,289,11,17-04-2016
10807,1186,7684,747,324,124,18-04-2016
10808,1186,3938,438,220,194,22-04-2016
10809,1186,18287,1163,140,50,06-05-2016
10810,1187,21804,1138,233,194,23-04-2017
10811,1187,21468,1605,265,8,22-04-2017
10812,1187,13463,1251,105,156,16-04-2017
10813,1187,20268,1671,153,100,17-04-2017
10814,1187,22190,1193,262,136,18-04-2017
10815,1187,22321,715,458,65,21-04-2017
10816,1187,16671,1327,16,0,20-04-2017
10817,1187,10269,285,137,192,19-04-2017
10818,1188,8431,974,413,48,05-01-2017
10819,1188,16481,467,46,170,04-01-2017
10820,1188,14154,1334,229,53,28-01-2017
10821,1188,13553,1341,139,77,11-01-2017
10822,1188,9843,282,328,134,26-01-2017
10823,1188,11691,233,353,110,30-01-2017
10824,1188,22726,2110,193,178,20-01-2017
10825,1188,22608,840,343,93,03-02-2017
10826,1188,21226,1799,466,47,16-01-2017
10827,1188,22403,2475,475,141,12-01-2017
10828,1188,22752,575,291,77,02-02-2017
10829,1188,21468,2252,298,103,10-01-2017
10830,1188,12106,973,290,42,17-01-2017
10831,1188,11105,697,203,169,18-01-2017
10832,1189,22254,589,78,167,13-02-2016
10833,1189,7259,857,145,55,27-01-2016
10834,1189,20915,480,68,127,09-02-2016
10835,1189,7421,516,8,77,21-02-2016
10836,1189,24550,1403,7,80,01-02-2016
10837,1189,9368,522,85,70,11-02-2016
10838,1189,7717,380,190,132,02-03-2016
10839,1189,18263,1149,95,44,17-02-2016
10840,1189,13913,1097,234,165,26-01-2016
10841,1189,23469,2574,240,72,18-02-2016
10842,1189,18362,1045,141,163,16-02-2016
10843,1189,10923,437,186,169,29-01-2016
10844,1189,14147,594,256,122,24-01-2016
10845,1190,14118,1499,49,40,23-01-2017
10846,1190,15707,1214,171,63,16-02-2017
10847,1190,9984,861,236,118,27-01-2017
10848,1190,6973,739,243,71,23-02-2017
10849,1190,23038,1460,343,104,19-01-2017
10850,1190,11580,383,271,137,19-02-2017
10851,1190,22797,853,150,188,07-02-2017
10852,1190,20875,672,218,171,20-02-2017
10853,1190,23130,1960,465,72,04-02-2017
10854,1190,5064,103,273,45,22-02-2017
10855,1190,14804,1586,338,90,31-01-2017
10856,1190,20134,970,436,148,10-02-2017
10857,1190,16160,692,45,75,01-03-2017
10858,1190,9740,692,425,21,08-02-2017
10859,1191,10286,584,435,76,25-02-2016
10860,1191,14197,832,18,167,05-03-2016
10861,1191,13976,1565,394,187,15-02-2016
10862,1191,12502,1200,266,194,19-02-2016
10863,1191,12590,265,429,159,08-03-2016
10864,1191,9282,249,218,101,02-03-2016
10865,1191,21492,2518,444,32,07-03-2016
10866,1191,3085,174,452,197,24-02-2016
10867,1192,15654,1145,196,106,29-04-2016
10868,1192,18566,559,417,167,25-04-2016
10869,1192,13672,312,263,30,05-05-2016
10870,1192,5231,115,411,113,01-05-2016
10871,1192,8985,349,99,122,26-04-2016
10872,1192,19114,1970,330,34,23-05-2016
10873,1192,10875,631,289,143,25-05-2016
10874,1192,15534,796,58,36,09-05-2016
10875,1192,7406,432,273,75,15-05-2016
10876,1192,19523,1555,25,161,10-05-2016
10877,1192,19158,1387,242,169,21-05-2016
10878,1192,7439,395,194,152,28-05-2016
10879,1192,15901,1777,262,146,28-04-2016
10880,1192,11727,396,113,159,27-04-2016
10881,1192,19120,1869,347,134,29-05-2016
10882,1193,18227,1828,58,112,22-04-2016
10883,1193,11324,965,371,78,16-04-2016
10884,1193,6683,485,135,114,10-04-2016
10885,1193,3238,208,332,25,07-05-2016
10886,1193,11574,1098,46,111,15-04-2016
10887,1193,23012,2337,350,23,02-05-2016
10888,1193,12585,502,477,148,19-04-2016
10889,1193,24168,2604,330,143,11-04-2016
10890,1193,6498,426,118,78,28-04-2016
10891,1193,12662,521,244,167,21-04-2016
10892,1194,13347,934,425,101,19-06-2016
10893,1194,12411,907,170,179,15-06-2016
10894,1194,9568,451,128,22,11-06-2016
10895,1194,6279,210,5,194,20-06-2016
10896,1194,17733,1667,433,112,10-06-2016
10897,1194,12929,722,478,149,13-06-2016
10898,1194,11092,463,105,111,17-06-2016
10899,1194,19889,2352,317,23,16-06-2016
10900,1194,22732,1282,134,164,18-06-2016
10901,1194,13647,818,494,97,14-06-2016
10902,1194,21333,612,478,170,12-06-2016
10903,1195,11634,948,64,38,19-07-2017
10904,1195,4261,152,145,172,18-06-2017
10905,1195,16315,1859,326,25,10-07-2017
10906,1195,18499,1501,169,44,21-06-2017
10907,1195,16206,1367,176,103,25-06-2017
10908,1195,17240,1209,30,16,05-07-2017
10909,1196,20536,1982,466,40,13-12-2017
10910,1196,5837,656,259,132,05-12-2017
10911,1196,6551,748,382,136,22-12-2017
10912,1196,8617,354,359,135,01-01-2018
10913,1196,8725,419,480,7,11-12-2017
10914,1196,22051,1482,435,125,29-12-2017
10915,1196,14868,1360,44,162,02-01-2018
10916,1196,15375,1012,329,99,28-11-2017
10917,1196,21881,1926,124,67,28-12-2017
10918,1196,12878,381,499,38,20-12-2017
10919,1196,20255,1657,299,181,26-12-2017
10920,1196,3922,421,379,142,07-12-2017
10921,1197,10470,567,4,90,31-10-2016
10922,1197,22548,1804,141,109,28-10-2016
10923,1197,17983,1415,197,170,07-11-2016
10924,1197,8797,742,321,74,09-11-2016
10925,1197,22214,655,36,125,03-11-2016
10926,1197,4849,385,335,176,05-11-2016
10927,1197,14033,732,487,23,29-10-2016
10928,1197,10695,770,469,9,10-11-2016
10929,1197,21249,1034,246,52,13-11-2016
10930,1197,24462,1811,366,187,06-11-2016
10931,1197,9314,611,357,53,12-11-2016
10932,1197,5435,255,206,71,02-11-2016
10933,1198,10150,588,191,33,24-05-2017
10934,1198,21029,901,175,65,25-05-2017
10935,1198,6721,362,419,99,16-05-2017
10936,1198,13406,1319,14,61,02-06-2017
10937,1198,6945,167,357,26,13-05-2017
10938,1198,11536,797,9,50,20-05-2017
10939,1199,19719,1418,372,53,08-08-2016
10940,1199,17334,1890,193,171,19-07-2016
10941,1199,14260,1224,417,122,31-07-2016
10942,1199,23624,2040,427,75,26-08-2016
10943,1199,17770,1980,245,14,27-08-2016
10944,1199,24470,861,72,184,17-08-2016
10945,1199,24418,1218,58,110,10-08-2016
10946,1200,13944,901,62,94,14-06-2017
10947,1200,7257,168,494,49,18-06-2017
10948,1200,15098,1483,308,106,24-06-2017
10949,1200,16701,1467,109,90,20-06-2017
10950,1200,13614,553,425,151,17-06-2017
10951,1200,13227,1326,366,49,23-06-2017
10952,1200,7288,404,367,28,13-06-2017
10953,1200,13350,1339,332,1,16-06-2017
10954,1200,14640,1387,405,133,08-06-2017
10955,1200,4548,480,347,118,19-06-2017
10956,1200,3138,343,432,100,05-06-2017
10957,1201,3032,181,110,35,12-11-2016
10958,1201,19970,1848,62,168,13-11-2016
10959,1201,4368,166,173,85,11-11-2016
10960,1201,19250,1109,257,21,21-11-2016
10961,1201,4875,435,168,102,18-11-2016
10962,1201,3235,218,116,30,17-11-2016
10963,1201,23106,2203,430,180,19-11-2016
10964,1201,23779,2171,425,63,10-11-2016
10965,1201,21785,1682,288,191,16-11-2016
10966,1201,17479,500,178,129,14-11-2016
10967,1202,20332,1187,221,64,25-11-2016
10968,1202,15991,925,131,36,27-11-2016
10969,1202,18201,736,64,186,17-12-2016
10970,1202,3259,82,374,174,08-12-2016
10971,1202,14547,828,250,36,06-12-2016
10972,1202,12429,309,386,137,18-12-2016
10973,1202,19987,829,163,180,04-12-2016
10974,1202,14784,1514,20,22,16-12-2016
10975,1202,7841,552,303,86,24-11-2016
10976,1202,20617,986,17,108,30-11-2016
10977,1202,9821,293,213,179,21-11-2016
10978,1202,5802,184,223,108,20-12-2016
10979,1202,9245,1103,161,15,19-12-2016
10980,1202,15120,780,388,46,01-12-2016
10981,1203,21800,1610,234,143,19-04-2017
10982,1203,8649,285,14,133,24-03-2017
10983,1203,18867,726,489,117,23-03-2017
10984,1203,18120,1432,482,6,18-04-2017
10985,1203,17303,689,351,60,16-04-2017
10986,1204,7664,196,143,22,06-07-2017
10987,1204,10339,787,331,18,02-07-2017
10988,1204,20931,1185,302,57,07-07-2017
10989,1204,16206,566,165,103,01-07-2017
10990,1204,22544,2669,23,132,29-06-2017
10991,1204,13667,324,308,177,24-06-2017
10992,1204,12744,953,373,42,21-06-2017
10993,1204,4326,426,168,143,27-06-2017
10994,1204,10439,935,186,25,28-06-2017
10995,1204,12987,674,98,121,26-06-2017
10996,1204,11389,568,303,1,19-06-2017
10997,1204,11438,635,9,47,05-07-2017
10998,1204,22761,594,468,168,18-06-2017
10999,1204,10089,488,196,155,12-06-2017
11000,1205,22448,1387,391,88,03-11-2017
11001,1205,4142,143,321,178,31-10-2017
11002,1205,17143,1834,55,25,01-11-2017
11003,1205,9974,377,223,47,18-10-2017
11004,1205,9422,1112,22,117,28-10-2017
11005,1205,14768,1351,376,108,02-11-2017
11006,1205,18223,1816,20,153,04-11-2017
11007,1206,12051,344,288,36,08-11-2016
11008,1206,14248,1263,210,198,07-11-2016
11009,1206,16922,619,374,41,06-11-2016
11010,1206,20814,1129,432,183,12-11-2016
11011,1206,13352,687,30,182,11-11-2016
11012,1206,15420,1785,19,166,03-11-2016
11013,1206,14193,1466,164,51,09-11-2016
11014,1206,7901,439,240,115,04-11-2016
11015,1206,14080,953,55,156,05-11-2016
11016,1206,24482,829,260,88,10-11-2016
11017,1207,3975,174,367,177,13-07-2017
11018,1207,6361,419,154,68,25-07-2017
11019,1207,5614,273,298,161,19-07-2017
11020,1207,22788,2202,473,80,11-07-2017
11021,1207,21608,541,218,147,15-07-2017
11022,1207,11563,766,306,104,17-07-2017
11023,1207,21165,2008,195,120,03-07-2017
11024,1207,12724,1464,438,123,09-07-2017
11025,1207,24209,1084,411,114,07-07-2017
11026,1207,22549,2195,64,126,12-07-2017
11027,1208,19019,1880,112,12,25-02-2016
11028,1208,3385,309,229,15,23-02-2016
11029,1208,20591,1354,417,119,26-02-2016
11030,1208,17404,1702,455,10,01-03-2016
11031,1208,22464,1182,166,185,29-02-2016
11032,1208,6659,580,281,60,03-03-2016
11033,1208,8018,844,369,21,27-02-2016
11034,1208,10878,506,496,123,05-03-2016
11035,1208,8749,997,440,132,04-03-2016
11036,1208,4243,405,387,116,24-02-2016
11037,1208,4727,186,421,99,02-03-2016
11038,1208,19494,1749,191,135,22-02-2016
11039,1209,14352,1551,203,178,28-04-2016
11040,1209,6418,205,300,105,27-04-2016
11041,1209,8355,956,104,137,01-05-2016
11042,1209,23685,1773,396,182,02-05-2016
11043,1209,24417,2531,287,82,20-05-2016
11044,1209,12032,1126,234,33,29-04-2016
11045,1209,16046,1145,290,190,16-05-2016
11046,1209,24947,2937,191,189,08-05-2016
11047,1210,24326,1452,334,107,18-02-2017
11048,1210,4697,279,153,71,15-02-2017
11049,1210,17017,2009,303,143,25-02-2017
11050,1210,22396,1065,148,66,23-02-2017
11051,1210,13795,1498,376,197,17-02-2017
11052,1210,3000,354,468,186,11-02-2017
11053,1210,4441,105,379,47,12-02-2017
11054,1210,14813,1686,342,31,07-02-2017
11055,1211,17594,762,68,59,02-04-2017
11056,1211,11359,778,245,113,16-03-2017
11057,1211,23043,2597,442,141,28-03-2017
11058,1211,17700,884,425,95,10-03-2017
11059,1211,17718,1728,117,137,08-04-2017
11060,1211,7489,828,65,155,19-03-2017
11061,1211,17396,1133,99,125,01-03-2017
11062,1211,7353,293,320,114,24-02-2017
11063,1211,9371,209,72,114,13-03-2017
11064,1211,16063,353,216,30,18-03-2017
11065,1212,15453,1558,151,37,01-06-2016
11066,1212,13367,1486,414,142,02-06-2016
11067,1212,15962,642,154,56,20-06-2016
11068,1212,12589,992,422,53,21-06-2016
11069,1212,9748,667,133,186,13-06-2016
11070,1212,9724,792,177,42,22-06-2016
11071,1212,16951,1885,402,52,23-06-2016
11072,1212,17713,1855,144,44,14-06-2016
11073,1212,8180,910,38,124,27-06-2016
11074,1212,8690,867,107,1,25-06-2016
11075,1212,4880,385,443,111,15-06-2016
11076,1212,18966,1677,495,99,19-06-2016
11077,1212,18949,1043,273,129,26-06-2016
11078,1212,6302,153,420,54,11-06-2016
11079,1212,9494,383,84,139,16-06-2016
11080,1213,14864,714,419,13,17-09-2017
11081,1213,23137,1676,407,14,30-09-2017
11082,1213,24641,715,391,184,28-09-2017
11083,1213,7435,874,172,98,21-09-2017
11084,1213,6341,316,89,78,01-10-2017
11085,1213,15361,1531,224,40,26-09-2017
11086,1213,22303,2498,215,40,02-10-2017
11087,1213,13548,1292,485,197,18-09-2017
11088,1213,21829,2490,170,146,25-09-2017
11089,1213,18232,2122,322,67,24-09-2017
11090,1213,6124,573,77,78,22-09-2017
11091,1213,18106,702,348,164,20-09-2017
11092,1213,17234,1564,111,132,19-09-2017
11093,1214,7561,155,354,126,25-05-2017
11094,1214,3378,273,194,143,20-05-2017
11095,1214,23518,1168,200,181,04-06-2017
11096,1214,5608,304,338,192,26-05-2017
11097,1214,4090,388,448,98,23-05-2017
11098,1214,23619,1969,117,118,30-05-2017
11099,1214,4777,455,482,60,01-06-2017
11100,1214,8641,583,19,10,28-05-2017
11101,1214,3466,278,452,123,21-05-2017
11102,1214,12664,759,200,106,09-06-2017
11103,1215,8148,837,62,139,21-12-2016
11104,1215,19688,687,385,99,27-12-2016
11105,1215,15744,950,165,109,28-12-2016
11106,1215,23793,1051,338,53,05-01-2017
11107,1215,16117,1380,308,175,01-01-2017
11108,1215,19207,708,339,171,24-12-2016
11109,1215,18897,1295,466,1,22-12-2016
11110,1215,12435,632,188,168,02-01-2017
11111,1215,17907,1181,197,190,06-01-2017
11112,1215,5636,286,402,19,30-12-2016
11113,1215,23471,2480,90,184,25-12-2016
11114,1215,14069,437,46,48,13-12-2016
11115,1216,5483,582,150,165,25-03-2017
11116,1216,19181,1422,310,29,24-03-2017
11117,1216,11747,1229,144,25,22-03-2017
11118,1216,13170,293,466,49,01-04-2017
11119,1216,21782,1197,346,128,30-03-2017
11120,1216,12519,1388,420,46,28-03-2017
11121,1217,13526,670,153,41,22-06-2017
11122,1217,17173,1406,90,167,15-06-2017
11123,1217,16761,1542,419,95,17-06-2017
11124,1217,18297,835,206,95,19-06-2017
11125,1217,15182,1521,470,45,26-06-2017
11126,1217,17689,1821,328,95,25-06-2017
11127,1217,6838,693,468,123,03-07-2017
11128,1217,22020,1095,168,89,10-07-2017
11129,1217,23921,1125,476,34,05-07-2017
11130,1217,23077,1112,364,4,01-07-2017
11131,1217,15861,976,403,4,28-06-2017
11132,1217,16817,715,38,97,21-06-2017
11133,1218,10640,1171,190,60,29-09-2017
11134,1218,12405,1487,339,161,08-10-2017
11135,1218,10350,602,437,182,24-09-2017
11136,1218,6103,667,191,178,04-10-2017
11137,1218,18522,1382,363,116,28-09-2017
11138,1218,19892,1976,67,79,03-10-2017
11139,1219,19633,2145,411,132,26-04-2017
11140,1219,8730,881,446,158,27-04-2017
11141,1219,4446,490,197,95,11-05-2017
11142,1219,13723,392,289,110,30-04-2017
11143,1219,15747,1548,366,111,20-04-2017
11144,1219,6268,343,238,157,22-04-2017
11145,1219,9622,990,152,118,23-04-2017
11146,1219,17285,395,202,39,08-05-2017
11147,1219,22062,1180,403,33,02-05-2017
11148,1219,13324,625,50,94,03-05-2017
11149,1219,10524,553,97,185,01-05-2017
11150,1219,17198,369,408,151,28-04-2017
11151,1219,4146,331,70,148,07-05-2017
11152,1220,15366,673,145,49,15-12-2016
11153,1220,12976,693,203,57,14-12-2016
11154,1220,5847,548,4,46,12-12-2016
11155,1220,12171,605,367,24,11-12-2016
11156,1220,8954,811,31,158,09-12-2016
11157,1220,6843,708,67,29,08-12-2016
11158,1221,11477,741,208,133,07-06-2017
11159,1221,21884,608,308,35,30-05-2017
11160,1221,11764,480,220,142,19-05-2017
11161,1221,7950,576,100,142,22-05-2017
11162,1221,22302,1211,247,92,03-06-2017
11163,1221,11164,783,23,116,02-06-2017
11164,1221,3772,117,476,27,27-05-2017
11165,1221,15612,1381,368,139,29-05-2017
11166,1221,22459,1121,108,196,15-06-2017
11167,1221,20376,1579,379,92,18-06-2017
11168,1221,3668,345,141,5,17-06-2017
11169,1221,6596,584,125,126,28-05-2017
11170,1221,15758,810,198,117,22-06-2017
11171,1221,16265,1217,351,143,09-06-2017
11172,1221,15913,805,439,159,21-06-2017
11173,1222,14501,1360,297,38,25-11-2016
11174,1222,20957,2139,15,20,23-11-2016
11175,1222,10352,582,79,117,26-11-2016
11176,1222,5810,563,201,79,29-11-2016
11177,1222,19674,913,282,15,04-12-2016
11178,1222,13421,535,259,185,24-11-2016
11179,1222,20257,2268,90,57,01-12-2016
11180,1222,23402,991,441,128,03-12-2016
11181,1222,8199,480,404,135,22-11-2016
11182,1223,3086,358,227,14,13-01-2016
11183,1223,17065,1285,317,39,21-01-2016
11184,1223,23491,729,344,137,24-01-2016
11185,1223,16712,811,461,136,18-01-2016
11186,1223,15833,1563,376,51,17-01-2016
11187,1223,23961,2110,267,165,14-01-2016
11188,1223,8117,835,357,65,19-01-2016
11189,1223,23861,654,58,68,12-01-2016
11190,1223,19424,1864,88,107,26-01-2016
11191,1223,18398,643,383,2,15-01-2016
11192,1223,10500,286,409,82,16-01-2016
11193,1223,5200,191,344,118,20-01-2016
11194,1223,8275,268,82,170,22-01-2016
11195,1223,23532,1028,96,15,23-01-2016
11196,1223,15890,1430,209,163,25-01-2016
11197,1224,13292,1108,166,109,01-08-2016
11198,1224,4869,405,219,185,09-08-2016
11199,1224,14035,447,379,111,19-08-2016
11200,1224,12778,1252,414,80,25-08-2016
11201,1224,20568,995,343,168,13-08-2016
11202,1224,13041,704,464,139,14-08-2016
11203,1224,4547,330,181,94,24-08-2016
11204,1224,10402,318,423,129,22-08-2016
11205,1224,14424,766,197,16,28-07-2016
11206,1224,9731,512,89,167,06-08-2016
11207,1224,21891,1029,425,24,26-07-2016
11208,1225,3310,223,118,109,01-12-2017
11209,1225,18777,1619,491,167,09-12-2017
11210,1225,16077,647,427,56,18-11-2017
11211,1225,12674,1259,306,24,16-11-2017
11212,1225,21785,524,373,133,02-12-2017
11213,1225,7930,431,252,65,15-11-2017
11214,1225,21438,2477,414,3,19-11-2017
11215,1225,4361,173,354,118,05-12-2017
11216,1225,6952,804,439,64,14-11-2017
11217,1226,16121,910,194,110,21-03-2016
11218,1226,24848,2956,303,179,15-03-2016
11219,1226,6836,696,485,44,29-03-2016
11220,1226,5022,101,463,197,17-03-2016
11221,1226,22807,1629,176,183,20-03-2016
11222,1226,14740,580,289,145,25-03-2016
11223,1226,12170,423,158,141,27-03-2016
11224,1227,17666,1329,120,1,27-05-2017
11225,1227,17256,976,33,62,22-05-2017
11226,1227,4221,454,491,105,11-05-2017
11227,1227,8186,923,422,30,20-05-2017
11228,1227,12331,371,68,125,28-05-2017
11229,1227,24249,2109,471,173,15-05-2017
11230,1227,3805,170,267,80,19-05-2017
11231,1227,16903,1631,274,21,14-05-2017
11232,1227,15387,1435,333,180,18-05-2017
11233,1227,13465,547,234,197,23-05-2017
11234,1227,7197,851,197,3,16-05-2017
11235,1227,10674,501,474,84,13-05-2017
11236,1227,13379,296,6,166,26-05-2017
11237,1227,8967,426,329,187,12-05-2017
11238,1227,7946,900,385,168,25-05-2017
11239,1228,22724,2383,247,137,21-11-2017
11240,1228,15059,779,446,30,04-11-2017
11241,1228,7306,858,246,4,22-11-2017
11242,1228,23709,942,326,107,11-12-2017
11243,1228,4584,391,99,45,12-12-2017
11244,1228,15174,389,101,73,08-12-2017
11245,1228,7220,727,86,74,23-11-2017
11246,1228,20204,1781,367,34,15-11-2017
11247,1228,8509,173,106,62,03-12-2017
11248,1228,20586,2061,410,108,09-11-2017
11249,1228,21694,1423,387,17,04-12-2017
11250,1228,19593,2147,478,146,05-11-2017
11251,1228,14125,1413,77,100,30-11-2017
11252,1228,5377,500,446,38,14-11-2017
11253,1229,17483,563,239,89,25-07-2016
11254,1229,23219,1473,393,144,28-07-2016
11255,1229,10391,655,473,131,29-06-2016
11256,1229,7897,511,150,76,04-08-2016
11257,1229,3178,200,331,182,17-07-2016
11258,1229,4022,462,74,77,09-07-2016
11259,1229,11437,460,110,96,10-07-2016
11260,1229,16529,1560,480,185,06-07-2016
11261,1229,23938,2529,372,149,22-07-2016
11262,1229,6689,551,51,46,03-07-2016
11263,1229,12876,1108,455,14,13-07-2016
11264,1230,4233,408,405,108,19-12-2017
11265,1230,19506,454,3,58,18-12-2017
11266,1230,9470,413,389,195,31-12-2017
11267,1230,12491,257,337,138,29-12-2017
11268,1230,20934,974,277,75,21-12-2017
11269,1230,12963,907,38,90,30-12-2017
11270,1230,23179,710,404,105,26-12-2017
11271,1230,20736,2146,355,42,20-12-2017
11272,1231,7876,205,83,76,28-02-2017
11273,1231,4748,115,272,55,24-02-2017
11274,1231,7469,461,319,50,03-03-2017
11275,1231,11179,350,261,149,21-02-2017
11276,1231,20619,696,407,11,04-03-2017
11277,1231,22985,1703,476,124,19-02-2017
11278,1231,18589,1289,453,160,06-03-2017
11279,1231,16594,1778,347,62,22-02-2017
11280,1231,11661,774,99,140,20-02-2017
11281,1231,23137,1139,304,109,17-02-2017
11282,1231,16088,489,212,0,25-02-2017
11283,1231,21928,2456,33,6,23-02-2017
11284,1231,10088,559,341,108,18-02-2017
11285,1231,21618,1920,100,123,11-02-2017
11286,1232,17098,1009,488,108,08-12-2016
11287,1232,12664,332,477,136,05-12-2016
11288,1232,18253,1460,363,167,13-12-2016
11289,1232,11876,763,26,43,24-11-2016
11290,1232,14351,1625,470,137,01-12-2016
11291,1232,6385,737,245,27,28-12-2016
11292,1232,5505,438,32,37,20-12-2016
11293,1232,17366,1533,61,42,26-11-2016
11294,1232,6765,506,350,8,25-11-2016
11295,1232,5494,564,371,98,30-11-2016
11296,1232,23846,2691,343,168,27-12-2016
11297,1232,22808,670,425,191,10-12-2016
11298,1232,23142,2293,43,17,15-12-2016
11299,1232,3320,97,153,148,26-12-2016
11300,1233,14476,1278,253,97,30-11-2016
11301,1233,14482,424,106,145,07-12-2016
11302,1233,22412,889,446,101,06-12-2016
11303,1233,9082,394,397,128,02-12-2016
11304,1233,6601,180,446,199,01-12-2016
11305,1233,12279,1321,93,74,03-12-2016
11306,1233,20146,1052,183,32,08-12-2016
11307,1233,22570,1329,186,126,05-12-2016
11308,1233,4394,307,103,175,29-11-2016
11309,1233,9631,947,412,187,28-11-2016
11310,1233,9952,888,1,21,04-12-2016
11311,1234,21560,1863,56,11,11-08-2016
11312,1234,3480,276,499,184,16-08-2016
11313,1234,11716,949,152,107,13-08-2016
11314,1234,7635,230,340,155,07-08-2016
11315,1234,23814,2392,489,149,06-08-2016
11316,1234,21233,470,389,122,09-08-2016
11317,1234,16760,337,198,57,02-08-2016
11318,1234,13851,1021,101,197,03-08-2016
11319,1234,3425,202,76,4,15-08-2016
11320,1234,20989,1393,350,90,05-08-2016
11321,1234,15360,1135,240,160,31-07-2016
11322,1234,7071,445,473,130,08-08-2016
11323,1235,4783,458,195,50,07-10-2017
11324,1235,5231,446,480,23,04-10-2017
11325,1235,3354,188,440,137,28-09-2017
11326,1235,8310,985,150,136,05-10-2017
11327,1235,8746,786,67,3,02-10-2017
11328,1235,24284,1836,398,151,01-10-2017
11329,1236,3950,236,460,109,07-09-2017
11330,1236,22141,1307,234,179,09-09-2017
11331,1236,17562,813,130,187,13-09-2017
11332,1236,12697,327,261,97,02-09-2017
11333,1236,16326,1421,236,147,04-09-2017
11334,1236,18558,1243,357,88,05-09-2017
11335,1236,7330,641,248,31,01-09-2017
11336,1236,12848,1456,35,126,12-09-2017
11337,1236,11180,1204,49,197,03-09-2017
11338,1236,4687,127,419,126,15-09-2017
11339,1236,19043,1125,394,145,06-09-2017
11340,1237,7172,706,406,138,03-02-2018
11341,1237,8657,928,413,160,23-01-2018
11342,1237,20399,1711,374,102,11-01-2018
11343,1237,8981,682,22,13,15-01-2018
11344,1237,7482,631,333,22,08-01-2018
11345,1237,11464,827,0,179,10-01-2018
11346,1237,22102,2182,414,93,19-01-2018
11347,1237,10673,743,282,23,24-01-2018
11348,1237,7445,327,95,111,13-01-2018
11349,1237,16733,1481,195,158,25-01-2018
11350,1237,15947,786,273,6,01-02-2018
11351,1237,8951,1016,483,170,06-02-2018
11352,1237,11652,1208,495,5,22-01-2018
11353,1237,9392,926,311,186,05-02-2018
11354,1237,9155,1097,286,69,12-01-2018
11355,1238,6685,366,154,130,25-01-2017
11356,1238,13623,1054,198,139,20-01-2017
11357,1238,10263,355,21,145,05-02-2017
11358,1238,8975,685,121,184,07-01-2017
11359,1238,12603,1353,429,11,26-01-2017
11360,1238,18106,722,228,140,08-02-2017
11361,1238,7502,828,286,108,06-02-2017
11362,1238,3332,133,237,93,18-01-2017
11363,1239,24908,2937,379,79,11-05-2016
11364,1239,22508,2363,106,96,04-05-2016
11365,1239,3883,155,348,3,12-05-2016
11366,1239,24099,1682,316,116,07-05-2016
11367,1239,14591,813,56,198,11-06-2016
11368,1239,12139,683,472,15,12-06-2016
11369,1240,20771,2181,324,196,31-01-2016
11370,1240,21342,2487,197,161,19-02-2016
11371,1240,16021,1030,412,199,18-02-2016
11372,1240,13419,1544,139,17,08-02-2016
11373,1240,12475,1310,335,57,10-01-2016
11374,1240,6735,516,26,26,15-01-2016
11375,1241,23398,1169,349,93,05-04-2017
11376,1241,21906,1099,135,103,01-03-2017
11377,1241,18444,1242,59,12,28-02-2017
11378,1241,10826,276,374,36,13-03-2017
11379,1241,15824,518,105,102,28-03-2017
11380,1241,3745,162,330,8,07-04-2017
11381,1241,16856,1147,241,181,03-04-2017
11382,1241,12811,1282,194,7,16-03-2017
11383,1242,24364,1348,402,73,16-09-2016
11384,1242,16676,1345,209,144,18-09-2016
11385,1242,15594,322,153,103,30-09-2016
11386,1242,21987,1090,185,159,08-09-2016
11387,1242,6514,496,318,138,06-09-2016
11388,1242,21174,1926,253,35,03-09-2016
11389,1242,11446,689,143,47,05-09-2016
11390,1243,11003,849,314,117,10-06-2017
11391,1243,22178,566,66,155,21-06-2017
11392,1243,20087,1842,283,4,13-06-2017
11393,1243,23772,2109,111,127,12-06-2017
11394,1243,4026,406,108,9,19-06-2017
11395,1243,13646,1015,98,51,18-06-2017
11396,1244,13553,978,215,90,28-06-2017
11397,1244,15506,1727,232,8,14-07-2017
11398,1244,4244,452,379,118,09-07-2017
11399,1244,5270,496,404,155,19-07-2017
11400,1244,6869,144,307,54,07-07-2017
11401,1244,16335,662,455,35,15-07-2017
11402,1245,13189,810,304,13,10-01-2017
11403,1245,22096,1049,23,90,06-01-2017
11404,1245,8967,1047,464,53,27-01-2017
11405,1245,4429,287,332,34,20-01-2017
11406,1245,18625,1133,291,193,08-01-2017
11407,1245,19284,1395,30,192,17-01-2017
11408,1245,23688,896,224,57,07-01-2017
11409,1245,5510,559,321,161,12-01-2017
11410,1245,19181,1053,187,61,03-01-2017
11411,1245,23064,2523,74,51,22-01-2017
11412,1245,18388,2007,374,14,24-01-2017
11413,1245,22679,1697,15,194,15-01-2017
11414,1245,6858,327,201,134,21-01-2017
11415,1245,15699,1652,404,191,09-01-2017
11416,1245,24283,851,32,100,04-01-2017
11417,1246,12307,1436,376,16,30-10-2017
11418,1246,9084,456,62,128,01-11-2017
11419,1246,16242,1767,273,159,25-09-2017
11420,1246,16501,1749,292,39,16-10-2017
11421,1246,6131,145,45,145,28-10-2017
11422,1246,19547,986,475,46,25-10-2017
11423,1246,18175,2124,301,139,06-10-2017
11424,1246,23636,882,362,140,29-10-2017
11425,1247,15212,1147,13,51,01-11-2017
11426,1247,4003,307,148,198,12-11-2017
11427,1247,7909,924,408,34,05-11-2017
11428,1247,5864,331,309,105,03-11-2017
11429,1247,4425,120,475,119,04-11-2017
11430,1247,4603,517,188,146,02-11-2017
11431,1247,14647,446,386,174,09-11-2017
11432,1247,7484,371,449,140,13-11-2017
11433,1247,17241,1710,67,181,30-10-2017
11434,1247,11733,491,425,138,10-11-2017
11435,1247,5867,557,451,106,07-11-2017
11436,1247,13650,721,473,174,08-11-2017
11437,1247,17850,1269,198,119,06-11-2017
11438,1247,5326,575,441,87,11-11-2017
11439,1247,21824,2333,349,112,31-10-2017
11440,1248,3818,231,107,185,22-04-2017
11441,1248,10948,719,205,25,14-04-2017
11442,1248,6449,282,225,24,18-04-2017
11443,1248,14772,1391,10,40,20-04-2017
11444,1248,5424,552,44,150,19-04-2017
11445,1248,8355,202,344,69,15-04-2017
11446,1249,13720,639,368,164,17-06-2016
11447,1249,11971,376,212,199,01-06-2016
11448,1249,12108,586,259,92,09-06-2016
11449,1249,6741,739,71,87,13-06-2016
11450,1249,7420,669,14,178,14-06-2016
11451,1249,11822,522,45,117,15-06-2016
11452,1249,7306,735,415,197,07-06-2016
11453,1249,22582,1777,280,53,11-06-2016
11454,1249,14280,1304,103,95,10-06-2016
11455,1249,8722,747,257,105,02-06-2016
11456,1249,15622,528,76,179,16-06-2016
11457,1249,13177,333,90,69,04-06-2016
11458,1249,17952,1973,252,105,06-06-2016
11459,1250,12232,1439,126,128,28-03-2017
11460,1250,19355,552,495,122,19-03-2017
11461,1250,8745,305,15,181,16-03-2017
11462,1250,18460,1225,362,156,12-03-2017
11463,1250,5432,415,228,73,22-03-2017
11464,1250,22277,2111,2,114,13-03-2017
11465,1250,8667,930,389,0,15-03-2017
11466,1250,18170,1534,385,119,21-03-2017
11467,1251,21175,649,306,93,22-03-2017
11468,1251,20011,2122,360,98,19-03-2017
11469,1251,3423,307,158,39,09-03-2017
11470,1251,10810,934,317,52,15-03-2017
11471,1251,20171,1193,346,189,13-03-2017
11472,1251,8344,273,459,45,17-03-2017
11473,1251,10385,717,296,4,12-03-2017
11474,1251,15136,1017,103,141,14-03-2017
11475,1251,20669,1354,414,51,11-03-2017
11476,1251,21603,1813,72,126,18-03-2017
11477,1251,19541,1421,119,40,10-03-2017
11478,1251,4195,139,388,18,21-03-2017
11479,1251,15445,1237,443,155,20-03-2017
11480,1251,21977,2089,138,31,16-03-2017
11481,1252,24404,1900,218,105,27-03-2016
11482,1252,12387,562,215,184,06-04-2016
11483,1252,24998,1199,247,37,09-04-2016
11484,1252,18385,1200,466,100,02-04-2016
11485,1252,17086,1731,475,112,31-03-2016
11486,1252,10698,606,387,73,12-04-2016
11487,1252,12959,1327,482,94,17-03-2016
11488,1252,19583,536,124,70,25-03-2016
11489,1252,20929,1156,57,84,11-04-2016
11490,1252,9614,631,24,53,28-03-2016
11491,1252,19216,657,158,165,16-03-2016
11492,1252,19061,2218,80,18,23-03-2016
11493,1252,4861,138,24,92,21-03-2016
11494,1252,20852,869,185,77,24-03-2016
11495,1252,23842,1563,49,50,07-04-2016
11496,1253,10968,695,413,14,02-06-2016
11497,1253,22032,2484,79,131,26-05-2016
11498,1253,24739,494,466,31,27-05-2016
11499,1253,18854,760,193,21,31-05-2016
11500,1253,18772,702,237,42,01-06-2016
11501,1253,4567,182,97,46,30-05-2016
11502,1253,14202,563,272,83,25-05-2016
11503,1253,12739,1037,220,178,24-05-2016
11504,1253,23903,2210,4,108,03-06-2016
11505,1253,14970,706,164,37,23-05-2016
11506,1253,21982,468,208,181,29-05-2016
11507,1253,11714,986,1,173,28-05-2016
11508,1254,8978,1047,407,59,14-11-2016
11509,1254,19724,1935,441,190,11-11-2016
11510,1254,17221,525,382,65,16-11-2016
11511,1254,24146,838,135,136,23-11-2016
11512,1254,4402,378,479,39,18-11-2016
11513,1254,20635,2192,342,74,10-11-2016
11514,1254,10355,353,236,65,13-11-2016
11515,1254,23636,2685,379,147,17-11-2016
11516,1254,9934,1188,294,16,19-11-2016
11517,1254,14411,1714,73,81,12-11-2016
11518,1254,8798,276,476,22,20-11-2016
11519,1254,14797,1180,3,56,25-11-2016
11520,1254,20133,2081,385,174,15-11-2016
11521,1254,5439,623,440,31,24-11-2016
11522,1254,12909,276,71,108,21-11-2016
11523,1255,13664,826,264,176,28-02-2016
11524,1255,8305,972,485,177,26-02-2016
11525,1255,9471,578,234,50,01-03-2016
11526,1255,20503,2192,11,2,07-03-2016
11527,1255,12804,1468,242,23,25-02-2016
11528,1255,14918,1294,254,138,03-03-2016
11529,1255,8074,223,16,0,24-02-2016
11530,1255,3681,137,429,23,04-03-2016
11531,1255,4101,397,59,63,02-03-2016
11532,1255,23420,2044,397,22,27-02-2016
11533,1255,5487,510,72,145,05-03-2016
11534,1255,15750,1731,162,66,06-03-2016
11535,1256,22413,1101,243,199,08-12-2016
11536,1256,10760,519,441,16,04-12-2016
11537,1256,13877,1040,191,159,29-11-2016
11538,1256,15962,752,476,69,13-12-2016
11539,1256,20557,2319,263,125,01-12-2016
11540,1256,13762,1427,249,13,22-12-2016
11541,1256,16171,1851,373,130,23-11-2016
11542,1256,21825,615,228,79,10-12-2016
11543,1256,17581,1315,446,21,24-11-2016
11544,1256,24648,1854,171,80,18-12-2016
11545,1256,7995,599,323,149,20-11-2016
11546,1256,3569,181,152,89,22-11-2016
11547,1256,9280,908,426,183,12-12-2016
11548,1257,15184,1758,452,104,03-04-2017
11549,1257,17652,371,163,170,23-03-2017
11550,1257,17757,649,7,167,24-03-2017
11551,1257,14455,1196,36,189,30-03-2017
11552,1257,6335,745,55,11,28-03-2017
11553,1257,21306,1956,166,126,29-03-2017
11554,1257,16647,857,379,7,20-03-2017
11555,1257,6774,704,341,130,25-03-2017
11556,1257,4456,120,415,146,26-03-2017
11557,1257,17822,2054,87,56,27-03-2017
11558,1258,24533,2773,34,193,05-06-2017
11559,1258,20833,1679,107,53,17-05-2017
11560,1258,10941,1125,169,44,11-06-2017
11561,1258,11215,1068,399,2,09-06-2017
11562,1258,10428,554,77,75,12-05-2017
11563,1258,4488,471,398,199,15-05-2017
11564,1258,20360,2195,310,173,14-05-2017
11565,1258,12631,1341,426,87,02-05-2017
11566,1258,23673,2586,297,137,18-05-2017
11567,1258,24601,1655,127,43,10-05-2017
11568,1258,7212,413,155,17,05-05-2017
11569,1258,5691,580,128,112,11-05-2017
11570,1259,14764,1553,5,63,15-08-2017
11571,1259,21928,1572,128,181,16-08-2017
11572,1259,14685,1607,454,69,03-09-2017
11573,1259,12405,1383,433,117,11-08-2017
11574,1259,12128,506,273,178,21-08-2017
11575,1260,3638,383,218,28,15-07-2016
11576,1260,19147,1857,181,12,23-07-2016
11577,1260,3094,67,286,87,26-07-2016
11578,1260,11924,578,87,130,25-07-2016
11579,1260,19676,650,281,83,01-08-2016
11580,1260,3078,131,480,120,28-07-2016
11581,1260,21583,1366,66,90,24-07-2016
11582,1260,23959,2758,112,31,16-07-2016
11583,1261,17935,419,209,38,27-03-2017
11584,1261,7179,226,294,42,22-03-2017
11585,1261,8970,267,139,197,04-04-2017
11586,1261,20631,1634,275,186,21-03-2017
11587,1261,6360,331,268,3,13-03-2017
11588,1261,16997,1859,41,194,03-04-2017
11589,1261,24594,1887,346,61,01-04-2017
11590,1261,20450,1149,146,94,28-03-2017
11591,1261,21297,1622,381,146,16-03-2017
11592,1262,24902,2084,476,18,12-07-2017
11593,1262,18993,1021,486,136,26-07-2017
11594,1262,7010,286,245,190,13-07-2017
11595,1262,22386,842,419,68,19-07-2017
11596,1262,15532,808,22,50,25-07-2017
11597,1262,22722,2377,14,71,10-07-2017
11598,1262,15606,467,359,153,20-07-2017
11599,1262,10003,577,113,128,01-08-2017
11600,1263,6213,492,225,15,28-06-2017
11601,1263,24943,1629,392,1,25-06-2017
11602,1263,9993,697,112,100,24-06-2017
11603,1263,4862,522,322,102,21-06-2017
11604,1263,15044,1409,459,118,23-06-2017
11605,1263,13754,1595,157,4,26-06-2017
11606,1263,23766,1218,316,49,27-06-2017
11607,1263,15813,536,85,142,22-06-2017
11608,1264,17097,1519,428,191,11-07-2017
11609,1264,10618,346,5,30,13-07-2017
11610,1264,24506,726,430,13,05-07-2017
11611,1264,12707,375,75,85,26-06-2017
11612,1264,6317,522,354,199,08-07-2017
11613,1264,19648,1560,208,63,29-06-2017
11614,1264,23335,2742,257,161,14-07-2017
11615,1264,14814,772,133,150,17-06-2017
11616,1264,14748,940,243,120,18-06-2017
11617,1264,22469,1338,300,182,24-06-2017
11618,1265,18595,1989,122,119,26-05-2016
11619,1265,21851,1168,3,6,03-06-2016
11620,1265,15978,1545,440,114,29-05-2016
11621,1265,7069,601,333,62,09-06-2016
11622,1265,13979,1638,366,100,02-06-2016
11623,1265,14602,1734,3,101,27-05-2016
11624,1265,11516,712,419,164,07-06-2016
11625,1265,22952,910,482,187,24-05-2016
11626,1265,21684,1368,357,68,28-05-2016
11627,1265,19437,1135,85,63,30-05-2016
11628,1265,13554,448,179,104,08-06-2016
11629,1265,14880,412,258,178,11-06-2016
11630,1265,21310,2505,141,24,25-05-2016
11631,1265,15414,1371,317,2,01-06-2016
11632,1266,9159,851,194,183,30-10-2017
11633,1266,20947,1624,449,48,02-11-2017
11634,1266,13192,569,252,173,06-11-2017
11635,1266,10722,1080,137,110,27-10-2017
11636,1266,22118,1105,457,131,24-10-2017
11637,1266,8959,228,402,175,29-10-2017
11638,1266,17729,1058,286,152,21-10-2017
11639,1266,6290,696,57,28,22-10-2017
11640,1266,18818,1989,3,41,23-10-2017
11641,1266,19371,1073,158,178,03-11-2017
11642,1266,11253,854,470,63,01-11-2017
11643,1266,12026,312,36,23,07-11-2017
11644,1267,9971,458,232,168,01-12-2016
11645,1267,6787,772,89,54,04-12-2016
11646,1267,13321,567,91,78,13-12-2016
11647,1267,23793,1897,293,168,07-12-2016
11648,1267,13798,712,440,181,09-12-2016
11649,1267,23115,669,326,87,02-12-2016
11650,1267,12685,1334,179,62,17-12-2016
11651,1268,20887,1240,280,12,28-02-2016
11652,1268,11722,1308,362,68,02-04-2016
11653,1268,15692,1293,426,70,10-03-2016
11654,1268,6152,577,407,72,20-02-2016
11655,1268,7573,521,364,45,07-03-2016
11656,1268,13070,933,343,162,31-03-2016
11657,1268,20424,1207,434,108,04-04-2016
11658,1268,17036,1220,188,164,22-03-2016
11659,1268,18492,2183,72,136,12-03-2016
11660,1269,12917,1072,119,74,26-05-2017
11661,1269,12495,336,182,61,01-06-2017
11662,1269,7325,672,333,160,02-06-2017
11663,1269,17750,968,324,142,24-05-2017
11664,1269,5940,589,253,5,25-05-2017
11665,1269,17125,1953,67,0,31-05-2017
11666,1269,8696,286,357,89,29-05-2017
11667,1269,8715,287,122,143,28-05-2017
11668,1269,10229,1197,469,197,27-05-2017
11669,1269,21404,991,14,18,30-05-2017
11670,1270,16768,1719,210,13,21-03-2017
11671,1270,3622,137,130,103,27-03-2017
11672,1270,16999,720,34,57,25-03-2017
11673,1270,21635,500,186,111,26-03-2017
11674,1270,5023,502,377,193,11-03-2017
11675,1270,8315,637,124,19,29-03-2017
11676,1270,22508,1771,181,167,17-03-2017
11677,1270,23257,790,205,193,09-03-2017
11678,1270,6235,357,180,105,02-04-2017
11679,1270,14981,348,450,122,13-03-2017
11680,1270,11285,956,484,17,12-03-2017
11681,1270,8104,969,4,175,10-03-2017
11682,1270,10780,697,214,46,01-04-2017
11683,1270,4461,194,328,56,16-03-2017
11684,1271,7169,763,426,48,26-04-2017
11685,1271,22206,2097,199,22,02-05-2017
11686,1271,6750,197,436,106,27-04-2017
11687,1271,11735,690,401,86,29-04-2017
11688,1271,3036,317,460,26,13-05-2017
11689,1271,14428,296,417,116,01-05-2017
11690,1271,12712,1297,363,148,09-05-2017
11691,1272,21594,737,412,150,03-03-2016
11692,1272,3946,258,212,113,26-03-2016
11693,1272,14582,1040,257,17,02-03-2016
11694,1272,24925,2018,152,160,11-04-2016
11695,1272,6552,736,427,133,23-03-2016
11696,1272,19853,1642,374,118,17-03-2016
11697,1272,8837,564,490,186,29-03-2016
11698,1272,17025,1924,137,6,15-03-2016
11699,1273,17634,1169,26,180,31-05-2017
11700,1273,24258,1589,141,18,11-06-2017
11701,1273,20099,2124,235,2,06-06-2017
11702,1273,16217,738,243,27,04-06-2017
11703,1273,10019,303,68,19,02-06-2017
11704,1273,4267,427,264,188,07-06-2017
11705,1273,5669,134,3,73,10-06-2017
11706,1274,13221,622,362,91,23-07-2017
11707,1274,8208,630,334,186,24-07-2017
11708,1274,18932,596,261,175,17-07-2017
11709,1274,16908,575,112,175,29-07-2017
11710,1274,22607,1441,217,196,21-07-2017
11711,1274,6780,340,299,100,22-07-2017
11712,1274,11546,651,375,136,02-08-2017
11713,1274,23780,1750,428,24,01-08-2017
11714,1274,18514,1066,61,122,19-07-2017
11715,1274,8736,472,290,91,03-08-2017
11716,1274,11795,1341,495,140,14-07-2017
11717,1274,16479,778,240,7,18-07-2017
11718,1274,17317,1350,476,63,15-07-2017
11719,1275,14599,1161,271,43,24-11-2017
11720,1275,9574,596,427,1,11-12-2017
11721,1275,7512,678,219,54,18-12-2017
11722,1275,13046,261,345,59,13-12-2017
11723,1275,14626,983,490,185,03-12-2017
11724,1275,3067,164,27,78,09-12-2017
11725,1275,12706,1484,104,100,17-12-2017
11726,1275,4786,171,420,19,21-11-2017
11727,1275,14922,1475,98,138,04-12-2017
11728,1275,21560,1900,260,193,02-12-2017
11729,1275,12014,1239,201,90,26-11-2017
11730,1275,3814,369,311,177,10-12-2017
11731,1275,7186,665,29,156,05-12-2017
11732,1275,19373,1807,399,142,08-12-2017
11733,1276,8044,819,476,199,14-01-2017
11734,1276,18444,1752,416,184,19-01-2017
11735,1276,20483,1292,114,74,12-01-2017
11736,1276,13391,635,180,86,13-01-2017
11737,1276,7278,751,42,134,08-01-2017
11738,1276,19258,1436,413,195,18-01-2017
11739,1276,4811,152,30,65,10-01-2017
11740,1276,17825,1632,399,83,07-01-2017
11741,1276,23996,1298,155,48,23-01-2017
11742,1276,16942,1016,298,82,15-01-2017
11743,1276,16216,473,265,149,06-01-2017
11744,1276,21728,1439,166,169,11-01-2017
11745,1276,22600,792,217,48,17-01-2017
11746,1276,14531,1523,31,88,20-01-2017
11747,1276,3649,353,371,2,09-01-2017
11748,1277,10824,1249,239,146,24-06-2017
11749,1277,4252,194,285,76,19-06-2017
11750,1277,17892,1174,325,121,29-06-2017
11751,1277,18635,729,177,104,21-06-2017
11752,1277,16597,1300,477,66,04-07-2017
11753,1277,21828,711,421,178,28-06-2017
11754,1277,7919,806,110,47,30-06-2017
11755,1277,21230,1117,454,15,14-07-2017
11756,1277,4764,183,445,153,06-07-2017
11757,1277,20680,788,278,22,09-07-2017
11758,1277,22026,838,239,153,22-06-2017
11759,1277,21701,2471,436,106,27-06-2017
11760,1277,5667,115,233,125,26-06-2017
11761,1277,10749,596,46,64,07-07-2017
11762,1277,18669,900,360,123,03-07-2017
11763,1278,13620,1185,66,13,14-06-2016
11764,1278,7018,252,451,110,23-06-2016
11765,1278,19302,1977,28,166,17-06-2016
11766,1278,21794,1935,37,100,21-06-2016
11767,1278,8464,197,198,199,06-06-2016
11768,1278,7203,676,496,103,24-06-2016
11769,1279,13603,1409,325,73,20-02-2017
11770,1279,9586,238,167,54,02-03-2017
11771,1279,3085,119,489,154,27-02-2017
11772,1279,9905,639,63,80,10-03-2017
11773,1279,12339,547,445,8,21-02-2017
11774,1279,12869,879,230,196,11-03-2017
11775,1279,13250,341,482,147,09-03-2017
11776,1279,11890,1336,300,176,04-03-2017
11777,1279,17732,1872,120,199,06-03-2017
11778,1279,18644,1886,25,67,24-02-2017
11779,1279,17622,633,419,176,07-03-2017
11780,1279,23690,712,125,35,22-02-2017
11781,1279,24339,2170,277,162,03-03-2017
11782,1279,8940,433,7,121,05-03-2017
11783,1280,11068,771,232,188,06-06-2016
11784,1280,20883,2332,25,135,25-05-2016
11785,1280,3372,394,214,95,07-06-2016
11786,1280,19855,1494,174,43,30-05-2016
11787,1280,24264,1600,276,53,04-06-2016
11788,1280,16358,429,137,182,02-06-2016
11789,1280,15857,1036,447,36,24-05-2016
11790,1280,5893,602,147,121,17-06-2016
11791,1280,3088,295,197,84,27-05-2016
11792,1281,3582,95,389,18,13-09-2016
11793,1281,10257,463,34,63,15-09-2016
11794,1281,14089,429,67,43,10-09-2016
11795,1281,23151,727,36,177,04-09-2016
11796,1281,3534,259,470,187,06-09-2016
11797,1281,16755,791,313,18,11-09-2016
11798,1281,17498,541,443,131,07-09-2016
11799,1281,22477,741,97,49,16-09-2016
11800,1281,24657,2399,272,65,03-09-2016
11801,1281,5219,116,256,184,12-09-2016
11802,1281,20034,2072,373,1,09-09-2016
11803,1282,8460,476,286,48,22-10-2017
11804,1282,24862,2002,242,122,04-11-2017
11805,1282,22752,1474,305,127,06-11-2017
11806,1282,21089,2148,170,31,03-11-2017
11807,1282,3055,176,493,61,20-10-2017
11808,1282,10471,639,112,43,26-10-2017
11809,1283,10896,366,87,63,05-01-2018
11810,1283,13345,296,30,149,30-12-2017
11811,1283,23255,2170,412,174,12-01-2018
11812,1283,16892,1129,496,126,04-01-2018
11813,1283,4331,163,114,159,10-01-2018
11814,1283,24162,2215,409,34,01-01-2018
11815,1283,14561,435,54,81,02-01-2018
11816,1283,7542,226,344,88,11-01-2018
11817,1283,4297,187,126,136,09-01-2018
11818,1283,19443,856,77,53,03-01-2018
11819,1283,17097,1187,33,47,07-01-2018
11820,1284,18175,1010,267,112,12-02-2017
11821,1284,7222,230,483,164,13-02-2017
11822,1284,19741,1103,278,66,14-02-2017
11823,1284,4289,172,250,110,10-02-2017
11824,1284,21647,1441,312,141,09-02-2017
11825,1284,20469,1447,366,179,08-02-2017
11826,1284,17244,442,432,174,15-02-2017
11827,1284,7941,190,301,86,11-02-2017
11828,1285,5067,564,62,34,25-10-2017
11829,1285,16963,1708,133,85,28-10-2017
11830,1285,18399,2186,2,13,20-10-2017
11831,1285,22157,935,4,151,12-10-2017
11832,1285,12740,1010,374,48,22-10-2017
11833,1286,10343,1068,259,8,05-10-2017
11834,1286,23539,1809,162,30,01-10-2017
11835,1286,21049,1819,437,27,29-09-2017
11836,1286,18876,398,357,120,07-10-2017
11837,1286,10097,334,449,2,03-10-2017
11838,1286,15270,1468,92,2,02-10-2017
11839,1286,16806,1277,107,23,28-09-2017
11840,1286,23813,1324,195,92,04-10-2017
11841,1286,10617,936,169,158,06-10-2017
11842,1287,17709,1313,320,168,06-03-2016
11843,1287,22846,602,259,93,27-02-2016
11844,1287,19216,1746,407,102,28-02-2016
11845,1287,3347,348,406,76,14-03-2016
11846,1287,9265,360,213,30,07-03-2016
11847,1287,19692,1084,481,120,21-02-2016
11848,1287,17619,2014,337,174,19-03-2016
11849,1287,23622,2323,440,183,14-02-2016
11850,1287,16729,1861,339,49,03-03-2016
11851,1287,24677,1474,423,149,10-02-2016
11852,1287,9526,1028,11,91,18-02-2016
11853,1287,24093,2282,240,18,04-03-2016
11854,1287,15689,1246,233,135,16-03-2016
11855,1288,16494,378,337,28,01-08-2016
11856,1288,13187,1003,282,183,23-07-2016
11857,1288,18424,1179,461,197,21-07-2016
11858,1288,20609,2221,226,107,02-08-2016
11859,1288,8495,489,166,65,24-07-2016
11860,1288,20960,1761,117,165,05-08-2016
11861,1288,21013,2108,156,10,31-07-2016
11862,1288,13736,706,82,40,07-08-2016
11863,1288,20525,2168,360,147,03-08-2016
11864,1288,7524,480,170,185,06-08-2016
11865,1288,20443,2350,64,28,27-07-2016
11866,1288,9944,265,415,175,25-07-2016
11867,1288,19293,816,101,168,30-07-2016
11868,1288,13358,678,187,145,29-07-2016
11869,1289,23319,2657,230,116,25-01-2017
11870,1289,17633,700,53,165,23-01-2017
11871,1289,14563,704,156,126,16-01-2017
11872,1289,23229,1827,162,69,27-01-2017
11873,1289,18514,1252,471,166,21-01-2017
11874,1289,23965,743,2,30,11-01-2017
11875,1289,11674,1034,235,38,09-01-2017
11876,1289,23684,1939,347,107,07-01-2017
11877,1290,10808,838,203,2,29-08-2016
11878,1290,17115,1675,164,40,25-09-2016
11879,1290,19885,2281,190,197,24-09-2016
11880,1290,7725,185,10,173,15-09-2016
11881,1290,9178,290,430,147,13-09-2016
11882,1290,6940,501,461,172,08-09-2016
11883,1290,9496,436,415,25,03-09-2016
11884,1290,6309,165,272,160,01-09-2016
11885,1290,9897,288,104,140,16-09-2016
11886,1291,15194,1535,117,80,01-06-2017
11887,1291,4455,154,101,108,07-06-2017
11888,1291,9400,406,217,35,02-06-2017
11889,1291,22256,705,187,122,15-06-2017
11890,1291,21940,1910,405,170,04-06-2017
11891,1291,11469,737,83,176,12-06-2017
11892,1291,22268,981,92,138,19-06-2017
11893,1291,18181,1321,301,141,22-06-2017
11894,1291,13415,446,224,63,16-06-2017
11895,1292,19746,1870,213,1,03-08-2016
11896,1292,11438,947,208,44,10-08-2016
11897,1292,8850,783,234,122,16-07-2016
11898,1292,15533,1490,424,107,08-08-2016
11899,1292,7877,850,380,181,26-08-2016
11900,1292,18561,732,349,178,04-08-2016
11901,1292,9379,468,271,174,21-08-2016
11902,1292,7865,265,235,106,13-08-2016
11903,1292,4933,416,330,144,14-08-2016
11904,1292,22936,733,418,106,02-08-2016
11905,1292,12787,1052,479,135,19-07-2016
11906,1292,14990,980,34,165,21-07-2016
11907,1292,23143,2767,87,56,20-08-2016
11908,1292,3962,403,360,26,05-08-2016
11909,1293,17997,2097,17,10,17-09-2017
11910,1293,4678,257,158,165,09-10-2017
11911,1293,19744,694,149,149,16-09-2017
11912,1293,12942,908,50,184,13-10-2017
11913,1293,8437,487,77,108,11-10-2017
11914,1293,4341,326,403,12,20-09-2017
11915,1293,17840,1578,98,192,15-09-2017
11916,1293,20370,828,110,197,26-09-2017
11917,1293,17781,651,138,182,06-10-2017
11918,1293,5192,593,27,135,11-09-2017
11919,1293,24294,647,235,187,19-09-2017
11920,1293,12122,518,191,137,05-10-2017
11921,1293,24883,578,396,138,04-10-2017
11922,1294,7062,759,58,87,27-06-2016
11923,1294,18062,1773,487,199,22-06-2016
11924,1294,3754,390,194,134,07-07-2016
11925,1294,22333,1673,497,36,01-07-2016
11926,1294,17931,781,347,198,19-06-2016
11927,1294,10805,686,165,68,04-07-2016
11928,1295,19225,832,404,148,02-03-2016
11929,1295,14160,1170,412,9,09-03-2016
11930,1295,15154,1596,141,59,18-03-2016
11931,1295,14847,555,263,78,11-03-2016
11932,1295,13417,911,307,162,25-02-2016
11933,1295,16772,1818,50,90,24-02-2016
11934,1295,23079,1108,140,186,28-02-2016
11935,1295,8692,327,111,170,13-03-2016
11936,1295,24323,2194,213,139,29-02-2016
11937,1295,17913,1254,66,169,01-03-2016
11938,1295,24191,1768,269,63,07-03-2016
11939,1295,24354,2297,85,66,10-03-2016
11940,1295,8542,738,309,125,17-03-2016
11941,1295,10981,1190,178,55,14-03-2016
11942,1295,10073,1053,7,121,12-03-2016
11943,1296,17451,1537,409,35,17-11-2016
11944,1296,13536,1154,191,178,18-11-2016
11945,1296,23459,1368,66,107,16-11-2016
11946,1296,23297,708,15,76,07-11-2016
11947,1296,14550,604,167,34,20-11-2016
11948,1296,17715,1471,239,192,11-11-2016
11949,1296,11418,491,113,144,14-11-2016
11950,1296,21957,2325,1,66,13-11-2016
11951,1296,17288,1298,476,23,23-11-2016
11952,1296,6716,329,413,99,25-11-2016
11953,1296,12574,1048,65,47,15-11-2016
11954,1296,16888,1661,305,1,24-11-2016
11955,1296,18600,540,482,191,09-11-2016
11956,1296,18546,766,394,79,12-11-2016
11957,1296,17415,890,315,194,19-11-2016
11958,1297,6954,309,258,96,05-02-2016
11959,1297,5641,330,16,194,03-02-2016
11960,1297,15573,467,397,103,25-01-2016
11961,1297,7212,284,269,32,26-01-2016
11962,1297,6569,722,93,25,28-01-2016
11963,1297,19854,620,259,59,15-02-2016
11964,1297,3826,87,85,35,14-02-2016
11965,1297,6182,276,343,40,09-02-2016
11966,1298,24347,1970,310,50,10-09-2017
11967,1298,22179,633,468,7,15-09-2017
11968,1298,8970,496,14,24,07-09-2017
11969,1298,17507,1286,351,20,11-09-2017
11970,1298,16325,1124,479,51,09-09-2017
11971,1298,23252,1231,468,33,12-09-2017
11972,1298,11939,800,363,22,08-09-2017
11973,1298,22195,715,485,181,14-09-2017
11974,1298,9907,416,458,127,13-09-2017
11975,1298,7686,703,473,115,16-09-2017
11976,1299,8361,733,9,147,11-05-2016
11977,1299,15126,1180,25,21,10-05-2016
11978,1299,5883,540,465,185,06-05-2016
11979,1299,12662,777,443,100,18-05-2016
11980,1299,17962,1660,461,28,03-05-2016
11981,1299,21215,907,376,152,23-05-2016
11982,1299,9895,921,117,168,21-05-2016
11983,1299,7496,239,382,68,07-05-2016
11984,1299,18762,1201,497,153,09-05-2016
11985,1299,7922,836,52,127,19-05-2016
11986,1299,11989,1051,155,105,13-05-2016
11987,1299,3361,288,297,83,08-05-2016
11988,1300,3689,87,180,94,07-04-2016
11989,1300,21406,1257,147,22,24-03-2016
11990,1300,17995,713,94,101,13-04-2016
11991,1300,12846,413,92,20,29-03-2016
11992,1300,15601,1015,8,137,21-04-2016
11993,1300,19950,1957,254,153,10-04-2016
11994,1300,21216,924,112,151,01-04-2016
11995,1300,17825,1812,363,154,30-03-2016
11996,1300,15547,1244,491,37,12-04-2016
11997,1300,4226,434,43,0,18-04-2016
11998,1300,20382,1107,50,161,19-04-2016
11999,1300,5340,165,142,80,23-03-2016
12000,1301,19531,1567,48,70,11-05-2017
12001,1301,19164,1872,390,69,08-05-2017
12002,1301,22693,2316,137,198,09-05-2017
12003,1301,20687,1219,474,144,10-05-2017
12004,1301,3354,140,134,183,13-05-2017
12005,1301,9495,819,69,122,14-05-2017
12006,1301,7988,402,41,137,16-05-2017
12007,1301,11240,468,173,37,12-05-2017
12008,1302,21902,1721,364,91,31-05-2017
12009,1302,10345,1162,402,12,25-05-2017
12010,1302,24881,2272,363,184,14-05-2017
12011,1302,15532,378,473,34,03-06-2017
12012,1302,20342,2204,296,0,01-06-2017
12013,1302,20125,570,381,22,18-05-2017
12014,1303,20137,1948,218,111,04-01-2017
12015,1303,14866,1476,122,89,30-12-2016
12016,1303,14926,674,476,34,01-01-2017
12017,1303,7743,667,202,17,06-01-2017
12018,1303,8781,730,431,87,10-01-2017
12019,1304,8869,229,185,108,26-12-2016
12020,1304,14154,377,413,53,30-12-2016
12021,1304,22125,2463,17,20,16-12-2016
12022,1304,24393,2419,220,56,02-12-2016
12023,1304,19222,2176,386,6,09-12-2016
12024,1304,24404,1833,181,132,25-12-2016
12025,1304,19761,1716,307,135,02-01-2017
12026,1304,22888,1922,199,137,04-01-2017
12027,1304,17678,2121,259,43,14-12-2016
12028,1304,11702,966,40,85,01-12-2016
12029,1304,17533,1851,253,165,31-12-2016
12030,1304,20697,1648,139,194,17-12-2016
12031,1305,24206,2069,70,199,26-11-2016
12032,1305,8082,489,95,120,28-11-2016
12033,1305,15069,574,413,36,05-12-2016
12034,1305,4327,405,431,109,02-12-2016
12035,1305,18680,1975,15,24,01-12-2016
12036,1305,9699,440,187,150,29-11-2016
12037,1305,22514,2214,395,160,04-12-2016
12038,1305,8098,839,408,167,03-12-2016
12039,1305,24784,2540,348,31,27-11-2016
12040,1305,24142,2592,370,110,30-11-2016
12041,1306,23935,1344,233,94,27-11-2016
12042,1306,17952,1556,178,72,01-12-2016
12043,1306,4323,342,172,100,13-12-2016
12044,1306,14607,1313,414,194,03-12-2016
12045,1306,19136,516,378,115,28-11-2016
12046,1306,5791,299,72,45,11-12-2016
12047,1306,15255,1593,475,180,29-11-2016
12048,1306,20520,1144,413,19,02-12-2016
12049,1306,8714,1041,272,92,10-12-2016
12050,1306,5099,166,213,176,12-12-2016
12051,1306,18898,875,332,85,26-11-2016
12052,1306,23516,1526,289,43,06-12-2016
12053,1306,15647,493,71,81,25-11-2016
12054,1307,7433,870,155,70,21-07-2016
12055,1307,6125,215,196,47,11-07-2016
12056,1307,11158,551,258,24,19-07-2016
12057,1307,16183,1826,42,20,08-08-2016
12058,1307,23847,2293,3,94,16-07-2016
12059,1307,7867,386,289,90,01-08-2016
12060,1307,24791,2015,264,34,14-07-2016
12061,1307,9957,335,364,153,12-07-2016
12062,1307,3504,145,131,88,24-07-2016
12063,1307,3011,136,91,24,06-07-2016
12064,1307,8972,426,120,125,13-07-2016
12065,1307,8296,174,396,107,04-07-2016
12066,1307,17309,1015,464,142,02-08-2016
12067,1307,14543,1565,167,169,07-07-2016
12068,1308,20615,2239,195,74,23-01-2016
12069,1308,22128,1822,29,41,01-02-2016
12070,1308,3050,119,35,156,18-01-2016
12071,1308,11457,401,29,152,25-01-2016
12072,1308,12042,1051,359,4,28-01-2016
12073,1308,6095,717,62,5,16-01-2016
12074,1308,14455,960,190,157,20-01-2016
12075,1308,10278,569,208,146,21-01-2016
12076,1308,13007,557,177,52,29-01-2016
12077,1308,4202,462,489,22,31-01-2016
12078,1308,14899,679,127,6,24-01-2016
12079,1309,12799,1136,472,153,29-09-2017
12080,1309,10570,1238,48,117,03-10-2017
12081,1309,10289,457,273,7,13-09-2017
12082,1309,15380,985,481,23,20-09-2017
12083,1309,16492,659,124,37,26-09-2017
12084,1309,18705,1758,293,72,22-09-2017
12085,1309,17800,1052,153,26,17-09-2017
12086,1309,7114,245,103,191,06-10-2017
12087,1309,20379,1589,336,25,15-09-2017
12088,1309,20200,2380,224,51,18-09-2017
12089,1309,15518,470,32,95,14-09-2017
12090,1309,23499,1772,350,25,24-09-2017
12091,1309,19950,2294,106,165,02-10-2017
12092,1309,15429,1176,327,166,21-09-2017
12093,1309,22224,1591,278,58,16-09-2017
12094,1310,13827,1566,221,187,13-01-2017
12095,1310,4772,298,278,12,25-01-2017
12096,1310,13715,1169,298,196,05-02-2017
12097,1310,19479,1800,471,68,27-01-2017
12098,1310,10966,400,18,134,07-01-2017
12099,1310,22349,1391,340,91,06-02-2017
12100,1310,4814,269,120,102,09-02-2017
12101,1310,16824,1119,12,150,12-01-2017
12102,1310,17625,1356,187,198,31-01-2017
12103,1310,24772,1726,146,172,03-02-2017
12104,1310,8416,264,410,135,01-02-2017
12105,1310,23584,565,141,19,22-01-2017
12106,1310,7402,723,329,120,07-02-2017
12107,1311,9405,784,13,5,09-09-2017
12108,1311,16850,1876,433,91,30-09-2017
12109,1311,8932,355,322,156,04-09-2017
12110,1311,14355,685,100,109,22-09-2017
12111,1311,3905,352,451,115,03-09-2017
12112,1311,8164,628,305,132,21-09-2017
12113,1311,15441,782,422,88,12-09-2017
12114,1311,17550,1570,401,67,07-09-2017
12115,1311,10400,1062,253,89,24-09-2017
12116,1311,8660,438,467,146,27-09-2017
12117,1311,18454,876,120,130,16-09-2017
12118,1311,6798,569,156,193,02-09-2017
12119,1312,4644,263,128,6,08-03-2017
12120,1312,17676,1338,49,182,09-03-2017
12121,1312,14886,554,74,48,06-03-2017
12122,1312,9091,898,198,72,07-03-2017
12123,1312,3616,182,435,68,10-03-2017
12124,1312,4062,394,22,7,05-03-2017
12125,1312,17551,574,230,6,11-03-2017
12126,1312,14059,589,77,188,04-03-2017
12127,1313,5046,119,18,79,13-10-2016
12128,1313,15429,1497,181,176,04-10-2016
12129,1313,6922,143,260,103,09-10-2016
12130,1313,7193,373,50,17,03-10-2016
12131,1313,17732,550,359,91,20-10-2016
12132,1313,9268,846,136,114,15-10-2016
12133,1313,6489,404,73,9,11-10-2016
12134,1313,15138,460,355,67,16-10-2016
12135,1313,8553,640,106,195,10-10-2016
12136,1313,15498,1765,424,162,01-10-2016
12137,1314,22987,835,401,39,20-02-2016
12138,1314,12326,1011,185,195,01-02-2016
12139,1314,13611,1014,381,126,12-02-2016
12140,1314,24805,2108,85,110,04-02-2016
12141,1314,23580,667,161,14,06-02-2016
12142,1314,15154,1554,364,75,03-02-2016
12143,1314,24903,2249,492,14,31-01-2016
12144,1314,6835,503,188,153,21-02-2016
12145,1314,21513,1688,425,6,07-02-2016
12146,1314,21121,1266,21,197,09-02-2016
12147,1314,13089,434,84,117,19-02-2016
12148,1314,13869,1496,211,81,17-02-2016
12149,1314,10364,1131,266,159,18-02-2016
12150,1314,6947,339,156,169,14-02-2016
12151,1315,7418,709,455,82,25-04-2017
12152,1315,4201,416,492,98,19-04-2017
12153,1315,24166,2733,441,122,10-04-2017
12154,1315,7642,784,105,147,23-04-2017
12155,1315,13945,685,446,147,20-04-2017
12156,1315,9818,552,90,162,24-04-2017
12157,1315,20913,1288,109,197,12-04-2017
12158,1315,14946,1634,336,4,08-04-2017
12159,1315,5341,522,429,127,11-04-2017
12160,1315,9284,302,93,27,15-04-2017
12161,1315,21058,1914,22,6,21-04-2017
12162,1315,12330,679,291,102,17-04-2017
12163,1316,20163,2142,151,43,07-10-2017
12164,1316,10106,577,380,71,12-09-2017
12165,1316,20546,617,73,153,19-09-2017
12166,1316,11800,1392,400,65,13-09-2017
12167,1316,23345,574,117,78,20-09-2017
12168,1316,11852,1132,63,13,10-10-2017
12169,1317,15932,407,380,139,20-03-2017
12170,1317,5909,181,273,122,18-03-2017
12171,1317,13184,833,490,51,15-04-2017
12172,1317,17311,1778,26,146,09-04-2017
12173,1317,18372,867,487,14,12-04-2017
12174,1317,12529,269,103,135,13-04-2017
12175,1317,11609,1069,494,145,03-04-2017
12176,1317,17961,1232,7,29,10-04-2017
12177,1317,8336,418,26,170,16-03-2017
12178,1317,9432,867,148,152,15-03-2017
12179,1317,4852,526,166,19,25-03-2017
12180,1317,18267,1280,495,86,28-03-2017
12181,1317,5355,155,210,168,17-04-2017
12182,1317,10346,866,153,18,19-03-2017
12183,1318,4751,276,93,99,03-05-2016
12184,1318,12860,938,63,110,24-05-2016
12185,1318,12638,421,115,109,12-05-2016
12186,1318,7476,496,165,173,11-04-2016
12187,1318,11486,662,468,165,23-04-2016
12188,1318,7868,321,16,35,20-04-2016
12189,1318,4413,215,54,144,26-04-2016
12190,1319,13655,1261,68,178,14-04-2017
12191,1319,14637,1726,97,79,20-04-2017
12192,1319,23883,1448,49,137,18-04-2017
12193,1319,3621,231,199,24,17-04-2017
12194,1319,3876,347,25,6,21-04-2017
12195,1319,5284,396,109,46,15-04-2017
12196,1319,8284,503,66,142,16-04-2017
12197,1319,12548,902,206,33,19-04-2017
12198,1319,16131,982,83,59,22-04-2017
12199,1320,14996,1260,112,113,03-01-2017
12200,1320,6992,157,116,95,29-12-2016
12201,1320,16499,340,83,28,24-12-2016
12202,1320,4977,159,380,57,04-01-2017
12203,1320,10677,719,274,96,26-12-2016
12204,1320,21260,1365,230,186,15-12-2016
12205,1320,19929,2084,9,100,23-12-2016
12206,1320,7499,420,412,159,19-12-2016
12207,1320,7882,423,368,20,21-12-2016
12208,1321,14894,1741,422,39,09-06-2016
12209,1321,13967,889,130,135,14-06-2016
12210,1321,23398,2783,434,162,11-06-2016
12211,1321,6137,296,471,101,12-06-2016
12212,1321,22755,571,331,68,13-06-2016
12213,1321,10606,986,442,150,15-06-2016
12214,1321,5964,661,440,137,08-06-2016
12215,1321,5187,206,375,132,07-06-2016
12216,1321,8660,937,393,49,10-06-2016
12217,1322,12499,639,89,173,21-01-2018
12218,1322,9136,947,409,66,24-01-2018
12219,1322,10436,522,441,196,10-01-2018
12220,1322,22292,2417,337,75,14-01-2018
12221,1322,6111,733,304,17,02-02-2018
12222,1322,13331,742,127,39,11-01-2018
12223,1322,5035,158,51,105,19-01-2018
12224,1322,8994,951,218,97,16-01-2018
12225,1322,7241,227,441,126,04-01-2018
12226,1322,21225,2187,101,104,08-01-2018
12227,1322,6039,465,53,9,12-01-2018
12228,1322,24749,1500,350,178,22-01-2018
12229,1323,24625,2193,23,96,01-10-2017
12230,1323,11741,1315,419,17,22-09-2017
12231,1323,20220,749,230,130,29-09-2017
12232,1323,6587,618,421,186,28-09-2017
12233,1323,19263,1835,105,171,23-09-2017
12234,1323,14372,1479,229,141,27-09-2017
12235,1323,24000,2069,452,186,24-09-2017
12236,1323,13214,378,160,181,26-09-2017
12237,1323,9084,464,44,161,21-09-2017
12238,1323,6123,390,468,6,25-09-2017
12239,1323,17065,743,457,178,30-09-2017
12240,1324,23342,2211,499,109,15-07-2016
12241,1324,21392,1256,282,42,06-07-2016
12242,1324,21219,682,91,21,19-07-2016
12243,1324,4169,101,464,126,20-07-2016
12244,1324,18528,1036,193,19,13-07-2016
12245,1324,19590,1794,353,160,10-07-2016
12246,1324,7029,479,95,95,12-07-2016
12247,1324,16646,1515,179,105,21-07-2016
12248,1325,7812,728,308,6,01-02-2016
12249,1325,10305,558,29,195,09-02-2016
12250,1325,8943,829,125,12,22-01-2016
12251,1325,16418,769,432,87,16-02-2016
12252,1325,7920,547,85,92,06-02-2016
12253,1325,12827,820,12,77,11-02-2016
12254,1325,16407,1569,213,105,08-02-2016
12255,1325,21589,2298,116,37,04-02-2016
12256,1325,22508,1818,350,62,31-01-2016
12257,1325,21855,1523,182,158,26-01-2016
12258,1325,14351,769,292,119,28-01-2016
12259,1325,8658,821,156,8,23-01-2016
12260,1326,11354,323,421,107,12-06-2016
12261,1326,5114,572,338,31,15-06-2016
12262,1326,20747,1613,91,195,16-06-2016
12263,1326,20854,1892,191,172,11-06-2016
12264,1326,16083,476,303,24,17-06-2016
12265,1326,3482,267,319,47,14-06-2016
12266,1326,13171,829,494,23,13-06-2016
12267,1326,17502,1995,85,26,10-06-2016
12268,1326,7828,250,38,158,09-06-2016
12269,1327,17344,659,29,62,28-02-2017
12270,1327,18589,1779,339,92,26-02-2017
12271,1327,7758,411,362,34,01-03-2017
12272,1327,10934,230,116,14,15-02-2017
12273,1327,15453,1111,186,181,24-02-2017
12274,1327,23052,1131,205,70,04-03-2017
12275,1327,4538,352,160,46,18-02-2017
12276,1327,11438,1045,107,48,05-03-2017
12277,1327,19762,1741,495,88,25-02-2017
12278,1327,19298,2184,53,129,23-02-2017
12279,1327,13413,640,387,40,11-02-2017
12280,1327,19360,839,110,103,12-02-2017
12281,1327,13401,433,416,69,14-02-2017
12282,1327,6088,145,148,62,22-02-2017
12283,1327,13636,1634,286,11,16-02-2017
12284,1328,5109,308,242,56,25-12-2016
12285,1328,15870,1072,269,182,10-01-2017
12286,1328,13192,719,5,15,29-12-2016
12287,1328,3125,81,400,36,01-01-2017
12288,1328,12521,1400,102,188,26-12-2016
12289,1328,13705,1548,366,167,31-12-2016
12290,1328,17597,980,441,161,28-12-2016
12291,1328,6307,219,203,23,07-01-2017
12292,1328,23638,2179,74,172,05-01-2017
12293,1328,9874,820,111,189,27-12-2016
12294,1328,18282,532,24,22,14-12-2016
12295,1329,17851,1479,379,161,16-07-2016
12296,1329,14717,1141,142,21,26-07-2016
12297,1329,24683,2757,426,85,30-06-2016
12298,1329,14286,889,271,198,14-07-2016
12299,1329,11351,1051,29,72,07-08-2016
12300,1330,8777,692,397,148,23-05-2017
12301,1330,6150,513,5,196,22-04-2017
12302,1330,11098,1300,205,137,19-04-2017
12303,1330,21871,1132,335,72,26-04-2017
12304,1330,5705,453,210,15,07-05-2017
12305,1330,19511,2154,183,98,22-05-2017
12306,1331,24905,1272,288,163,17-06-2017
12307,1331,22326,1396,161,117,23-06-2017
12308,1331,12551,1443,88,133,22-06-2017
12309,1331,17337,1030,126,199,24-06-2017
12310,1331,15088,371,23,79,15-06-2017
12311,1331,19581,1515,339,194,25-06-2017
12312,1331,21615,1483,172,69,21-06-2017
12313,1331,15024,1673,226,83,16-06-2017
12314,1332,8532,819,283,152,22-02-2017
12315,1332,11103,642,39,83,15-02-2017
12316,1332,5747,389,308,132,08-03-2017
12317,1332,21237,1270,388,47,09-03-2017
12318,1332,15292,317,209,92,28-02-2017
12319,1332,10474,841,111,34,19-02-2017
12320,1332,4324,308,23,40,25-02-2017
12321,1332,6574,674,142,178,13-02-2017
12322,1332,16100,444,401,82,12-03-2017
12323,1332,3328,250,93,154,04-03-2017
12324,1332,21494,2163,36,92,16-03-2017
12325,1332,19278,1012,143,151,14-03-2017
12326,1332,16204,583,0,49,18-02-2017
12327,1332,19856,1665,219,117,03-03-2017
12328,1333,8651,933,36,71,23-10-2016
12329,1333,16605,864,124,105,21-10-2016
12330,1333,17134,1975,281,135,31-10-2016
12331,1333,18231,1775,322,148,17-10-2016
12332,1333,5342,192,495,23,25-10-2016
12333,1333,14255,797,383,68,28-10-2016
12334,1333,8237,983,11,62,07-11-2016
12335,1333,5736,410,53,199,18-10-2016
12336,1333,16367,655,362,182,02-11-2016
12337,1333,11862,316,77,141,05-11-2016
12338,1333,17365,359,473,26,30-10-2016
12339,1334,8480,662,380,140,11-01-2018
12340,1334,3987,328,337,39,03-02-2018
12341,1334,17699,851,274,72,13-01-2018
12342,1334,23863,2355,14,135,02-02-2018
12343,1334,4763,429,193,173,16-01-2018
12344,1334,17853,1886,336,42,26-01-2018
12345,1335,22274,970,144,119,15-05-2017
12346,1335,14851,321,486,169,18-05-2017
12347,1335,4694,133,374,191,13-05-2017
12348,1335,18486,1033,188,30,16-05-2017
12349,1335,9007,683,216,131,14-05-2017
12350,1335,12932,1296,492,60,04-05-2017
12351,1335,12918,1407,250,10,28-05-2017
12352,1335,14494,1562,244,110,19-05-2017
12353,1335,4097,316,442,22,24-05-2017
12354,1335,11649,1025,415,63,23-05-2017
12355,1335,4260,160,402,125,06-05-2017
12356,1335,22402,695,113,118,07-05-2017
12357,1336,12350,1341,278,189,09-10-2017
12358,1336,13139,1430,368,87,06-10-2017
12359,1336,15755,1377,453,93,14-09-2017
12360,1336,8962,190,484,27,24-09-2017
12361,1336,16655,930,183,9,23-09-2017
12362,1337,12830,724,309,44,08-08-2017
12363,1337,8704,501,460,47,07-08-2017
12364,1337,4756,106,154,199,02-08-2017
12365,1337,10668,769,373,19,12-08-2017
12366,1337,18813,1861,24,11,16-08-2017
12367,1337,6552,150,42,182,05-08-2017
12368,1337,11979,1082,203,168,10-08-2017
12369,1337,4582,440,323,47,04-08-2017
12370,1337,3557,420,266,1,13-08-2017
12371,1338,10611,333,349,94,13-05-2016
12372,1338,24358,1397,62,29,30-05-2016
12373,1338,22584,1221,244,134,29-05-2016
12374,1338,12304,993,454,151,16-05-2016
12375,1338,15928,1593,353,181,01-05-2016
12376,1338,16153,607,201,183,20-05-2016
12377,1338,17682,745,12,54,19-05-2016
12378,1338,19696,792,277,93,02-05-2016
12379,1338,14143,968,218,189,25-04-2016
12380,1338,15944,1126,192,32,27-04-2016
12381,1338,8154,763,121,66,03-05-2016
12382,1338,13236,819,273,0,17-05-2016
12383,1339,4407,88,144,175,10-09-2017
12384,1339,22136,2632,140,63,01-09-2017
12385,1339,18551,582,304,49,08-09-2017
12386,1339,4027,321,353,192,02-09-2017
12387,1339,22928,2040,337,56,07-09-2017
12388,1339,17669,1336,195,80,28-08-2017
12389,1339,4157,205,131,24,29-08-2017
12390,1339,20519,517,3,119,13-09-2017
12391,1339,13973,1040,353,151,24-08-2017
12392,1340,23271,897,308,157,14-01-2016
12393,1340,14129,1230,457,104,01-02-2016
12394,1340,9547,749,89,165,23-01-2016
12395,1340,20648,808,439,55,08-02-2016
12396,1340,11472,675,376,77,30-01-2016
12397,1341,7903,237,463,9,16-07-2017
12398,1341,18039,705,362,136,11-07-2017
12399,1341,17687,1480,63,159,18-07-2017
12400,1341,24306,2183,16,13,27-07-2017
12401,1341,19833,1960,196,127,20-07-2017
12402,1341,10835,1287,260,108,31-07-2017
12403,1341,9419,1059,36,57,02-08-2017
12404,1341,23030,1576,441,152,17-07-2017
12405,1341,18021,1346,138,75,30-07-2017
12406,1341,11824,905,120,121,26-07-2017
12407,1341,21565,1752,48,19,14-07-2017
12408,1341,5610,443,216,34,03-08-2017
12409,1342,13341,1055,191,40,02-05-2016
12410,1342,8484,195,59,125,24-04-2016
12411,1342,10117,240,344,156,20-04-2016
12412,1342,14951,1613,156,61,28-04-2016
12413,1342,3001,261,248,81,18-04-2016
12414,1343,5724,132,431,192,25-07-2016
12415,1343,22337,1603,289,176,24-07-2016
12416,1343,17361,1547,180,107,30-07-2016
12417,1343,14911,1535,117,120,02-08-2016
12418,1343,19616,546,295,143,04-08-2016
12419,1343,9257,756,317,169,28-07-2016
12420,1343,23300,1178,306,90,26-07-2016
12421,1343,23396,1603,38,44,23-07-2016
12422,1344,20097,710,382,156,23-02-2017
12423,1344,9356,241,95,103,26-02-2017
12424,1344,22646,1366,67,114,13-02-2017
12425,1344,15709,1722,338,19,17-03-2017
12426,1344,20557,2249,120,195,20-02-2017
12427,1344,13162,299,415,90,11-03-2017
12428,1345,12330,748,336,141,13-03-2016
12429,1345,3895,466,366,141,22-03-2016
12430,1345,4346,108,209,50,03-04-2016
12431,1345,4508,534,96,157,04-04-2016
12432,1345,8764,949,346,1,30-03-2016
12433,1345,5514,186,155,19,11-03-2016
12434,1345,19956,686,73,168,05-04-2016
12435,1345,23006,2410,130,25,09-04-2016
12436,1345,8997,652,225,111,24-03-2016
12437,1346,18624,884,124,186,23-04-2016
12438,1346,4408,289,180,51,16-04-2016
12439,1346,18768,695,83,53,29-04-2016
12440,1346,7005,695,80,106,01-05-2016
12441,1346,12982,1545,87,159,27-04-2016
12442,1346,14492,1565,86,57,10-04-2016
12443,1346,20075,953,465,105,05-05-2016
12444,1346,5548,540,184,130,03-05-2016
12445,1346,17855,985,391,77,19-04-2016
12446,1346,21026,1015,115,148,14-04-2016
12447,1346,18729,979,39,60,02-05-2016
12448,1346,23412,2654,193,191,21-04-2016
12449,1346,16066,1305,204,186,28-04-2016
12450,1346,23716,1113,371,47,17-04-2016
12451,1347,15364,1823,23,91,11-10-2017
12452,1347,3771,280,405,78,07-10-2017
12453,1347,22851,596,293,100,24-09-2017
12454,1347,4540,543,464,26,26-09-2017
12455,1347,21014,1458,117,139,11-09-2017
12456,1347,4936,120,358,30,25-09-2017
12457,1347,4043,231,111,64,16-10-2017
12458,1347,5825,200,405,74,12-10-2017
12459,1347,22589,2020,150,190,18-10-2017
12460,1347,19446,1196,121,61,10-10-2017
12461,1348,21941,2230,138,75,04-01-2017
12462,1348,15270,1459,151,176,31-12-2016
12463,1348,20534,1484,429,4,24-12-2016
12464,1348,5540,406,31,119,02-01-2017
12465,1348,24852,1175,408,171,25-12-2016
12466,1348,8374,907,72,117,26-12-2016
12467,1348,14172,1228,240,94,30-12-2016
12468,1349,15582,314,399,64,07-07-2016
12469,1349,11950,1315,439,178,25-06-2016
12470,1349,9023,1019,457,110,22-06-2016
12471,1349,11431,992,200,11,04-07-2016
12472,1349,24435,2172,119,192,10-07-2016
12473,1349,6194,552,131,120,09-06-2016
12474,1349,16297,1583,86,157,06-07-2016
12475,1349,18351,826,255,173,15-06-2016
12476,1349,21274,2260,430,76,09-07-2016
12477,1349,13720,607,206,60,27-06-2016
12478,1349,8713,443,195,37,11-06-2016
12479,1350,7521,898,335,150,09-05-2017
12480,1350,8590,539,394,116,23-05-2017
12481,1350,12019,543,88,2,05-05-2017
12482,1350,13319,1020,414,44,12-05-2017
12483,1350,15910,1848,472,127,17-05-2017
12484,1350,20035,1331,26,198,22-05-2017
12485,1350,10289,756,460,26,13-05-2017
12486,1350,4538,181,10,102,21-05-2017
12487,1350,4006,411,480,22,19-05-2017
12488,1351,3907,188,285,158,10-09-2016
12489,1351,23852,512,293,129,20-09-2016
12490,1351,20652,1528,393,0,11-09-2016
12491,1351,19124,2259,276,65,16-09-2016
12492,1351,10881,1018,127,193,03-10-2016
12493,1351,8362,641,13,56,13-09-2016
12494,1352,20309,819,92,170,07-02-2017
12495,1352,22725,946,103,94,22-01-2017
12496,1352,11241,465,137,47,01-02-2017
12497,1352,20385,693,24,99,08-02-2017
12498,1352,21159,2032,362,84,26-01-2017
12499,1352,15276,1444,417,81,04-02-2017
12500,1352,19876,642,207,80,06-02-2017
12501,1352,7129,772,174,66,27-01-2017
12502,1353,12486,1435,54,12,10-10-2017
12503,1353,16822,540,330,43,09-10-2017
12504,1353,19296,1595,191,125,07-10-2017
12505,1353,11469,983,229,64,12-10-2017
12506,1353,10332,882,41,132,11-10-2017
12507,1353,23272,2687,432,142,06-10-2017
12508,1353,4197,278,417,22,14-10-2017
12509,1353,16830,1619,29,132,05-10-2017
12510,1353,11375,968,330,75,08-10-2017
12511,1353,14120,758,75,170,16-10-2017
12512,1353,6589,189,60,17,04-10-2017
12513,1353,9612,693,471,160,15-10-2017
12514,1354,3636,304,89,139,28-02-2016
12515,1354,15855,1623,280,3,27-02-2016
12516,1354,13431,1328,230,14,18-02-2016
12517,1354,9523,692,51,164,08-02-2016
12518,1354,5550,537,160,15,20-02-2016
12519,1354,7789,644,52,129,06-02-2016
12520,1354,16502,1610,404,161,12-02-2016
12521,1354,24834,708,303,190,10-02-2016
12522,1354,7783,529,379,22,09-02-2016
12523,1354,8815,899,148,11,13-02-2016
12524,1354,14480,1349,453,31,03-03-2016
12525,1355,9712,252,234,54,16-10-2017
12526,1355,5176,435,493,1,10-10-2017
12527,1355,22750,2247,128,186,30-09-2017
12528,1355,17391,1816,255,28,09-10-2017
12529,1355,20587,1817,320,180,08-10-2017
12530,1355,24976,1942,51,59,15-10-2017
12531,1355,5242,344,210,40,14-10-2017
12532,1355,24709,1708,377,179,03-10-2017
12533,1355,12857,661,435,175,01-10-2017
12534,1355,22981,753,379,160,12-10-2017
12535,1355,3206,157,348,158,04-10-2017
12536,1356,3276,104,292,167,22-04-2017
12537,1356,14943,1239,325,140,14-05-2017
12538,1356,5440,155,89,33,28-04-2017
12539,1356,9527,722,208,75,26-04-2017
12540,1356,12803,296,360,80,05-05-2017
12541,1356,11408,287,36,41,11-05-2017
12542,1356,22877,1962,251,20,07-05-2017
12543,1357,7316,606,213,134,10-01-2017
12544,1357,19463,2325,166,133,06-01-2017
12545,1357,19425,1076,119,103,24-01-2017
12546,1357,22420,1911,78,153,02-01-2017
12547,1357,24942,1285,426,26,18-01-2017
12548,1357,9117,354,365,100,25-01-2017
12549,1357,16144,1456,494,106,01-02-2017
12550,1357,15471,957,456,68,27-01-2017
12551,1357,22611,938,27,191,30-12-2016
12552,1357,3926,385,43,97,03-01-2017
12553,1357,19030,748,13,115,16-01-2017
12554,1358,19910,2330,463,156,04-03-2016
12555,1358,6879,461,399,116,11-02-2016
12556,1358,19511,1825,196,157,22-02-2016
12557,1358,14932,723,85,78,10-03-2016
12558,1358,23708,1755,90,153,10-02-2016
12559,1358,11978,1148,417,67,15-02-2016
12560,1358,22013,2295,117,51,24-02-2016
12561,1358,17089,1871,18,179,15-03-2016
12562,1358,23384,2700,101,115,23-02-2016
12563,1358,6485,632,131,76,14-02-2016
12564,1358,14265,1500,412,111,07-03-2016
12565,1358,17466,1160,317,116,29-02-2016
12566,1358,17858,571,78,15,27-02-2016
12567,1358,13964,1303,70,136,01-03-2016
12568,1359,11718,581,45,31,17-12-2017
12569,1359,23785,2093,378,114,20-12-2017
12570,1359,5092,386,469,190,24-12-2017
12571,1359,24670,1985,485,97,19-12-2017
12572,1359,24622,2539,370,16,27-12-2017
12573,1359,4368,360,182,192,13-12-2017
12574,1359,9927,1032,256,66,23-12-2017
12575,1360,17645,1471,210,21,22-11-2016
12576,1360,4935,302,235,84,19-11-2016
12577,1360,10868,838,115,44,20-11-2016
12578,1360,13656,799,115,135,10-11-2016
12579,1360,9796,787,462,177,12-11-2016
12580,1360,6799,390,232,36,17-11-2016
12581,1360,15940,1050,178,184,23-11-2016
12582,1360,5341,176,245,29,25-11-2016
12583,1360,5725,440,260,20,18-11-2016
12584,1360,9835,456,131,50,24-11-2016
12585,1360,4787,498,498,138,16-11-2016
12586,1361,19203,2259,455,42,29-10-2016
12587,1361,3803,231,314,96,21-10-2016
12588,1361,23354,1395,108,45,04-11-2016
12589,1361,22948,2591,360,172,02-11-2016
12590,1361,9657,1085,341,51,06-11-2016
12591,1361,4269,448,348,37,22-10-2016
12592,1361,11741,1049,377,195,18-10-2016
12593,1361,17949,709,341,135,24-10-2016
12594,1361,12397,1194,443,39,05-11-2016
12595,1361,24659,1877,297,107,19-10-2016
12596,1361,24938,1381,294,38,28-10-2016
12597,1361,23360,2461,390,83,09-11-2016
12598,1362,14465,1217,494,79,20-09-2016
12599,1362,19609,1923,195,142,13-09-2016
12600,1362,18346,692,327,76,18-09-2016
12601,1362,13612,984,457,7,16-09-2016
12602,1362,11529,918,499,146,12-09-2016
12603,1362,13992,879,50,31,07-09-2016
12604,1362,3050,321,174,94,05-09-2016
12605,1362,13323,616,212,55,06-09-2016
12606,1362,8197,466,161,140,10-09-2016
12607,1362,11676,410,150,100,04-09-2016
12608,1362,13385,1480,458,43,08-09-2016
12609,1362,21476,637,54,195,21-09-2016
12610,1363,7188,343,93,93,16-09-2016
12611,1363,22646,2274,418,58,22-09-2016
12612,1363,8972,360,214,122,23-09-2016
12613,1363,24132,1796,301,185,02-10-2016
12614,1363,4793,106,28,163,27-09-2016
12615,1363,5228,109,94,72,29-09-2016
12616,1363,22041,1876,208,77,20-09-2016
12617,1363,21616,499,331,119,12-09-2016
12618,1363,16955,888,391,1,15-09-2016
12619,1363,17581,2011,494,41,13-09-2016
12620,1363,19253,673,282,154,17-09-2016
12621,1363,12177,1327,413,191,30-09-2016
12622,1363,15821,1504,347,67,19-09-2016
12623,1363,10064,549,150,43,26-09-2016
12624,1363,17767,1495,86,73,28-09-2016
12625,1364,14792,1597,372,127,06-12-2016
12626,1364,17961,1846,296,16,02-12-2016
12627,1364,10482,965,389,169,10-12-2016
12628,1364,16820,994,219,97,04-12-2016
12629,1364,8506,474,345,183,15-12-2016
12630,1364,6374,612,446,58,29-11-2016
12631,1364,17815,2069,228,187,14-12-2016
12632,1364,10411,234,204,165,03-12-2016
12633,1364,23810,1478,196,107,30-11-2016
12634,1364,22937,2290,62,94,09-12-2016
12635,1364,8655,554,243,115,01-12-2016
12636,1364,12175,1139,6,180,11-12-2016
12637,1364,15394,938,159,176,07-12-2016
12638,1364,7232,485,190,109,08-12-2016
12639,1364,12319,816,383,1,05-12-2016
12640,1365,3872,278,78,7,07-06-2016
12641,1365,18405,2028,298,164,25-05-2016
12642,1365,16750,627,362,109,02-06-2016
12643,1365,23710,2606,408,182,22-06-2016
12644,1365,23335,2626,233,166,15-06-2016
12645,1365,15125,1318,480,19,05-06-2016
12646,1365,11309,282,387,132,26-06-2016
12647,1365,20697,1108,60,109,24-05-2016
12648,1365,11889,534,73,149,27-05-2016
12649,1366,9058,849,225,182,04-03-2016
12650,1366,13447,1178,15,133,25-02-2016
12651,1366,7516,648,329,184,21-03-2016
12652,1366,3615,431,239,177,24-02-2016
12653,1366,10864,1249,129,5,12-02-2016
12654,1366,13373,634,323,36,22-02-2016
12655,1366,13238,335,417,171,03-03-2016
12656,1366,23792,806,85,75,15-03-2016
12657,1366,7191,541,312,129,16-03-2016
12658,1366,21062,2360,368,54,15-02-2016
12659,1366,8552,312,448,156,24-03-2016
12660,1366,17350,643,132,38,28-02-2016
12661,1366,16299,475,374,164,05-03-2016
12662,1367,17190,2032,233,50,06-06-2017
12663,1367,11818,500,359,171,08-06-2017
12664,1367,13064,1493,383,105,12-06-2017
12665,1367,20851,1439,212,180,09-06-2017
12666,1367,4794,140,81,23,13-06-2017
12667,1367,4822,454,29,132,11-06-2017
12668,1367,9783,657,431,179,10-06-2017
12669,1367,8282,167,125,104,07-06-2017
12670,1368,12062,1355,30,55,20-03-2016
12671,1368,24704,1627,280,91,25-03-2016
12672,1368,18765,1797,316,17,10-04-2016
12673,1368,9440,281,124,194,31-03-2016
12674,1368,18432,1529,67,107,24-03-2016
12675,1368,11051,450,165,41,06-04-2016
12676,1368,16174,1485,214,18,17-04-2016
12677,1368,14964,1067,349,88,30-03-2016
12678,1368,7892,187,112,191,23-03-2016
12679,1368,3866,93,97,197,05-04-2016
12680,1368,4670,336,363,77,22-03-2016
12681,1368,24278,532,189,109,15-03-2016
12682,1368,22127,1505,139,14,28-03-2016
12683,1368,4266,339,457,82,08-04-2016
12684,1369,9025,878,413,161,26-01-2017
12685,1369,4244,109,296,42,21-12-2016
12686,1369,6455,331,328,182,19-01-2017
12687,1369,8110,724,294,11,29-12-2016
12688,1369,24981,881,128,133,08-01-2017
12689,1369,7814,272,304,30,22-01-2017
12690,1369,4815,551,431,15,27-01-2017
12691,1370,18109,1140,165,165,24-07-2016
12692,1370,15914,848,145,25,16-07-2016
12693,1370,3692,292,346,129,20-07-2016
12694,1370,20043,1614,206,162,28-07-2016
12695,1370,8497,907,48,71,23-07-2016
12696,1370,12876,338,89,133,13-07-2016
12697,1370,15743,1253,374,36,25-07-2016
12698,1370,14731,1013,44,86,22-07-2016
12699,1370,5464,408,354,27,09-07-2016
12700,1370,12289,909,458,26,11-07-2016
12701,1370,6349,268,306,12,27-07-2016
12702,1370,18922,1091,155,48,21-07-2016
12703,1370,9825,306,258,39,18-07-2016
12704,1371,12362,1032,72,186,19-09-2017
12705,1371,18900,643,462,37,17-09-2017
12706,1371,21011,1741,347,119,05-10-2017
12707,1371,17808,1835,363,181,02-10-2017
12708,1371,3480,277,7,182,29-09-2017
12709,1371,14435,404,494,64,25-09-2017
12710,1372,10739,1106,197,59,30-05-2016
12711,1372,8030,896,387,180,28-05-2016
12712,1372,3573,142,328,49,09-06-2016
12713,1372,6386,432,263,118,12-06-2016
12714,1372,22620,2312,119,88,22-05-2016
12715,1372,22629,1014,156,141,25-05-2016
12716,1373,4513,160,224,66,24-02-2016
12717,1373,23339,1427,177,170,25-02-2016
12718,1373,20942,1028,216,9,18-02-2016
12719,1373,17458,607,366,65,24-01-2016
12720,1373,13300,1025,47,152,23-01-2016
12721,1373,13232,910,416,25,02-02-2016
12722,1373,8940,983,251,7,13-02-2016
12723,1373,11841,706,239,58,03-02-2016
12724,1374,4520,170,466,63,16-11-2017
12725,1374,23736,939,406,198,28-10-2017
12726,1374,18033,370,70,74,25-11-2017
12727,1374,16142,1035,85,182,18-11-2017
12728,1374,24243,513,147,73,03-11-2017
12729,1375,11963,591,433,198,13-10-2016
12730,1375,6719,396,272,44,26-09-2016
12731,1375,4175,274,137,12,15-10-2016
12732,1375,20964,679,296,72,30-09-2016
12733,1375,20788,2055,405,107,02-10-2016
12734,1375,7957,663,132,24,14-10-2016
12735,1375,6729,246,341,92,25-09-2016
12736,1375,9654,469,79,24,27-10-2016
12737,1375,16402,332,225,118,17-10-2016
12738,1375,20124,1716,32,169,21-10-2016
12739,1375,9273,218,251,146,26-10-2016
12740,1376,7622,829,2,124,04-12-2017
12741,1376,21045,2123,14,104,13-12-2017
12742,1376,22884,629,203,134,07-12-2017
12743,1376,4687,229,449,91,08-12-2017
12744,1376,11297,260,450,34,12-12-2017
12745,1376,3373,187,30,123,19-12-2017
12746,1376,20017,1102,486,178,09-12-2017
12747,1376,12323,770,306,80,23-12-2017
12748,1377,22434,2492,211,35,27-11-2017
12749,1377,7488,615,153,197,30-11-2017
12750,1377,18610,1944,17,76,06-12-2017
12751,1377,18936,2256,403,61,12-12-2017
12752,1377,24741,2367,354,171,13-12-2017
12753,1378,17573,1344,434,186,24-01-2017
12754,1378,23252,1242,338,147,17-01-2017
12755,1378,17052,410,369,104,28-12-2016
12756,1378,24809,774,202,150,29-12-2016
12757,1378,13665,370,158,70,26-12-2016
12758,1378,16675,1277,220,11,15-01-2017
12759,1378,19546,1347,188,129,24-12-2016
12760,1379,21048,671,108,124,15-10-2017
12761,1379,15426,659,223,78,20-11-2017
12762,1379,5030,186,17,187,22-10-2017
12763,1379,22451,775,394,129,30-10-2017
12764,1379,16422,1108,365,118,08-11-2017
12765,1379,16267,378,80,26,20-10-2017
12766,1379,11944,443,118,98,16-11-2017
12767,1379,12131,1272,10,93,06-11-2017
12768,1379,8078,496,494,8,03-11-2017
12769,1379,23775,1024,219,156,05-11-2017
12770,1379,19679,1535,52,7,19-10-2017
12771,1379,18336,784,410,188,22-11-2017
12772,1380,18071,1284,345,112,09-06-2016
12773,1380,10764,914,431,139,30-06-2016
12774,1380,3314,99,158,133,03-07-2016
12775,1380,5472,174,23,40,06-06-2016
12776,1380,20493,617,46,4,05-06-2016
12777,1380,9936,883,466,8,01-06-2016
12778,1380,4315,463,63,113,05-07-2016
12779,1380,5496,187,260,13,15-06-2016
12780,1380,24379,2084,277,32,29-06-2016
12781,1380,20959,1040,475,102,04-06-2016
12782,1380,19138,1326,190,35,30-05-2016
12783,1380,3207,306,34,34,07-06-2016
12784,1380,8030,228,279,186,02-07-2016
12785,1380,18804,1825,143,10,22-06-2016
12786,1381,3576,97,138,39,06-02-2018
12787,1381,5233,357,331,27,17-01-2018
12788,1381,23793,1115,381,44,05-01-2018
12789,1381,16919,1939,446,129,07-02-2018
12790,1381,4954,532,460,141,04-02-2018
12791,1381,10296,1075,132,112,13-02-2018
12792,1381,11438,435,16,122,16-01-2018
12793,1382,9092,356,276,146,11-12-2016
12794,1382,6033,434,322,121,14-12-2016
12795,1382,23734,1859,322,2,15-12-2016
12796,1382,18178,764,368,33,17-12-2016
12797,1382,14914,1378,490,136,06-12-2016
12798,1382,20313,1602,174,190,20-12-2016
12799,1382,7910,564,201,98,16-12-2016
12800,1382,6801,713,76,162,29-11-2016
12801,1382,5784,686,330,133,03-12-2016
12802,1382,5753,323,272,139,27-11-2016
12803,1382,12275,537,200,50,10-12-2016
12804,1382,13403,277,75,46,02-12-2016
12805,1382,8848,245,116,21,07-12-2016
12806,1382,24795,2841,141,198,08-12-2016
12807,1383,11641,426,206,83,23-12-2017
12808,1383,9828,449,337,71,27-12-2017
12809,1383,4261,232,292,127,30-12-2017
12810,1383,15145,1206,151,169,29-12-2017
12811,1383,8494,716,238,129,26-12-2017
12812,1383,8005,906,360,169,01-01-2018
12813,1383,6968,621,381,164,22-12-2017
12814,1383,14497,980,240,25,02-01-2018
12815,1383,9730,295,165,42,31-12-2017
12816,1383,19527,394,79,46,21-12-2017
12817,1383,11721,975,73,46,04-01-2018
12818,1383,19767,1912,177,93,25-12-2017
12819,1383,5154,473,326,30,28-12-2017
12820,1384,24798,1973,58,73,29-04-2016
12821,1384,20819,2158,455,176,13-05-2016
12822,1384,9980,945,190,139,27-04-2016
12823,1384,5540,343,432,77,06-05-2016
12824,1384,8809,978,278,66,24-04-2016
12825,1384,10960,1230,389,189,10-04-2016
12826,1384,6595,628,402,131,04-05-2016
12827,1384,3575,158,196,11,07-05-2016
12828,1384,15773,1358,279,12,20-04-2016
12829,1384,10444,661,201,177,11-05-2016
12830,1384,12043,1176,208,18,08-04-2016
12831,1384,6025,533,178,179,03-05-2016
12832,1384,4554,313,175,31,18-04-2016
12833,1385,20950,1258,392,118,20-01-2016
12834,1385,7776,451,253,34,12-01-2016
12835,1385,22999,784,356,97,13-01-2016
12836,1385,8715,831,464,129,19-01-2016
12837,1385,20012,1710,378,17,11-01-2016
12838,1385,19493,933,80,128,16-01-2016
12839,1385,24121,865,331,164,14-01-2016
12840,1386,15260,978,152,49,15-03-2016
12841,1386,15095,899,290,191,21-03-2016
12842,1386,21103,976,64,146,07-03-2016
12843,1386,7387,306,197,42,20-03-2016
12844,1386,13409,1474,339,115,27-02-2016
12845,1386,6235,573,19,126,11-03-2016
12846,1386,13388,1397,165,63,18-03-2016
12847,1386,8594,751,474,114,04-03-2016
12848,1386,9004,867,326,74,24-03-2016
12849,1386,4268,362,382,31,22-03-2016
12850,1386,13280,659,190,139,21-02-2016
12851,1386,5801,147,322,5,08-03-2016
12852,1386,14012,1599,272,87,28-02-2016
12853,1387,7540,310,368,152,24-01-2017
12854,1387,10509,422,350,15,04-01-2017
12855,1387,8964,459,454,140,15-01-2017
12856,1387,16232,1752,163,22,05-01-2017
12857,1387,16829,489,69,10,22-01-2017
12858,1387,11492,945,496,176,06-01-2017
12859,1387,13117,916,274,135,02-01-2017
12860,1387,11433,426,293,40,18-01-2017
12861,1387,9730,403,11,157,17-01-2017
12862,1387,16761,843,68,1,07-01-2017
12863,1387,18744,1013,194,139,13-01-2017
12864,1387,16565,451,303,134,20-01-2017
12865,1388,17709,2123,381,58,09-04-2016
12866,1388,15673,527,122,110,06-04-2016
12867,1388,16818,860,204,65,10-04-2016
12868,1388,22049,2357,349,39,01-04-2016
12869,1388,19241,699,110,185,11-04-2016
12870,1388,10328,658,83,26,29-03-2016
12871,1388,14485,1157,223,172,05-04-2016
12872,1388,22273,2484,121,1,07-04-2016
12873,1389,13259,1077,353,132,16-02-2016
12874,1389,24430,2211,234,70,19-02-2016
12875,1389,7230,549,78,69,18-02-2016
12876,1389,24123,2756,394,116,20-02-2016
12877,1389,16310,1758,128,175,15-02-2016
12878,1390,7139,376,479,63,08-04-2017
12879,1390,6553,319,487,87,27-03-2017
12880,1390,23360,841,112,42,29-03-2017
12881,1390,19931,619,116,46,01-04-2017
12882,1390,12123,557,492,156,06-04-2017
12883,1390,21606,671,210,167,12-04-2017
12884,1390,14758,1407,196,170,26-03-2017
12885,1390,21106,1506,132,186,03-04-2017
12886,1390,4899,441,470,142,30-03-2017
12887,1390,9994,938,427,63,14-04-2017
12888,1391,9351,275,390,23,02-10-2017
12889,1391,6634,145,92,141,21-09-2017
12890,1391,3756,274,68,40,20-09-2017
12891,1391,5889,204,256,167,29-09-2017
12892,1391,21502,2078,132,94,03-10-2017
12893,1391,6069,139,467,39,10-09-2017
12894,1391,19752,515,58,128,17-09-2017
12895,1391,19425,447,74,98,19-09-2017
12896,1391,5735,294,396,106,05-10-2017
12897,1392,24887,1071,13,183,18-02-2017
12898,1392,16488,1613,16,88,02-03-2017
12899,1392,22688,1864,124,173,05-03-2017
12900,1392,5492,208,280,39,23-02-2017
12901,1392,3220,176,118,81,03-02-2017
12902,1392,19913,1802,89,30,08-02-2017
12903,1392,10139,441,53,147,06-03-2017
12904,1392,7808,733,220,100,05-02-2017
12905,1392,10316,671,467,68,17-02-2017
12906,1393,13741,710,197,178,11-10-2017
12907,1393,5124,183,234,135,07-10-2017
12908,1393,9163,328,116,113,08-10-2017
12909,1393,12836,1262,292,56,13-10-2017
12910,1393,4777,400,54,61,10-10-2017
12911,1393,23714,2744,236,15,05-10-2017
12912,1393,11366,663,273,133,09-10-2017
12913,1394,15225,1202,196,3,10-01-2017
12914,1394,19711,2317,377,192,14-12-2016
12915,1394,21165,2304,158,13,06-12-2016
12916,1394,21044,2260,281,109,02-12-2016
12917,1394,5001,109,430,120,26-12-2016
12918,1394,8141,584,264,0,18-12-2016
12919,1394,21093,1179,437,1,03-12-2016
12920,1394,23646,1494,126,33,01-12-2016
12921,1395,19618,1007,374,128,06-07-2017
12922,1395,24971,1981,318,45,08-07-2017
12923,1395,20440,1539,88,7,03-07-2017
12924,1395,23740,1347,88,14,07-07-2017
12925,1395,20415,1300,87,87,01-07-2017
12926,1396,4534,99,325,83,09-10-2016
12927,1396,13648,414,442,97,26-09-2016
12928,1396,11119,853,82,163,28-09-2016
12929,1396,16502,383,17,100,13-10-2016
12930,1396,16570,1911,474,49,22-10-2016
12931,1396,5368,563,242,47,17-10-2016
12932,1396,17192,1294,40,63,11-10-2016
12933,1396,5736,338,8,162,20-10-2016
12934,1396,18663,1103,435,143,24-09-2016
12935,1396,19250,1276,205,48,30-09-2016
12936,1396,15280,1552,170,181,12-10-2016
12937,1396,10669,1096,438,153,03-10-2016
12938,1396,13220,1396,237,154,08-10-2016
12939,1397,13244,844,292,185,17-07-2016
12940,1397,14147,899,324,151,15-07-2016
12941,1397,13224,464,159,154,24-07-2016
12942,1397,20165,1691,287,146,07-07-2016
12943,1397,15094,699,331,174,26-07-2016
12944,1397,18359,2187,391,117,21-07-2016
12945,1398,4282,429,250,155,21-07-2017
12946,1398,7803,423,421,187,15-07-2017
12947,1398,23980,2728,8,126,26-07-2017
12948,1398,10705,674,404,51,18-07-2017
12949,1398,14412,1220,227,112,16-07-2017
12950,1399,22570,1519,465,53,11-08-2017
12951,1399,13090,721,249,92,31-08-2017
12952,1399,21434,844,25,81,30-08-2017
12953,1399,13386,301,421,68,16-08-2017
12954,1399,16448,896,348,128,18-08-2017
12955,1399,23584,2723,221,124,15-08-2017
12956,1399,9617,655,295,31,06-08-2017
12957,1400,5756,281,132,1,01-06-2016
12958,1400,6881,506,131,199,31-05-2016
12959,1400,23183,1401,91,67,02-06-2016
12960,1400,19986,2007,248,107,25-05-2016
12961,1400,11649,567,95,11,03-06-2016
12962,1400,8955,239,263,26,29-05-2016
12963,1400,12206,1333,96,189,26-05-2016
12964,1400,5136,131,233,183,27-05-2016
12965,1400,16601,1635,278,84,30-05-2016
12966,1400,24210,1874,202,29,28-05-2016
12967,1401,20525,2448,151,85,05-02-2017
12968,1401,15181,1220,373,191,03-02-2017
12969,1401,19033,386,343,172,18-02-2017
12970,1401,18525,1693,315,31,11-02-2017
12971,1401,18745,2035,88,139,09-02-2017
12972,1401,23823,1097,8,181,12-02-2017
12973,1401,10784,1024,297,117,04-02-2017
12974,1401,17056,387,30,42,13-02-2017
12975,1401,24472,1460,159,139,06-02-2017
12976,1401,24968,1078,62,88,07-02-2017
12977,1401,23868,647,46,165,02-02-2017
12978,1402,12937,967,133,185,05-07-2017
12979,1402,23152,1925,17,90,02-07-2017
12980,1402,22898,458,293,121,30-06-2017
12981,1402,17151,573,385,59,01-07-2017
12982,1402,22914,2483,203,18,03-07-2017
12983,1402,7703,829,254,133,04-07-2017
12984,1402,12097,422,286,36,06-07-2017
12985,1402,3483,311,85,77,26-06-2017
12986,1403,14041,1210,55,80,14-04-2016
12987,1403,18797,618,69,54,27-04-2016
12988,1403,23394,2792,443,91,16-04-2016
12989,1403,11245,1124,381,85,11-04-2016
12990,1403,13250,900,484,146,28-04-2016
12991,1403,21081,1521,21,56,19-04-2016
12992,1404,10658,534,20,176,23-06-2016
12993,1404,16693,1096,229,180,25-06-2016
12994,1404,11301,739,463,40,14-06-2016
12995,1404,13861,1566,390,192,22-06-2016
12996,1404,23949,639,361,134,13-06-2016
12997,1404,20290,1599,88,54,26-06-2016
12998,1404,24007,746,276,11,30-06-2016
12999,1404,11565,806,336,159,19-06-2016
13000,1404,12617,862,294,178,11-06-2016
13001,1404,8846,275,375,46,16-06-2016
13002,1404,23910,2652,208,79,27-06-2016
13003,1404,24598,2115,38,136,24-06-2016
13004,1404,20379,1206,467,95,21-06-2016
13005,1404,20124,1166,167,45,28-06-2016
13006,1404,5855,392,350,94,18-06-2016
13007,1405,6096,667,365,112,18-12-2017
13008,1405,16609,1755,108,60,21-12-2017
13009,1405,5068,301,138,10,23-12-2017
13010,1405,19019,1333,306,188,22-12-2017
13011,1405,7231,525,206,163,24-12-2017
13012,1405,12065,1060,483,140,19-12-2017
13013,1405,19364,911,286,170,15-12-2017
13014,1405,13401,474,149,152,16-12-2017
13015,1405,16254,713,39,57,20-12-2017
13016,1405,8820,200,2,69,09-12-2017
13017,1405,15941,1595,275,143,06-12-2017
13018,1406,9438,510,482,185,20-06-2016
13019,1406,3528,101,152,195,10-07-2016
13020,1406,21515,1567,200,14,04-07-2016
13021,1406,18590,708,98,157,14-07-2016
13022,1406,17048,1982,408,7,21-06-2016
13023,1407,6550,709,169,26,20-01-2017
13024,1407,6198,538,216,40,24-01-2017
13025,1407,20696,1334,471,156,31-01-2017
13026,1407,13724,964,392,53,04-02-2017
13027,1407,6064,590,450,115,21-01-2017
13028,1407,13771,1218,58,157,01-02-2017
13029,1407,21126,1851,162,0,26-01-2017
13030,1407,24454,2358,404,163,05-02-2017
13031,1408,13335,1346,453,168,13-03-2017
13032,1408,7053,482,186,28,23-03-2017
13033,1408,3598,260,254,190,07-03-2017
13034,1408,7253,690,87,197,04-03-2017
13035,1408,17119,1503,26,180,01-03-2017
13036,1408,19388,1237,171,48,02-04-2017
13037,1408,12031,556,80,56,12-03-2017
13038,1409,18027,897,182,60,15-07-2016
13039,1409,16590,698,129,106,27-07-2016
13040,1409,14733,1393,348,144,08-07-2016
13041,1409,18854,888,382,44,19-07-2016
13042,1409,16630,1672,185,103,21-07-2016
13043,1409,18925,1583,266,184,12-07-2016
13044,1409,15453,1037,17,5,13-07-2016
13045,1409,11241,1189,236,126,28-07-2016
13046,1409,12025,576,151,34,10-07-2016
13047,1409,16949,615,450,70,17-07-2016
13048,1409,15968,823,312,173,07-07-2016
13049,1410,16117,1607,417,125,29-04-2016
13050,1410,10403,544,80,70,19-04-2016
13051,1410,5614,581,16,11,20-04-2016
13052,1410,24875,1937,369,17,30-04-2016
13053,1410,14943,1094,311,168,15-04-2016
13054,1410,13415,1596,206,114,26-04-2016
13055,1410,23541,996,343,120,03-05-2016
13056,1410,13595,659,365,82,14-04-2016
13057,1410,13510,1313,285,167,13-04-2016
13058,1410,15454,1817,32,195,18-04-2016
13059,1410,23909,944,180,137,02-05-2016
13060,1410,5545,468,402,195,22-04-2016
13061,1410,10570,277,141,59,23-04-2016
13062,1410,6930,553,451,173,21-04-2016
13063,1410,11646,794,465,7,25-04-2016
13064,1411,21251,908,486,111,31-08-2017
13065,1411,15503,1278,157,121,08-08-2017
13066,1411,3054,285,344,130,31-07-2017
13067,1411,16492,1328,276,1,03-09-2017
13068,1411,8858,626,68,179,11-08-2017
13069,1411,14392,1375,479,72,15-08-2017
13070,1411,13518,388,436,187,29-07-2017
13071,1411,3384,313,178,98,04-08-2017
13072,1412,22077,2541,149,19,12-10-2016
13073,1412,10110,520,320,87,09-10-2016
13074,1412,11714,355,305,6,07-10-2016
13075,1412,14758,577,398,76,06-10-2016
13076,1412,10930,1085,427,107,27-09-2016
13077,1412,3627,200,106,196,26-09-2016
13078,1412,7709,260,256,19,08-10-2016
13079,1412,8883,301,477,40,01-10-2016
13080,1412,16370,1887,436,45,30-09-2016
13081,1413,19267,1316,231,196,26-09-2017
13082,1413,6609,236,246,152,02-10-2017
13083,1413,5166,522,213,80,14-10-2017
13084,1413,4462,323,110,151,16-10-2017
13085,1413,22858,1946,191,159,10-10-2017
13086,1414,16439,1074,244,166,13-12-2016
13087,1414,4885,379,139,177,04-01-2017
13088,1414,12050,577,145,190,05-01-2017
13089,1414,4732,172,35,39,16-12-2016
13090,1414,6000,500,475,7,27-12-2016
13091,1414,7313,428,273,177,03-01-2017
13092,1414,14139,1329,158,21,28-12-2016
13093,1414,14126,751,255,45,02-12-2016
13094,1414,21766,2208,167,43,30-11-2016
13095,1415,5262,258,435,61,13-02-2017
13096,1415,12509,417,36,120,29-01-2017
13097,1415,18044,1355,289,166,17-02-2017
13098,1415,5361,623,279,172,12-02-2017
13099,1415,8480,735,230,127,14-01-2017
13100,1415,3667,229,339,51,18-02-2017
13101,1415,4449,505,298,79,25-02-2017
13102,1415,8471,291,147,89,15-01-2017
13103,1416,22611,1143,373,9,12-08-2017
13104,1416,19520,2234,441,125,11-08-2017
13105,1416,19947,2175,435,105,14-08-2017
13106,1416,5837,200,180,193,17-08-2017
13107,1416,8435,300,359,159,22-08-2017
13108,1416,23313,2411,435,23,18-08-2017
13109,1416,23583,2447,209,196,10-08-2017
13110,1416,8794,183,324,54,15-08-2017
13111,1416,13131,1179,401,14,21-08-2017
13112,1416,4032,435,145,75,19-08-2017
13113,1416,21336,2105,198,177,16-08-2017
13114,1416,13323,814,102,8,20-08-2017
13115,1417,12184,569,278,32,23-05-2016
13116,1417,18369,1655,459,82,17-05-2016
13117,1417,14013,1071,300,6,25-05-2016
13118,1417,19994,2297,443,35,20-05-2016
13119,1417,24631,1654,75,8,28-05-2016
13120,1417,15088,641,252,120,27-05-2016
13121,1418,6433,744,345,132,19-04-2016
13122,1418,22594,1531,204,184,28-03-2016
13123,1418,10448,563,257,141,29-03-2016
13124,1418,13817,1117,486,147,09-04-2016
13125,1418,13756,635,472,4,21-03-2016
13126,1418,6897,430,122,100,18-04-2016
13127,1419,23314,1746,425,8,24-12-2017
13128,1419,16074,946,12,172,03-01-2018
13129,1419,19319,825,241,21,20-12-2017
13130,1419,10401,459,458,147,04-01-2018
13131,1419,24307,1122,385,118,14-12-2017
13132,1419,14130,751,69,158,06-01-2018
13133,1419,12474,1355,450,68,15-12-2017
13134,1420,6321,371,119,129,27-03-2016
13135,1420,3815,354,79,183,29-03-2016
13136,1420,5911,254,163,31,22-03-2016
13137,1420,23963,1643,237,196,26-03-2016
13138,1420,18852,2147,380,193,18-03-2016
13139,1421,9934,298,307,13,09-08-2017
13140,1421,13672,1191,57,14,13-07-2017
13141,1421,22372,1530,475,13,28-07-2017
13142,1421,11936,780,193,89,17-08-2017
13143,1421,11245,1291,201,96,22-08-2017
13144,1421,23965,2060,55,120,23-08-2017
13145,1421,6824,349,337,93,12-07-2017
13146,1421,8673,182,308,31,31-07-2017
13147,1421,22179,1288,202,149,27-07-2017
13148,1421,5181,483,496,80,03-08-2017
13149,1421,14986,1577,25,131,21-08-2017
13150,1421,12158,691,68,58,15-08-2017
13151,1421,20479,1635,137,197,15-07-2017
13152,1421,7581,533,495,149,29-07-2017
13153,1421,6633,446,355,116,13-08-2017
13154,1422,14825,1294,170,176,17-06-2016
13155,1422,6640,199,119,109,30-06-2016
13156,1422,6413,250,94,54,27-06-2016
13157,1422,8652,277,456,164,22-06-2016
13158,1422,18595,1336,172,114,14-06-2016
13159,1422,18582,1418,51,22,15-06-2016
13160,1422,19011,818,106,167,24-06-2016
13161,1422,13872,899,64,71,18-06-2016
13162,1422,23127,2669,163,87,26-06-2016
13163,1422,20216,2126,427,131,04-07-2016
13164,1422,16573,1652,237,22,03-07-2016
13165,1423,10133,592,381,191,26-10-2017
13166,1423,13500,905,264,6,07-11-2017
13167,1423,10228,801,383,178,01-11-2017
13168,1423,6764,154,191,3,03-10-2017
13169,1423,6939,488,279,38,28-09-2017
13170,1423,9707,665,219,127,31-10-2017
13171,1423,6784,383,326,40,03-11-2017
13172,1423,8270,350,429,196,13-10-2017
13173,1423,4900,545,207,116,17-10-2017
13174,1423,12111,711,471,43,28-10-2017
13175,1423,8074,428,184,116,29-10-2017
13176,1423,21400,2539,256,143,18-10-2017
13177,1423,20038,2156,97,198,07-10-2017
13178,1423,13084,1366,105,25,29-09-2017
13179,1424,21628,699,347,136,26-09-2017
13180,1424,16245,1057,342,51,24-09-2017
13181,1424,11241,970,427,19,03-10-2017
13182,1424,8145,556,427,80,23-09-2017
13183,1424,16131,1564,99,155,28-10-2017
13184,1424,21255,1008,147,125,09-10-2017
13185,1424,24663,1888,199,139,17-10-2017
13186,1424,9291,694,92,181,27-09-2017
13187,1424,6430,294,428,182,26-10-2017
13188,1424,23608,774,473,191,13-10-2017
13189,1424,3709,156,117,140,05-10-2017
13190,1424,7065,727,108,24,30-09-2017
13191,1424,21198,577,187,68,19-10-2017
13192,1424,21106,1992,220,88,29-09-2017
13193,1424,7858,648,394,69,06-10-2017
13194,1425,18985,589,163,95,07-02-2016
13195,1425,4723,193,189,113,29-02-2016
13196,1425,20580,996,126,19,14-02-2016
13197,1425,4744,328,356,52,21-02-2016
13198,1425,8413,361,411,46,17-02-2016
13199,1425,15197,575,229,103,08-02-2016
13200,1425,15866,641,84,35,13-02-2016
13201,1425,9495,496,498,34,19-02-2016
13202,1425,8638,991,393,70,06-02-2016
13203,1425,22120,1235,224,90,26-02-2016
13204,1425,18876,963,305,27,09-02-2016
13205,1425,7694,175,102,22,15-02-2016
13206,1425,9110,560,179,105,25-02-2016
13207,1425,18109,1001,84,86,18-02-2016
13208,1426,16498,699,444,141,18-05-2016
13209,1426,8811,1039,491,33,28-05-2016
13210,1426,15104,1399,26,53,13-05-2016
13211,1426,7433,337,324,46,08-05-2016
13212,1426,21765,2476,424,174,10-06-2016
13213,1427,14998,830,174,4,14-10-2017
13214,1427,5700,574,448,111,06-10-2017
13215,1427,13531,1377,390,108,27-09-2017
13216,1427,9023,316,237,102,16-10-2017
13217,1427,18724,1170,365,76,21-09-2017
13218,1427,13463,1432,163,56,02-10-2017
13219,1428,7848,819,395,132,15-07-2017
13220,1428,22629,1397,386,161,23-07-2017
13221,1428,6542,316,140,67,30-07-2017
13222,1428,8718,195,232,24,14-08-2017
13223,1428,22413,449,311,75,18-07-2017
13224,1428,4096,117,345,56,25-07-2017
13225,1428,23993,2087,75,174,15-08-2017
13226,1428,24982,2307,413,169,08-08-2017
13227,1428,15689,1587,245,101,27-07-2017
13228,1428,9996,503,213,180,07-08-2017
13229,1428,18035,1169,91,69,02-08-2017
13230,1428,21418,2026,255,109,26-07-2017
13231,1428,20207,2097,60,145,19-07-2017
13232,1429,15589,586,306,199,24-01-2016
13233,1429,7360,271,79,179,26-01-2016
13234,1429,4528,251,180,20,22-01-2016
13235,1429,4212,325,160,192,27-01-2016
13236,1429,3545,154,173,87,25-01-2016
13237,1430,7751,214,353,114,16-09-2017
13238,1430,6052,200,325,102,03-09-2017
13239,1430,21564,1860,223,158,12-09-2017
13240,1430,14184,429,24,72,11-09-2017
13241,1430,23227,2730,307,38,06-09-2017
13242,1430,23486,580,22,95,18-09-2017
13243,1430,11957,1403,422,115,14-09-2017
13244,1430,15244,731,477,143,15-09-2017
13245,1430,10654,1209,200,86,02-09-2017
13246,1430,11343,446,0,181,13-09-2017
13247,1431,14437,817,149,106,30-06-2016
13248,1431,10861,292,81,100,22-07-2016
13249,1431,9826,471,449,77,25-07-2016
13250,1431,6912,460,92,115,15-07-2016
13251,1431,19727,2064,322,169,17-07-2016
13252,1431,24657,1956,425,55,28-07-2016
13253,1431,17231,851,7,80,02-08-2016
13254,1432,18325,560,346,35,20-12-2016
13255,1432,9706,343,39,95,23-12-2016
13256,1432,6333,269,366,161,24-12-2016
13257,1432,18885,2156,90,105,29-12-2016
13258,1432,17150,1642,72,67,17-12-2016
13259,1432,3935,144,443,149,26-12-2016
13260,1432,16699,480,162,24,31-12-2016
13261,1432,16813,811,83,85,02-01-2017
13262,1432,5224,212,85,103,25-12-2016
13263,1432,23762,1252,423,40,19-12-2016
13264,1432,14199,518,240,166,27-12-2016
13265,1433,4063,445,466,133,02-11-2016
13266,1433,11557,1310,300,195,12-11-2016
13267,1433,15084,413,141,72,05-11-2016
13268,1433,14520,1326,413,25,06-11-2016
13269,1433,8211,380,449,129,09-11-2016
13270,1433,17960,1255,373,62,11-11-2016
13271,1433,8686,985,414,137,19-11-2016
13272,1433,13230,1165,80,13,08-11-2016
13273,1433,23984,2629,425,28,03-11-2016
13274,1433,7121,776,54,56,18-11-2016
13275,1433,5770,464,485,11,13-11-2016
13276,1433,7974,253,420,164,04-11-2016
13277,1433,17742,1650,233,4,07-11-2016
13278,1433,8915,764,453,72,17-11-2016
13279,1433,11469,307,197,41,16-11-2016
13280,1434,12494,890,493,185,23-12-2016
13281,1434,9813,604,421,152,19-01-2017
13282,1434,23255,847,461,140,22-12-2016
13283,1434,18622,1541,180,28,15-01-2017
13284,1434,21307,2229,220,190,25-12-2016
13285,1435,6462,696,467,184,13-09-2017
13286,1435,12492,1261,216,91,11-09-2017
13287,1435,5917,156,432,79,07-09-2017
13288,1435,12452,551,148,56,19-09-2017
13289,1435,15779,1157,433,106,12-09-2017
13290,1435,3826,176,77,46,06-09-2017
13291,1435,20300,1761,456,133,17-09-2017
13292,1435,13147,774,389,111,14-09-2017
13293,1435,9967,597,377,191,15-09-2017
13294,1435,19066,1510,446,58,09-09-2017
13295,1435,3633,423,90,116,08-09-2017
13296,1435,20289,535,286,175,10-09-2017
13297,1435,4590,364,484,97,18-09-2017
13298,1435,24365,2789,236,153,16-09-2017
13299,1436,7611,912,358,29,02-03-2016
13300,1436,10989,243,321,111,04-03-2016
13301,1436,5803,227,297,54,28-02-2016
13302,1436,24326,1844,460,112,06-03-2016
13303,1436,12259,470,94,161,01-03-2016
13304,1436,21120,2508,87,84,03-03-2016
13305,1436,24439,2914,30,194,29-02-2016
13306,1437,12342,1121,489,95,06-03-2016
13307,1437,18186,1033,401,144,01-03-2016
13308,1437,10557,742,126,0,04-03-2016
13309,1437,4078,366,244,115,18-02-2016
13310,1437,16104,806,157,113,20-02-2016
13311,1437,9076,225,111,11,26-02-2016
13312,1437,6619,324,344,9,05-03-2016
13313,1437,15039,1515,484,144,09-03-2016
13314,1437,19432,1360,181,60,22-02-2016
13315,1437,16849,998,307,46,14-02-2016
13316,1437,12477,1235,479,97,28-02-2016
13317,1437,24207,1536,381,9,25-02-2016
13318,1437,15711,1274,283,169,02-03-2016
13319,1438,3763,111,103,195,13-12-2016
13320,1438,16399,1774,174,22,03-12-2016
13321,1438,17154,1594,466,178,29-11-2016
13322,1438,12425,286,405,167,07-12-2016
13323,1438,22579,1939,122,84,06-12-2016
13324,1438,5959,165,8,166,27-11-2016
13325,1438,9236,876,36,91,09-12-2016
13326,1438,14323,1292,311,193,28-11-2016
13327,1438,19633,1021,437,163,12-12-2016
13328,1438,5685,230,115,2,30-11-2016
13329,1439,12008,1353,190,2,09-10-2017
13330,1439,22553,768,85,3,12-10-2017
13331,1439,18088,2064,479,2,13-10-2017
13332,1439,9407,299,480,102,11-10-2017
13333,1439,20305,2074,310,51,05-10-2017
13334,1440,8733,903,403,130,29-08-2017
13335,1440,11647,339,249,101,09-09-2017
13336,1440,20604,1095,244,74,08-09-2017
13337,1440,22418,1711,151,84,01-09-2017
13338,1440,15833,674,379,64,05-09-2017
13339,1440,20429,2088,33,122,26-08-2017
13340,1440,14878,1201,384,197,31-08-2017
13341,1441,15610,912,122,21,17-02-2016
13342,1441,8195,966,315,100,23-02-2016
13343,1441,22327,1736,244,55,08-03-2016
13344,1441,21188,1328,53,90,11-02-2016
13345,1441,12500,482,304,60,24-02-2016
13346,1441,13291,475,57,91,06-03-2016
13347,1441,17027,1479,177,144,26-02-2016
13348,1441,16159,1369,265,168,04-03-2016
13349,1441,12918,1501,389,83,19-02-2016
13350,1441,15527,1372,77,181,05-02-2016
13351,1441,22694,1426,132,189,07-03-2016
13352,1442,7170,293,444,152,06-04-2017
13353,1442,18157,1067,227,48,07-05-2017
13354,1442,6356,618,372,15,24-04-2017
13355,1442,15061,861,387,110,08-04-2017
13356,1442,7626,559,369,7,11-05-2017
13357,1442,5708,672,431,90,16-04-2017
13358,1442,21721,2455,340,76,18-04-2017
13359,1442,6231,452,236,107,02-05-2017
13360,1442,23550,969,291,106,01-05-2017
13361,1442,5963,346,280,163,20-04-2017
13362,1442,6940,242,105,52,02-04-2017
13363,1442,20664,1623,400,162,07-04-2017
13364,1442,6702,730,25,30,23-04-2017
13365,1442,17351,1943,471,179,13-04-2017
13366,1442,13894,1326,220,157,28-04-2017
13367,1443,21469,1932,450,136,09-09-2017
13368,1443,16728,478,323,40,29-08-2017
13369,1443,7149,676,319,67,10-09-2017
13370,1443,17701,400,237,171,17-08-2017
13371,1443,18370,2162,20,67,31-08-2017
13372,1443,17130,513,232,13,01-09-2017
13373,1443,24604,2316,31,17,25-08-2017
13374,1443,14393,954,285,40,21-08-2017
13375,1443,16096,1524,286,125,28-08-2017
13376,1443,11915,827,40,124,04-09-2017
13377,1443,23823,2119,66,139,20-08-2017
13378,1443,3910,425,475,13,02-09-2017
13379,1444,19449,1665,157,14,26-09-2016
13380,1444,13918,441,313,14,22-09-2016
13381,1444,24253,2283,29,127,01-10-2016
13382,1444,15274,649,141,14,24-09-2016
13383,1444,10921,1257,329,50,07-10-2016
13384,1444,13199,1419,304,89,27-09-2016
13385,1444,20788,1783,375,99,25-09-2016
13386,1444,20831,2342,224,150,11-10-2016
13387,1444,17950,360,453,25,28-09-2016
13388,1444,13897,1444,2,112,09-10-2016
13389,1444,20937,1253,61,180,04-10-2016
13390,1444,8911,1049,207,92,06-10-2016
13391,1444,13770,394,24,65,21-09-2016
13392,1444,24914,1235,167,4,29-09-2016
13393,1444,15119,1766,78,61,10-10-2016
13394,1445,8930,681,52,145,09-10-2016
13395,1445,4963,487,453,193,25-10-2016
13396,1445,7874,367,111,119,24-09-2016
13397,1445,7859,894,404,18,20-10-2016
13398,1445,3224,195,320,13,29-09-2016
13399,1445,22085,1084,351,80,01-11-2016
13400,1445,17188,1230,449,142,23-09-2016
13401,1445,16637,1343,438,97,30-10-2016
13402,1445,5248,136,421,71,16-10-2016
13403,1446,7788,810,145,139,23-05-2017
13404,1446,17632,1738,138,32,17-05-2017
13405,1446,4159,379,425,105,30-05-2017
13406,1446,5231,491,432,120,20-05-2017
13407,1446,19060,1426,251,70,31-05-2017
13408,1446,21957,474,477,165,16-05-2017
13409,1446,22636,1322,248,79,27-05-2017
13410,1446,20339,2112,303,125,24-05-2017
13411,1447,22801,2109,306,44,11-08-2016
13412,1447,21107,1748,449,144,07-08-2016
13413,1447,11296,1279,341,57,29-06-2016
13414,1447,13074,1040,382,74,12-07-2016
13415,1447,7069,457,233,102,29-07-2016
13416,1447,24413,1237,306,167,22-07-2016
13417,1447,22486,2132,345,45,27-06-2016
13418,1448,7143,795,481,132,11-07-2016
13419,1448,23379,2789,28,199,08-08-2016
13420,1448,11043,1259,430,52,17-07-2016
13421,1448,11381,1178,477,84,21-07-2016
13422,1448,9596,718,269,24,13-07-2016
13423,1448,4120,199,230,16,08-07-2016
13424,1448,6333,158,181,52,31-07-2016
13425,1448,11016,434,145,90,25-07-2016
13426,1448,22711,2669,472,149,19-07-2016
13427,1448,11881,1370,435,132,23-07-2016
13428,1448,22725,1078,304,100,30-07-2016
13429,1448,17778,1949,125,196,04-08-2016
13430,1448,17160,503,38,53,06-08-2016
13431,1448,7770,693,93,146,03-08-2016
13432,1448,10157,511,145,40,06-07-2016
13433,1449,20414,468,476,18,18-01-2017
13434,1449,23257,1635,226,42,03-02-2017
13435,1449,24558,1151,336,71,19-01-2017
13436,1449,21432,1697,366,17,11-01-2017
13437,1449,19931,2269,59,104,24-01-2017
13438,1449,11486,380,432,48,27-12-2016
13439,1449,6028,129,65,142,07-01-2017
13440,1449,9641,1148,450,39,05-02-2017
13441,1449,16628,1116,155,185,28-01-2017
13442,1449,17014,418,330,31,09-01-2017
13443,1449,24261,507,192,99,29-01-2017
13444,1449,9476,466,449,67,17-01-2017
13445,1450,15618,1689,424,191,31-10-2016
13446,1450,20862,837,473,96,09-11-2016
13447,1450,14344,1666,251,153,06-11-2016
13448,1450,22564,1330,305,116,14-11-2016
13449,1450,8650,425,62,172,03-11-2016
13450,1450,13005,861,381,159,01-11-2016
13451,1450,22263,2605,464,127,10-11-2016
13452,1450,17607,1283,284,9,02-11-2016
13453,1450,23374,2441,486,150,11-11-2016
13454,1450,6852,149,446,185,13-11-2016
13455,1450,19129,1790,368,80,04-11-2016
13456,1450,7076,311,328,50,08-11-2016
13457,1450,13234,526,185,73,05-11-2016
13458,1450,24921,1357,463,185,07-11-2016
13459,1451,13702,1013,127,18,09-06-2016
13460,1451,3293,357,89,35,16-06-2016
13461,1451,9728,918,428,88,24-05-2016
13462,1451,9849,539,283,33,02-06-2016
13463,1451,6378,325,21,171,06-06-2016
13464,1451,18744,749,471,86,17-06-2016
13465,1451,10358,998,386,128,15-05-2016
13466,1451,11369,1185,405,170,20-06-2016
13467,1451,11734,712,202,119,20-05-2016
13468,1451,5007,414,310,75,19-05-2016
13469,1451,6748,793,223,176,30-05-2016
13470,1452,15954,1630,47,157,17-04-2017
13471,1452,21517,1552,93,39,20-04-2017
13472,1452,14460,1174,93,64,24-04-2017
13473,1452,20731,1855,316,68,19-04-2017
13474,1452,12608,1508,206,39,21-04-2017
13475,1452,10473,1103,19,92,12-04-2017
13476,1452,11741,768,12,62,25-04-2017
13477,1453,13011,1164,424,80,13-02-2017
13478,1453,16016,1329,459,152,31-01-2017
13479,1453,3379,222,465,153,23-01-2017
13480,1453,10531,842,369,38,21-01-2017
13481,1453,19027,1578,41,175,26-02-2017
13482,1453,16310,1594,193,58,20-02-2017
13483,1453,22194,931,142,157,02-02-2017
13484,1453,13822,993,427,93,28-01-2017
13485,1453,21691,1147,10,189,01-02-2017
13486,1454,17613,1423,244,168,16-10-2017
13487,1454,13696,889,292,154,01-11-2017
13488,1454,12277,706,344,71,21-10-2017
13489,1454,9502,424,89,170,29-10-2017
13490,1454,16311,686,10,25,20-10-2017
13491,1454,16262,1580,400,17,05-11-2017
13492,1454,24659,1395,209,29,14-10-2017
13493,1454,15470,717,247,106,15-10-2017
13494,1455,8345,309,205,21,11-09-2016
13495,1455,7972,343,336,45,19-09-2016
13496,1455,4002,111,278,41,13-09-2016
13497,1455,12450,940,189,45,07-09-2016
13498,1455,3917,140,126,62,17-09-2016
13499,1455,14749,1091,240,14,09-09-2016
13500,1456,9907,710,207,70,09-08-2016
13501,1456,13371,703,233,73,02-08-2016
13502,1456,4353,173,255,193,23-07-2016
13503,1456,6171,336,92,136,26-07-2016
13504,1456,22875,1059,358,102,06-08-2016
13505,1456,19696,744,150,158,01-08-2016
13506,1456,17533,1208,45,49,15-07-2016
13507,1456,22911,894,21,111,27-07-2016
13508,1457,7782,379,195,182,27-10-2017
13509,1457,18111,2059,461,123,04-11-2017
13510,1457,20462,2034,363,95,24-10-2017
13511,1457,15976,1020,447,63,09-11-2017
13512,1457,23850,2238,497,106,08-11-2017
13513,1457,23017,1892,112,12,20-10-2017
13514,1457,20338,2175,192,198,13-11-2017
13515,1457,3517,134,235,169,12-11-2017
13516,1457,15205,382,471,178,05-11-2017
13517,1457,7951,949,26,49,01-11-2017
13518,1457,17721,615,468,43,30-10-2017
13519,1457,18552,480,229,84,25-10-2017
13520,1457,5119,260,291,27,22-10-2017
13521,1458,14305,1698,409,128,08-06-2016
13522,1458,15247,346,185,148,09-05-2016
13523,1458,6796,376,279,57,16-05-2016
13524,1458,13715,721,163,125,11-05-2016
13525,1458,12911,1293,149,15,14-05-2016
13526,1458,13198,1135,140,118,22-05-2016
13527,1458,4189,307,263,23,05-06-2016
13528,1458,22783,880,306,58,26-05-2016
13529,1458,16420,1467,9,124,12-05-2016
13530,1458,8055,732,310,154,28-05-2016
13531,1458,16847,1631,429,129,21-05-2016
13532,1458,16656,1688,2,120,13-05-2016
13533,1458,3337,113,398,40,23-05-2016
13534,1458,11332,1181,164,75,02-06-2016
13535,1459,16310,1625,293,35,26-04-2016
13536,1459,11661,847,366,32,22-04-2016
13537,1459,14984,1693,17,197,27-04-2016
13538,1459,17568,1772,362,146,04-05-2016
13539,1459,4097,198,184,23,01-05-2016
13540,1459,24979,1575,286,16,30-04-2016
13541,1459,6402,354,58,141,23-04-2016
13542,1459,19372,1302,362,157,19-04-2016
13543,1459,6766,637,364,84,25-04-2016
13544,1459,15144,1269,290,87,29-04-2016
13545,1459,13470,747,42,43,24-04-2016
13546,1459,24341,1283,435,114,28-04-2016
13547,1459,8745,990,439,11,20-04-2016
13548,1459,13689,651,299,103,03-05-2016
13549,1460,11468,592,148,99,24-12-2016
13550,1460,24231,2591,117,87,18-12-2016
13551,1460,14660,383,453,82,19-12-2016
13552,1460,15273,1669,383,158,23-12-2016
13553,1460,24892,2320,315,143,26-12-2016
13554,1460,17636,610,194,46,28-12-2016
13555,1460,12498,726,221,158,22-12-2016
13556,1460,20902,1239,85,54,25-12-2016
13557,1461,24919,2639,262,1,27-09-2017
13558,1461,7142,625,442,137,28-09-2017
13559,1461,23128,1392,244,70,02-10-2017
13560,1461,15248,1297,11,198,11-10-2017
13561,1461,23003,1357,213,105,24-09-2017
13562,1461,23245,1987,231,170,19-09-2017
13563,1461,4334,161,197,41,25-09-2017
13564,1461,20269,1110,85,151,29-09-2017
13565,1461,24133,631,317,164,05-10-2017
13566,1461,23231,2543,345,120,04-10-2017
13567,1461,5152,402,161,32,21-09-2017
13568,1461,21245,1076,482,128,23-09-2017
13569,1461,17706,543,423,176,03-10-2017
13570,1461,8757,773,464,106,06-10-2017
13571,1462,10947,234,249,93,18-03-2016
13572,1462,19633,1050,445,0,02-03-2016
13573,1462,21329,1128,397,82,13-03-2016
13574,1462,15203,1324,141,183,24-02-2016
13575,1462,13325,720,266,67,19-03-2016
13576,1462,7866,391,444,133,18-02-2016
13577,1462,6298,406,231,146,16-02-2016
13578,1462,12882,991,318,153,22-02-2016
13579,1462,21059,549,53,117,17-03-2016
13580,1462,24838,777,211,64,15-03-2016
13581,1462,19998,744,127,41,14-02-2016
13582,1462,4779,380,111,125,17-02-2016
13583,1462,16349,1527,350,67,12-02-2016
13584,1462,18042,2120,303,153,28-02-2016
13585,1463,15690,760,271,186,27-08-2017
13586,1463,10482,612,401,71,30-08-2017
13587,1463,6862,321,30,151,29-08-2017
13588,1463,22641,2244,371,108,17-08-2017
13589,1463,5283,461,192,15,12-09-2017
13590,1463,14052,826,375,118,03-09-2017
13591,1463,3228,162,255,56,11-09-2017
13592,1463,3295,264,406,176,20-08-2017
13593,1463,10577,1268,485,14,04-09-2017
13594,1463,23553,2017,70,93,01-09-2017
13595,1463,19789,1005,228,28,02-09-2017
13596,1463,20974,972,282,168,10-09-2017
13597,1463,24203,2664,213,18,23-08-2017
13598,1463,3112,355,139,26,26-08-2017
13599,1464,12019,979,492,63,23-08-2017
13600,1464,16385,1293,484,149,06-08-2017
13601,1464,8691,340,113,188,19-08-2017
13602,1464,15930,1011,38,43,20-08-2017
13603,1464,14810,543,162,175,12-08-2017
13604,1465,6705,516,378,13,14-05-2017
13605,1465,4380,272,28,38,12-05-2017
13606,1465,20666,1066,99,34,20-05-2017
13607,1465,19934,1375,108,113,21-05-2017
13608,1465,19139,2044,294,176,15-05-2017
13609,1465,21564,779,476,68,13-05-2017
13610,1465,7221,728,385,62,18-05-2017
13611,1465,22176,862,111,92,22-05-2017
13612,1466,22613,2676,378,91,24-08-2017
13613,1466,21926,2020,328,4,30-08-2017
13614,1466,15925,426,180,93,18-08-2017
13615,1466,14621,622,26,88,28-08-2017
13616,1466,6306,558,431,68,25-08-2017
13617,1466,14783,1056,113,106,21-08-2017
13618,1466,7798,187,242,184,26-08-2017
13619,1466,18052,2011,303,160,19-08-2017
13620,1466,15058,321,429,145,27-08-2017
13621,1466,21857,1108,370,105,20-08-2017
13622,1466,5965,567,265,179,23-08-2017
13623,1466,13612,1006,392,27,29-08-2017
13624,1466,4526,132,432,13,17-08-2017
13625,1467,5080,250,424,65,28-03-2017
13626,1467,11784,373,290,82,25-03-2017
13627,1467,19726,1516,265,164,04-04-2017
13628,1467,4368,148,108,170,11-03-2017
13629,1467,11595,571,399,14,08-04-2017
13630,1467,20143,1346,222,130,12-03-2017
13631,1468,20066,1600,23,175,16-07-2016
13632,1468,15864,1780,168,96,17-07-2016
13633,1468,4593,369,205,145,19-07-2016
13634,1468,16942,701,70,136,06-07-2016
13635,1468,6858,344,159,9,25-07-2016
13636,1468,24720,1331,310,61,29-07-2016
13637,1468,17721,786,27,30,18-07-2016
13638,1468,12321,1252,35,177,12-07-2016
13639,1468,4282,286,344,87,28-06-2016
13640,1468,3124,285,40,9,24-07-2016
13641,1468,18130,640,482,67,04-07-2016
13642,1469,11323,1152,34,17,29-10-2017
13643,1469,5108,401,177,155,10-11-2017
13644,1469,16851,511,366,10,17-11-2017
13645,1469,16431,795,7,190,20-11-2017
13646,1469,6959,340,485,145,28-10-2017
13647,1469,4814,177,10,14,30-10-2017
13648,1469,12040,474,119,133,25-11-2017
13649,1469,16864,1911,192,162,19-11-2017
13650,1469,20010,838,363,66,16-11-2017
13651,1469,11264,1109,449,65,08-11-2017
13652,1469,7892,645,200,175,26-11-2017
13653,1470,13746,621,185,150,30-08-2016
13654,1470,16634,1983,67,66,05-09-2016
13655,1470,5132,380,372,83,16-09-2016
13656,1470,8208,269,499,163,22-09-2016
13657,1470,5274,215,305,21,03-09-2016
13658,1470,19109,895,200,141,04-09-2016
13659,1470,17170,1860,423,181,13-09-2016
13660,1470,11778,1399,122,95,10-09-2016
13661,1470,20724,1955,387,56,20-09-2016
13662,1470,10306,256,482,18,01-09-2016
13663,1470,23992,1951,386,86,06-09-2016
13664,1470,22329,1077,21,55,11-09-2016
13665,1470,21415,1109,54,158,12-09-2016
13666,1470,15293,343,354,109,07-09-2016
13667,1471,20542,1844,99,3,21-07-2017
13668,1471,5464,621,160,73,24-07-2017
13669,1471,10767,342,399,143,26-07-2017
13670,1471,15915,1749,385,133,23-07-2017
13671,1471,7390,622,255,64,16-07-2017
13672,1471,4024,327,337,147,19-07-2017
13673,1471,14583,711,432,18,29-07-2017
13674,1471,12845,511,28,50,22-07-2017
13675,1471,12245,1238,343,36,25-07-2017
13676,1471,13626,1545,481,193,27-07-2017
13677,1471,3720,123,250,166,30-07-2017
13678,1471,19133,720,471,135,05-08-2017
13679,1471,14012,1063,382,177,28-07-2017
13680,1471,17839,421,318,104,18-07-2017
13681,1472,13389,724,134,84,09-03-2016
13682,1472,5614,629,125,113,07-03-2016
13683,1472,6671,372,7,114,20-03-2016
13684,1472,14574,947,424,14,14-03-2016
13685,1472,18525,2217,316,123,17-03-2016
13686,1472,3431,181,326,25,18-03-2016
13687,1472,15600,505,417,33,21-03-2016
13688,1472,18372,669,384,45,16-03-2016
13689,1472,9937,408,443,109,19-03-2016
13690,1473,13341,860,201,93,12-11-2017
13691,1473,21304,1445,425,162,23-10-2017
13692,1473,4447,262,175,14,07-10-2017
13693,1473,7715,830,495,95,01-11-2017
13694,1473,22076,1887,322,56,13-10-2017
13695,1473,7050,664,481,48,20-10-2017
13696,1473,12805,1536,420,168,13-11-2017
13697,1473,19624,2036,401,100,09-11-2017
13698,1473,15086,1620,123,166,17-11-2017
13699,1474,11875,1107,260,88,25-05-2016
13700,1474,24387,2466,387,118,09-06-2016
13701,1474,3815,147,254,117,29-05-2016
13702,1474,8505,802,443,40,20-05-2016
13703,1474,8977,355,265,34,16-06-2016
13704,1475,7748,254,359,119,14-03-2016
13705,1475,20224,2222,87,69,08-03-2016
13706,1475,7209,223,220,181,16-03-2016
13707,1475,21193,858,234,84,10-03-2016
13708,1475,19929,1616,53,166,06-03-2016
13709,1475,5295,286,209,119,26-03-2016
13710,1475,5989,616,445,115,24-02-2016
13711,1475,7842,689,397,33,18-03-2016
13712,1476,14203,1086,392,83,27-11-2016
13713,1476,21079,1284,17,132,08-12-2016
13714,1476,8918,639,369,126,28-11-2016
13715,1476,9893,583,145,182,25-11-2016
13716,1476,16562,579,442,53,01-12-2016
13717,1476,21450,1395,434,142,18-11-2016
13718,1476,17445,1665,445,35,24-11-2016
13719,1476,13238,416,131,164,12-12-2016
13720,1476,9121,939,485,17,22-11-2016
13721,1476,16923,757,297,40,06-12-2016
13722,1476,15291,677,36,98,15-11-2016
13723,1476,7710,480,261,54,20-11-2016
13724,1476,20332,1846,174,71,05-12-2016
13725,1476,23141,2514,118,198,02-12-2016
13726,1476,4612,174,30,179,26-11-2016
13727,1477,24988,1135,133,124,21-02-2016
13728,1477,8881,982,153,140,17-02-2016
13729,1477,8853,266,62,91,23-02-2016
13730,1477,16050,1044,433,188,20-02-2016
13731,1477,6774,530,85,94,22-02-2016
13732,1477,4879,212,313,25,16-02-2016
13733,1477,17645,781,493,192,19-02-2016
13734,1477,11403,1066,52,72,18-02-2016
13735,1477,8725,1030,199,26,26-02-2016
13736,1477,12548,315,296,63,25-02-2016
13737,1477,10617,968,99,34,24-02-2016
13738,1478,13297,1361,432,181,15-03-2016
13739,1478,6350,239,135,95,21-03-2016
13740,1478,18024,894,153,38,25-03-2016
13741,1478,7578,385,465,189,22-03-2016
13742,1478,16163,1240,278,61,20-03-2016
13743,1478,22298,2620,450,20,19-03-2016
13744,1478,23879,979,475,148,16-03-2016
13745,1478,15950,1571,8,15,18-03-2016
13746,1478,10697,1169,23,95,23-03-2016
13747,1478,12422,644,492,159,26-03-2016
13748,1479,13127,1253,241,155,29-02-2016
13749,1479,22717,1923,367,113,19-02-2016
13750,1479,8509,740,400,50,08-03-2016
13751,1479,18125,1510,134,50,26-02-2016
13752,1479,8936,1029,404,141,03-03-2016
13753,1479,17788,707,40,185,12-02-2016
13754,1479,17566,1854,310,179,18-02-2016
13755,1479,20381,1968,14,20,16-02-2016
13756,1480,12315,639,439,84,13-12-2017
13757,1480,4565,163,78,79,01-12-2017
13758,1480,23365,1833,103,105,08-12-2017
13759,1480,4454,92,83,44,12-12-2017
13760,1480,18454,1016,140,73,05-12-2017
13761,1480,21103,454,384,113,06-12-2017
13762,1480,24279,1139,154,17,10-12-2017
13763,1480,7940,472,221,65,02-12-2017
13764,1480,17713,1043,164,57,14-12-2017
13765,1480,4754,236,250,50,03-12-2017
13766,1480,21037,1961,220,97,30-11-2017
13767,1480,22556,1231,113,19,09-12-2017
13768,1481,24045,704,63,61,28-11-2016
13769,1481,13711,501,468,171,02-11-2016
13770,1481,4790,168,490,99,30-11-2016
13771,1481,22143,1096,479,45,08-11-2016
13772,1481,22938,2046,175,85,14-11-2016
13773,1481,23556,2166,125,79,20-11-2016
13774,1481,20964,2420,30,167,13-11-2016
13775,1481,18023,1754,247,49,10-11-2016
13776,1481,7947,633,270,176,22-11-2016
13777,1481,9621,858,155,107,18-11-2016
13778,1482,13664,1006,181,183,19-12-2016
13779,1482,7773,542,73,25,28-12-2016
13780,1482,7490,343,356,33,26-12-2016
13781,1482,5370,558,329,128,03-01-2017
13782,1482,7148,553,187,63,01-01-2017
13783,1482,4543,373,263,120,02-01-2017
13784,1482,13526,1148,355,12,05-01-2017
13785,1482,11667,477,417,153,27-12-2016
13786,1482,10571,1226,266,152,08-01-2017
13787,1482,15728,1533,347,37,31-12-2016
13788,1482,7446,453,458,46,29-12-2016
13789,1482,10218,893,281,152,30-12-2016
13790,1482,13448,835,228,138,06-01-2017
13791,1482,22983,1103,311,62,23-12-2016
13792,1482,24797,2875,274,22,20-12-2016
13793,1483,10366,1058,427,157,13-07-2017
13794,1483,7957,435,175,124,22-07-2017
13795,1483,12247,360,69,134,02-07-2017
13796,1483,9832,1042,197,77,01-07-2017
13797,1483,18776,1136,280,133,26-06-2017
13798,1483,18189,1203,485,18,03-07-2017
13799,1483,10262,403,371,181,08-07-2017
13800,1483,10477,335,284,25,24-07-2017
13801,1484,23470,1208,143,10,28-03-2016
13802,1484,20154,1136,241,115,24-03-2016
13803,1484,15064,334,367,122,13-03-2016
13804,1484,18559,1514,270,131,25-03-2016
13805,1484,5283,240,147,71,23-03-2016
13806,1484,8396,672,326,27,17-03-2016
13807,1484,17474,1168,442,105,02-04-2016
13808,1485,16252,1062,267,96,06-11-2016
13809,1485,23765,1162,84,194,31-10-2016
13810,1485,20820,517,219,185,03-11-2016
13811,1485,22641,2471,445,76,28-10-2016
13812,1485,8617,547,499,122,01-11-2016
13813,1485,15690,1089,57,85,04-11-2016
13814,1485,12277,965,368,158,29-10-2016
13815,1486,16304,1357,63,178,07-05-2016
13816,1486,20342,2364,419,183,04-05-2016
13817,1486,24841,2602,428,164,11-05-2016
13818,1486,9255,1085,422,34,08-05-2016
13819,1486,15789,1637,48,197,06-05-2016
13820,1486,23610,2670,403,48,05-05-2016
13821,1486,15199,702,287,26,09-05-2016
13822,1486,9646,768,122,70,10-05-2016
13823,1487,13440,646,377,158,06-03-2017
13824,1487,19257,2110,474,1,04-03-2017
13825,1487,20159,2275,190,161,03-03-2017
13826,1487,7071,697,156,124,05-03-2017
13827,1487,24498,505,58,193,10-03-2017
13828,1487,17847,934,187,20,02-03-2017
13829,1487,16642,638,136,25,01-03-2017
13830,1487,9836,933,450,63,18-03-2017
13831,1487,15566,1176,330,194,13-03-2017
13832,1487,9904,900,104,194,19-03-2017
13833,1487,17708,576,413,22,09-03-2017
13834,1487,24753,1237,465,5,12-03-2017
13835,1487,24551,2129,252,23,17-03-2017
13836,1487,8299,406,448,153,16-03-2017
13837,1488,20881,1682,26,150,30-09-2017
13838,1488,15636,647,17,85,22-09-2017
13839,1488,7549,578,214,39,27-09-2017
13840,1488,3692,155,82,64,26-09-2017
13841,1488,7968,737,234,49,28-09-2017
13842,1488,3280,271,100,148,04-10-2017
13843,1488,7043,256,233,138,02-10-2017
13844,1488,7558,806,1,135,24-09-2017
13845,1488,7815,587,456,66,29-09-2017
13846,1488,14917,1639,283,52,25-09-2017
13847,1488,24225,2534,133,4,05-10-2017
13848,1488,11289,1225,263,57,03-10-2017
13849,1489,14789,592,227,126,21-03-2017
13850,1489,7409,368,244,55,27-03-2017
13851,1489,24446,2334,494,60,26-03-2017
13852,1489,22418,765,256,140,25-03-2017
13853,1489,23342,855,101,179,28-03-2017
13854,1489,16951,1398,257,80,24-03-2017
13855,1489,22342,2148,208,159,23-03-2017
13856,1489,19406,621,234,166,22-03-2017
13857,1490,15750,1244,290,151,22-07-2017
13858,1490,14583,613,283,136,19-07-2017
13859,1490,15415,1504,246,177,18-07-2017
13860,1490,23050,1597,52,189,31-07-2017
13861,1490,13549,325,182,92,26-07-2017
13862,1490,19318,436,96,67,24-07-2017
13863,1491,24540,765,193,21,08-05-2016
13864,1491,7692,620,12,102,25-04-2016
13865,1491,24101,837,133,105,29-04-2016
13866,1491,14002,1346,333,47,18-05-2016
13867,1491,7815,294,27,65,20-04-2016
13868,1491,15336,1219,177,163,05-05-2016
13869,1491,18433,2162,272,149,24-05-2016
13870,1491,24992,2380,344,179,06-05-2016
13871,1491,4840,451,6,158,28-04-2016
13872,1491,4326,426,336,94,25-05-2016
13873,1491,10084,811,64,138,27-04-2016
13874,1492,20802,632,134,117,26-01-2017
13875,1492,13906,726,300,150,02-02-2017
13876,1492,22820,1409,77,88,23-01-2017
13877,1492,4020,471,262,103,24-01-2017
13878,1492,18610,1895,393,140,12-02-2017
13879,1492,22601,1049,414,41,28-01-2017
13880,1493,5839,508,419,150,19-01-2017
13881,1493,10573,1101,475,135,24-01-2017
13882,1493,15679,519,103,192,30-01-2017
13883,1493,10023,738,494,8,25-01-2017
13884,1493,19030,1074,202,129,20-01-2017
13885,1493,7707,559,416,3,26-01-2017
13886,1493,4116,257,422,11,31-01-2017
13887,1493,15674,1646,248,136,06-02-2017
13888,1493,12456,293,227,194,01-02-2017
13889,1493,14987,682,99,8,29-01-2017
13890,1494,15102,1435,401,36,14-03-2016
13891,1494,20465,681,312,152,20-03-2016
13892,1494,14272,404,447,17,26-03-2016
13893,1494,12289,722,470,8,19-03-2016
13894,1494,19812,2321,145,28,17-03-2016
13895,1494,12025,305,282,54,02-03-2016
13896,1494,7079,546,349,61,11-03-2016
13897,1494,21884,1653,438,159,29-03-2016
13898,1494,19374,1138,46,34,08-03-2016
13899,1494,14043,648,133,53,01-03-2016
13900,1494,4609,171,429,186,28-03-2016
13901,1494,11049,971,330,184,27-03-2016
13902,1494,11322,1027,175,51,25-03-2016
13903,1494,24090,932,366,163,18-03-2016
13904,1494,22668,2496,345,186,04-03-2016
13905,1495,21041,424,441,29,19-12-2017
13906,1495,18986,859,196,45,08-12-2017
13907,1495,21948,1454,59,90,14-12-2017
13908,1495,17411,1575,154,174,10-12-2017
13909,1495,16617,669,28,107,12-12-2017
13910,1495,8855,983,432,111,29-11-2017
13911,1495,19691,1047,141,26,13-12-2017
13912,1496,8401,192,413,24,13-01-2017
13913,1496,10912,1054,0,3,12-01-2017
13914,1496,24856,2040,134,55,16-01-2017
13915,1496,11893,345,30,128,21-01-2017
13916,1496,8626,268,271,100,20-01-2017
13917,1496,14312,1023,290,19,30-01-2017
13918,1496,6919,564,40,92,31-01-2017
13919,1496,20841,627,175,65,05-02-2017
13920,1496,21140,1986,90,97,25-01-2017
13921,1497,5763,137,321,71,19-12-2016
13922,1497,3404,387,364,79,12-12-2016
13923,1497,22135,1606,355,132,28-12-2016
13924,1497,22753,2534,369,67,09-12-2016
13925,1497,19424,499,158,72,08-12-2016
13926,1497,18148,1997,306,196,16-12-2016
13927,1497,4806,200,329,75,07-12-2016
13928,1497,17999,2120,389,12,01-01-2017
13929,1498,16488,1358,179,21,24-09-2016
13930,1498,5735,525,462,5,19-09-2016
13931,1498,6908,810,214,188,21-09-2016
13932,1498,18899,731,252,22,23-09-2016
13933,1498,14710,852,452,96,25-09-2016
13934,1498,7084,166,220,103,26-09-2016
13935,1498,13706,571,321,11,27-09-2016
13936,1498,6262,657,375,46,20-09-2016
13937,1498,11749,1064,469,163,28-09-2016
13938,1498,4381,441,46,180,22-09-2016
13939,1498,16320,1204,425,101,18-09-2016
13940,1499,17268,1004,18,47,22-03-2017
13941,1499,10881,411,396,49,10-03-2017
13942,1499,15963,372,163,170,24-02-2017
13943,1499,13382,432,425,83,04-03-2017
13944,1499,9343,1098,266,148,28-02-2017
13945,1499,13291,1435,329,140,26-02-2017
13946,1499,14165,1203,101,175,21-03-2017
13947,1499,9468,453,163,79,08-03-2017
13948,1499,6559,132,300,110,24-03-2017
13949,1499,24301,706,15,100,17-03-2017
13950,1499,11680,943,321,145,11-03-2017
13951,1499,12675,1198,92,169,05-03-2017
13952,1500,19247,1368,240,37,13-08-2017
13953,1500,10018,396,367,101,06-08-2017
13954,1500,5690,216,366,36,12-08-2017
13955,1500,17501,1436,367,85,09-08-2017
13956,1500,20285,1516,106,184,08-08-2017
13957,1500,17166,1595,311,3,07-08-2017
13958,1500,19667,2017,433,79,11-08-2017
13959,1500,17388,1858,470,83,10-08-2017
13960,1501,20079,1865,268,106,10-08-2017
13961,1501,13962,826,283,110,07-08-2017
13962,1501,21220,1790,127,2,09-08-2017
13963,1501,22666,2445,73,122,08-08-2017
13964,1501,15342,560,283,12,13-08-2017
13965,1501,19517,1707,374,132,05-08-2017
13966,1501,11473,1116,26,15,06-08-2017
13967,1502,17635,647,245,69,22-12-2017
13968,1502,17475,655,445,191,01-01-2018
13969,1502,5472,316,326,164,27-12-2017
13970,1502,3291,175,298,195,21-12-2017
13971,1502,22843,1013,393,7,18-12-2017
13972,1502,23674,1746,402,93,31-12-2017
13973,1502,6253,553,107,13,30-12-2017
13974,1502,24987,833,139,10,03-01-2018
13975,1502,21420,1292,207,19,26-12-2017
13976,1502,19190,715,74,1,24-12-2017
13977,1502,8280,691,431,87,25-12-2017
13978,1502,18216,613,263,148,23-12-2017
13979,1503,9274,719,121,20,23-12-2016
13980,1503,17735,1088,67,160,25-12-2016
13981,1503,24313,2887,435,73,27-12-2016
13982,1503,19410,1249,483,48,20-12-2016
13983,1503,3664,283,286,81,24-12-2016
13984,1503,15257,896,382,61,21-12-2016
13985,1503,23461,1880,13,194,26-12-2016
13986,1503,23931,2046,237,39,22-12-2016
13987,1504,4040,303,324,18,12-04-2017
13988,1504,18540,733,51,149,10-04-2017
13989,1504,19152,2093,156,196,28-03-2017
13990,1504,14291,1101,461,196,09-04-2017
13991,1504,3078,186,254,68,31-03-2017
13992,1504,23823,2553,448,105,03-04-2017
13993,1504,4028,320,397,185,30-03-2017
13994,1504,16429,1910,496,163,02-04-2017
13995,1504,16817,1745,442,56,26-03-2017
13996,1504,9016,412,178,175,01-04-2017
13997,1504,18812,1334,201,146,20-03-2017
13998,1504,20217,502,53,0,08-04-2017
13999,1504,12390,1006,201,146,22-03-2017
14000,1504,11846,899,454,104,27-03-2017
14001,1505,15406,1630,151,180,24-02-2016
14002,1505,16260,1920,214,177,04-03-2016
14003,1505,10914,1233,23,24,20-02-2016
14004,1505,8515,368,20,32,11-02-2016
14005,1505,5458,552,110,28,14-02-2016
14006,1505,15331,1611,412,104,19-02-2016
14007,1505,15765,1568,323,119,06-03-2016
14008,1506,16896,1027,74,82,27-09-2017
14009,1506,10796,272,84,139,29-09-2017
14010,1506,16226,367,433,159,16-09-2017
14011,1506,13654,325,215,28,22-09-2017
14012,1506,23605,1802,214,17,24-09-2017
14013,1506,21722,1085,79,130,28-09-2017
14014,1506,12596,782,130,10,18-09-2017
14015,1506,4274,310,21,116,30-09-2017
14016,1506,5535,217,454,39,09-09-2017
14017,1506,3715,429,467,50,20-09-2017
14018,1506,20396,825,56,142,10-09-2017
14019,1506,12120,1105,45,149,13-09-2017
14020,1506,18574,2093,493,174,21-09-2017
14021,1506,6686,512,244,54,11-09-2017
14022,1507,5957,672,395,48,11-10-2017
14023,1507,15951,1597,191,121,21-10-2017
14024,1507,9475,704,22,179,20-10-2017
14025,1507,22111,1031,325,101,31-10-2017
14026,1507,13255,1383,466,124,29-10-2017
14027,1507,5373,440,158,79,18-10-2017
14028,1507,5212,229,12,147,12-10-2017
14029,1507,14587,1376,342,50,25-10-2017
14030,1507,12915,1162,423,195,22-10-2017
14031,1507,13530,391,284,113,16-10-2017
14032,1507,18926,1203,114,179,14-10-2017
14033,1507,6512,572,412,189,24-10-2017
14034,1508,17170,705,305,21,02-08-2016
14035,1508,9827,410,458,92,16-08-2016
14036,1508,11557,303,467,20,09-08-2016
14037,1508,14455,1255,148,5,20-07-2016
14038,1508,7178,336,445,94,11-08-2016
14039,1508,17746,472,434,0,15-08-2016
14040,1508,12071,1363,326,25,17-08-2016
14041,1508,20098,974,24,17,13-08-2016
14042,1508,15327,1026,317,102,13-07-2016
14043,1509,8722,929,172,37,12-02-2016
14044,1509,3905,304,151,44,05-02-2016
14045,1509,6977,714,21,175,30-01-2016
14046,1509,6145,168,143,186,04-02-2016
14047,1509,10435,598,250,151,01-02-2016
14048,1509,15294,315,107,193,31-01-2016
14049,1509,24091,2179,325,92,11-02-2016
14050,1509,11129,993,89,128,28-01-2016
14051,1509,13816,572,150,25,02-02-2016
14052,1509,23414,1856,280,179,03-02-2016
14053,1509,14889,436,351,124,29-01-2016
14054,1509,17864,1066,349,189,06-02-2016
14055,1509,19270,1288,240,33,09-02-2016
14056,1509,18249,751,175,178,07-02-2016
14057,1509,16160,359,209,81,08-02-2016
14058,1510,4856,356,77,107,28-10-2016
14059,1510,15977,1127,376,157,24-10-2016
14060,1510,24101,2652,151,154,18-10-2016
14061,1510,8681,206,311,179,22-10-2016
14062,1510,19292,2043,129,20,27-10-2016
14063,1510,8312,405,77,187,16-10-2016
14064,1510,21475,983,365,41,17-10-2016
14065,1510,16157,436,126,77,15-10-2016
14066,1510,14312,584,306,64,21-10-2016
14067,1510,22959,1726,460,85,19-10-2016
14068,1510,12135,893,133,129,20-10-2016
14069,1510,20528,1788,263,199,25-10-2016
14070,1511,20768,613,287,114,12-11-2017
14071,1511,9089,669,134,24,08-12-2017
14072,1511,3356,292,282,93,15-11-2017
14073,1511,7395,712,19,107,06-11-2017
14074,1511,14193,1124,360,185,03-12-2017
14075,1511,14676,1116,2,191,04-12-2017
14076,1511,18475,1749,300,143,26-11-2017
14077,1511,23106,1204,264,192,27-11-2017
14078,1511,22210,1413,71,91,04-11-2017
14079,1512,10957,1188,447,151,10-09-2017
14080,1512,3222,214,24,125,14-08-2017
14081,1512,3991,145,156,3,17-08-2017
14082,1512,24321,909,125,32,21-08-2017
14083,1512,21257,2063,231,154,26-08-2017
14084,1512,19883,1321,172,130,04-09-2017
14085,1512,13562,1058,109,140,05-09-2017
14086,1512,12077,1063,90,38,12-09-2017
14087,1513,10241,625,287,88,01-03-2017
14088,1513,8481,810,198,143,04-03-2017
14089,1513,16515,1903,81,188,25-02-2017
14090,1513,9810,881,87,122,28-02-2017
14091,1513,6615,289,98,155,02-03-2017
14092,1513,24891,1111,470,135,23-02-2017
14093,1513,11015,865,255,136,24-02-2017
14094,1513,5024,402,93,184,22-02-2017
14095,1513,13348,604,380,172,26-02-2017
14096,1513,24609,2929,108,20,27-02-2017
14097,1514,4794,507,429,123,31-10-2017
14098,1514,12166,776,474,8,09-11-2017
14099,1514,24199,936,409,142,10-11-2017
14100,1514,12328,792,265,150,08-11-2017
14101,1514,11766,1054,201,120,11-11-2017
14102,1514,16462,1653,335,144,07-11-2017
14103,1514,22690,886,477,159,28-10-2017
14104,1514,12480,1431,80,156,27-10-2017
14105,1515,22230,1613,187,138,05-03-2017
14106,1515,19959,685,233,7,13-03-2017
14107,1515,19053,1698,416,165,27-02-2017
14108,1515,22115,1842,134,102,25-02-2017
14109,1515,20886,1760,66,159,10-03-2017
14110,1515,10570,1241,315,40,01-03-2017
14111,1515,23588,2384,259,166,26-02-2017
14112,1515,21564,2342,204,129,24-02-2017
14113,1515,23312,2445,38,101,06-03-2017
14114,1515,19964,2066,401,141,09-03-2017
14115,1515,20202,1513,421,114,12-03-2017
14116,1515,16297,620,6,71,04-03-2017
14117,1516,13258,859,363,19,28-01-2017
14118,1516,15766,422,246,95,11-01-2017
14119,1516,9195,717,33,75,14-01-2017
14120,1516,19473,523,429,39,17-01-2017
14121,1516,3390,399,204,13,12-01-2017
14122,1516,19838,1432,195,108,27-01-2017
14123,1516,7141,355,362,122,22-01-2017
14124,1516,8655,212,296,11,25-01-2017
14125,1516,6238,530,118,133,31-01-2017
14126,1516,6508,533,59,55,10-01-2017
14127,1516,18838,2105,481,1,06-01-2017
14128,1516,15863,1051,90,23,01-02-2017
14129,1516,10803,335,89,33,26-01-2017
14130,1516,23207,1808,240,117,07-01-2017
14131,1517,24001,1975,428,163,17-04-2016
14132,1517,7583,594,499,156,12-04-2016
14133,1517,24940,2056,499,35,16-04-2016
14134,1517,19084,522,464,187,04-04-2016
14135,1517,15328,1288,277,113,02-04-2016
14136,1517,17888,1715,238,73,26-03-2016
14137,1517,21676,462,446,117,05-04-2016
14138,1517,22264,939,204,95,25-03-2016
14139,1517,13796,1623,338,34,22-04-2016
14140,1517,20511,1698,448,18,21-04-2016
14141,1517,19689,1446,154,92,01-04-2016
14142,1517,18085,1362,119,15,10-04-2016
14143,1517,20375,1593,230,133,30-03-2016
14144,1517,22639,573,282,183,25-04-2016
14145,1517,21297,2497,372,70,14-04-2016
14146,1518,4579,438,34,117,02-01-2017
14147,1518,12904,1462,444,186,19-01-2017
14148,1518,24293,692,473,136,22-01-2017
14149,1518,20013,1992,1,180,16-01-2017
14150,1518,4089,326,397,146,24-01-2017
14151,1518,3796,141,276,89,05-01-2017
14152,1518,8465,267,383,83,11-01-2017
14153,1518,17764,489,89,173,03-01-2017
14154,1519,20328,1356,245,2,30-06-2016
14155,1519,7165,550,258,173,01-07-2016
14156,1519,24205,858,404,172,08-07-2016
14157,1519,14753,722,42,3,03-07-2016
14158,1519,15214,1122,92,183,04-07-2016
14159,1519,15126,549,395,101,07-07-2016
14160,1519,18922,1590,339,58,06-07-2016
14161,1519,13047,720,166,66,09-07-2016
14162,1519,11189,1036,318,49,05-07-2016
14163,1519,9386,956,333,78,02-07-2016
14164,1520,14758,1313,79,22,27-07-2016
14165,1520,17772,563,329,114,18-07-2016
14166,1520,17677,640,401,31,21-07-2016
14167,1520,19314,1258,172,64,26-07-2016
14168,1520,20998,1011,143,91,24-07-2016
14169,1520,9663,577,237,94,17-07-2016
14170,1520,10107,572,235,133,22-07-2016
14171,1520,3988,192,60,149,23-07-2016
14172,1520,20635,506,92,81,25-07-2016
14173,1521,7018,713,430,113,23-05-2016
14174,1521,8126,706,302,93,01-06-2016
14175,1521,7617,517,302,47,30-05-2016
14176,1521,4285,285,360,48,29-05-2016
14177,1521,16981,1116,361,186,25-05-2016
14178,1521,14709,1471,389,67,02-05-2016
14179,1521,9151,836,8,7,13-05-2016
14180,1521,22554,2433,327,43,07-06-2016
14181,1521,24914,2538,119,126,29-04-2016
14182,1521,6100,550,115,14,05-05-2016
14183,1522,16410,1809,70,179,10-03-2016
14184,1522,18754,1552,139,129,27-02-2016
14185,1522,20276,2104,11,110,15-03-2016
14186,1522,16361,1527,95,176,09-03-2016
14187,1522,23084,1196,497,39,12-03-2016
14188,1522,5375,404,298,29,06-03-2016
14189,1522,14530,1265,15,26,02-03-2016
14190,1522,16531,1426,370,118,14-03-2016
14191,1522,14475,1083,410,0,13-03-2016
14192,1522,14199,985,317,67,29-02-2016
14193,1522,13089,595,166,12,07-03-2016
14194,1522,10872,608,353,139,04-03-2016
14195,1522,23482,1350,130,183,16-03-2016
14196,1523,19207,453,274,151,16-05-2017
14197,1523,6795,444,253,60,12-05-2017
14198,1523,12054,451,468,118,03-05-2017
14199,1523,21089,2351,187,55,29-04-2017
14200,1523,17223,835,176,119,28-04-2017
14201,1524,23412,555,498,173,15-04-2016
14202,1524,22296,1320,396,108,23-04-2016
14203,1524,15876,1243,385,17,17-04-2016
14204,1524,4680,480,74,120,16-04-2016
14205,1524,6904,168,287,11,24-04-2016
14206,1524,6314,627,446,187,14-04-2016
14207,1524,12143,846,250,135,22-04-2016
14208,1524,15926,1537,128,87,18-04-2016
14209,1524,19809,817,85,19,20-04-2016
14210,1524,24778,1006,396,95,21-04-2016
14211,1524,9899,199,46,128,25-04-2016
14212,1524,12878,807,23,167,19-04-2016
14213,1525,7165,250,313,113,24-09-2017
14214,1525,9540,385,371,22,01-10-2017
14215,1525,13446,820,218,130,08-10-2017
14216,1525,24568,1274,64,137,17-10-2017
14217,1525,7376,305,215,108,30-10-2017
14218,1525,8042,953,474,71,09-10-2017
14219,1525,6028,219,407,37,14-10-2017
14220,1525,15452,724,290,12,26-09-2017
14221,1525,13382,915,54,42,15-10-2017
14222,1525,9510,646,136,183,16-10-2017
14223,1525,6036,632,396,175,25-10-2017
14224,1526,21972,1097,386,144,01-06-2017
14225,1526,23659,2821,334,31,19-05-2017
14226,1526,6897,270,119,192,23-05-2017
14227,1526,6021,605,437,86,08-06-2017
14228,1526,6916,217,306,16,02-05-2017
14229,1526,7775,636,220,137,31-05-2017
14230,1526,19284,1262,119,99,06-05-2017
14231,1526,16539,1106,264,75,27-05-2017
14232,1526,19312,746,142,189,20-05-2017
14233,1526,22138,1395,268,137,10-05-2017
14234,1526,18967,1731,28,56,05-06-2017
14235,1526,17188,1866,384,44,06-06-2017
14236,1526,12430,1048,410,127,29-05-2017
14237,1526,16868,1560,275,171,30-05-2017
14238,1527,10861,1283,195,163,07-12-2016
14239,1527,9068,214,220,156,24-12-2016
14240,1527,19794,1283,25,1,15-12-2016
14241,1527,14248,1005,35,183,02-12-2016
14242,1527,16084,1836,58,146,17-12-2016
14243,1527,22292,1560,496,136,16-12-2016
14244,1527,12010,1109,272,152,18-12-2016
14245,1527,23876,2520,293,31,23-12-2016
14246,1527,4955,222,222,173,22-12-2016
14247,1527,20845,1258,120,187,20-12-2016
14248,1528,21942,1880,145,186,16-03-2016
14249,1528,13412,952,440,194,17-03-2016
14250,1528,18579,1991,4,126,21-03-2016
14251,1528,21077,469,461,87,22-03-2016
14252,1528,20813,434,135,38,20-03-2016
14253,1528,16444,813,226,85,15-03-2016
14254,1528,13484,1019,8,150,13-03-2016
14255,1528,4294,96,10,132,11-03-2016
14256,1528,5127,393,207,83,18-03-2016
14257,1528,20027,1527,236,66,12-03-2016
14258,1528,16865,1150,226,150,10-03-2016
14259,1529,9074,449,252,32,07-04-2016
14260,1529,19044,2076,204,60,06-04-2016
14261,1529,21759,963,37,168,18-03-2016
14262,1529,5422,288,249,109,03-04-2016
14263,1529,17722,688,19,20,05-04-2016
14264,1529,3884,458,257,36,04-04-2016
14265,1529,5460,550,282,105,04-03-2016
14266,1529,13740,351,320,28,27-03-2016
14267,1529,12587,424,286,76,15-03-2016
14268,1529,18459,2079,426,161,01-04-2016
14269,1529,18512,1340,233,187,09-04-2016
14270,1529,9289,775,327,104,26-03-2016
14271,1530,4090,107,438,26,29-08-2017
14272,1530,8124,172,124,164,24-08-2017
14273,1530,17134,1108,126,1,28-08-2017
14274,1530,10876,477,195,60,17-08-2017
14275,1530,10722,218,365,163,08-09-2017
14276,1530,20429,2450,143,128,04-09-2017
14277,1530,22681,1122,405,101,14-09-2017
14278,1530,14442,534,110,148,06-09-2017
14279,1530,24928,1467,92,119,16-09-2017
14280,1530,4796,520,417,170,15-09-2017
14281,1530,12398,638,345,144,12-09-2017
14282,1530,22855,1995,315,10,06-08-2017
14283,1530,18506,894,242,47,13-09-2017
14284,1530,14910,1746,91,108,08-08-2017
14285,1531,17978,2144,141,82,17-04-2016
14286,1531,7190,158,214,83,26-04-2016
14287,1531,6767,357,106,81,16-04-2016
14288,1531,6103,270,495,135,29-03-2016
14289,1531,8966,666,215,189,31-03-2016
14290,1531,4665,194,22,124,03-04-2016
14291,1532,17109,422,310,181,12-09-2016
14292,1532,6965,482,468,17,04-09-2016
14293,1532,5186,253,391,76,03-09-2016
14294,1532,13615,567,479,159,18-09-2016
14295,1532,13379,1127,293,101,13-09-2016
14296,1532,16845,950,225,89,05-09-2016
14297,1532,22510,2226,59,105,14-09-2016
14298,1532,24752,1411,62,12,09-09-2016
14299,1532,18066,523,113,50,30-08-2016
14300,1532,3290,359,173,24,15-09-2016
14301,1532,18264,1710,444,69,08-09-2016
14302,1532,17303,1962,200,56,01-09-2016
14303,1532,20533,1948,231,92,02-09-2016
14304,1533,23442,2798,448,12,27-02-2017
14305,1533,6269,479,483,91,05-03-2017
14306,1533,4585,492,427,26,20-02-2017
14307,1533,22569,2041,63,6,10-03-2017
14308,1533,17285,1233,117,152,21-02-2017
14309,1533,3444,323,479,142,14-03-2017
14310,1533,18901,1940,496,187,08-03-2017
14311,1533,4124,451,63,50,17-02-2017
14312,1533,24698,1742,227,8,19-02-2017
14313,1533,3142,187,162,63,18-02-2017
14314,1533,19638,986,128,173,02-03-2017
14315,1533,18645,770,380,146,07-03-2017
14316,1534,20090,487,99,44,10-02-2017
14317,1534,16874,704,453,95,02-02-2017
14318,1534,14898,593,242,41,23-01-2017
14319,1534,9775,255,92,109,15-01-2017
14320,1534,10317,614,43,97,26-01-2017
14321,1534,12975,1216,147,52,20-01-2017
14322,1534,19406,1750,473,91,03-02-2017
14323,1534,21322,1677,493,191,05-02-2017
14324,1534,3003,308,274,115,19-01-2017
14325,1534,3166,215,66,28,01-02-2017
14326,1534,5740,234,416,41,19-02-2017
14327,1534,7247,327,43,119,22-01-2017
14328,1534,20446,759,364,195,09-02-2017
14329,1535,15822,537,330,87,14-04-2016
14330,1535,4152,271,84,2,18-04-2016
14331,1535,7951,703,149,129,30-04-2016
14332,1535,8198,381,1,199,27-04-2016
14333,1535,18642,625,2,137,12-04-2016
14334,1535,20066,1055,83,70,02-05-2016
14335,1535,5887,339,295,72,16-04-2016
14336,1536,20719,1294,488,21,23-05-2016
14337,1536,6540,732,322,53,19-06-2016
14338,1536,20136,1056,499,30,18-06-2016
14339,1536,8054,475,485,103,25-05-2016
14340,1536,24182,706,0,119,04-06-2016
14341,1536,14571,883,200,176,22-06-2016
14342,1537,12920,526,248,68,13-04-2016
14343,1537,20643,894,371,106,04-04-2016
14344,1537,11808,785,168,92,06-04-2016
14345,1537,11126,351,66,117,07-04-2016
14346,1537,24302,721,58,112,10-04-2016
14347,1537,8120,485,95,43,15-04-2016
14348,1537,14255,315,149,110,16-04-2016
14349,1537,22261,2236,353,2,17-04-2016
14350,1537,23545,543,492,146,12-04-2016
14351,1538,16964,625,270,196,19-11-2016
14352,1538,6435,722,299,21,21-11-2016
14353,1538,3292,255,412,149,27-11-2016
14354,1538,12693,362,229,133,06-12-2016
14355,1538,24340,1162,439,138,23-11-2016
14356,1538,5456,273,94,73,25-11-2016
14357,1538,23623,2117,278,65,03-12-2016
14358,1538,22187,2068,213,165,17-11-2016
14359,1538,24613,2371,411,152,01-12-2016
14360,1538,19570,751,336,6,20-11-2016
14361,1538,14811,1732,354,145,07-12-2016
14362,1538,24702,2075,309,59,16-12-2016
14363,1538,23607,2023,421,133,15-12-2016
14364,1538,17165,465,328,71,30-11-2016
14365,1538,23794,1846,361,77,13-12-2016
14366,1539,18408,2029,287,87,16-11-2016
14367,1539,14633,571,255,138,07-11-2016
14368,1539,6478,423,419,137,20-11-2016
14369,1539,13873,1662,274,156,06-11-2016
14370,1539,16563,1663,400,43,09-11-2016
14371,1539,20468,1008,352,23,08-11-2016
14372,1539,3492,79,103,53,10-11-2016
14373,1539,24373,2136,178,103,14-11-2016
14374,1539,24892,2619,373,174,27-11-2016
14375,1539,6993,376,94,86,26-11-2016
14376,1539,13353,958,297,177,24-11-2016
14377,1539,20175,2361,120,110,19-11-2016
14378,1539,7347,747,194,167,28-11-2016
14379,1539,6647,581,437,175,15-11-2016
14380,1540,17687,2057,430,115,24-06-2017
14381,1540,13710,1295,283,5,25-06-2017
14382,1540,13239,1005,176,88,27-06-2017
14383,1540,15386,1285,242,166,18-06-2017
14384,1540,9670,359,174,198,26-06-2017
14385,1541,20322,2052,196,125,11-11-2016
14386,1541,3617,412,308,43,18-11-2016
14387,1541,14205,1620,58,172,15-11-2016
14388,1541,3795,222,224,146,07-11-2016
14389,1541,19461,1178,129,109,12-11-2016
14390,1541,3788,189,115,0,27-10-2016
14391,1541,21345,448,4,133,04-11-2016
14392,1541,4951,382,19,28,10-11-2016
14393,1541,22094,1692,71,152,14-11-2016
14394,1541,24776,933,204,67,01-11-2016
14395,1541,17237,1839,180,98,30-10-2016
14396,1541,20511,2124,361,159,06-11-2016
14397,1541,10257,831,217,177,20-11-2016
14398,1542,23742,1879,288,3,15-03-2017
14399,1542,7682,290,311,75,14-03-2017
14400,1542,13869,1347,11,175,07-03-2017
14401,1542,11676,1197,371,120,27-02-2017
14402,1542,13591,1579,217,6,02-03-2017
14403,1542,18494,483,129,161,03-03-2017
14404,1542,3241,367,88,194,05-03-2017
14405,1542,16223,1168,165,199,13-03-2017
14406,1542,17171,1022,457,151,11-03-2017
14407,1543,17698,829,79,121,23-03-2017
14408,1543,8913,962,62,112,20-03-2017
14409,1543,3931,439,424,48,11-04-2017
14410,1543,3555,193,174,9,08-04-2017
14411,1543,21970,2441,455,121,06-04-2017
14412,1543,21925,1207,250,15,01-04-2017
14413,1543,24914,2962,51,28,05-04-2017
14414,1543,3188,336,329,172,07-04-2017
14415,1543,14267,579,284,102,17-03-2017
14416,1543,3217,190,92,22,21-03-2017
14417,1543,8716,371,81,18,02-04-2017
14418,1543,8898,1000,364,4,15-03-2017
14419,1544,10736,720,399,122,23-04-2017
14420,1544,9476,197,27,7,14-05-2017
14421,1544,3560,261,391,60,15-05-2017
14422,1544,23801,1932,122,166,24-04-2017
14423,1544,19776,2274,215,138,25-04-2017
14424,1544,16956,1286,229,193,21-04-2017
14425,1544,22134,824,338,143,20-04-2017
14426,1544,7321,238,175,71,28-04-2017
14427,1544,16439,1212,232,160,13-05-2017
14428,1544,12760,1386,351,22,10-05-2017
14429,1544,23402,1365,343,138,30-04-2017
14430,1544,12629,652,5,88,27-04-2017
14431,1544,23537,2034,270,33,17-05-2017
14432,1544,7207,800,386,81,18-05-2017
14433,1544,24648,1423,48,140,22-05-2017
14434,1545,12112,1424,52,40,07-08-2016
14435,1545,15511,618,377,170,11-08-2016
14436,1545,23393,2381,23,137,04-08-2016
14437,1545,16253,492,50,123,17-08-2016
14438,1545,9268,230,21,120,05-08-2016
14439,1545,11082,902,386,38,30-07-2016
14440,1545,6510,387,12,191,02-08-2016
14441,1545,15660,1487,412,59,19-08-2016
14442,1545,20241,1478,432,134,25-07-2016
14443,1545,12535,508,201,64,09-08-2016
14444,1546,10652,1160,196,148,09-04-2017
14445,1546,16934,426,425,94,07-04-2017
14446,1546,12941,1122,234,120,15-04-2017
14447,1546,14134,1588,402,87,16-04-2017
14448,1546,8749,252,309,181,13-04-2017
14449,1546,16406,415,189,22,08-04-2017
14450,1546,22988,1816,356,127,17-04-2017
14451,1546,9626,730,76,22,18-04-2017
14452,1546,24978,2858,153,95,19-04-2017
14453,1546,18272,1379,457,147,10-04-2017
14454,1546,15425,1164,107,174,14-04-2017
14455,1546,8861,955,40,141,11-04-2017
14456,1546,13544,672,58,73,12-04-2017
14457,1547,5016,554,436,168,18-11-2017
14458,1547,5269,445,479,106,16-11-2017
14459,1547,11813,315,90,172,19-11-2017
14460,1547,5900,207,22,87,23-11-2017
14461,1547,15924,575,405,165,09-11-2017
14462,1547,3279,300,174,130,20-11-2017
14463,1547,10376,1205,455,150,10-11-2017
14464,1547,20288,2381,70,57,22-11-2017
14465,1547,23067,2732,242,42,11-11-2017
14466,1547,16663,1305,433,34,08-11-2017
14467,1547,4250,164,203,188,14-11-2017
14468,1548,4691,162,186,10,25-10-2016
14469,1548,4136,449,319,40,14-11-2016
14470,1548,20059,2379,163,161,14-10-2016
14471,1548,8518,778,314,190,10-11-2016
14472,1548,23167,604,207,59,03-11-2016
14473,1548,22897,677,311,112,07-11-2016
14474,1548,22161,2615,97,58,17-11-2016
14475,1548,17389,601,110,130,29-10-2016
14476,1549,8369,844,361,54,18-09-2016
14477,1549,24182,1414,377,88,20-09-2016
14478,1549,23582,545,410,153,24-09-2016
14479,1549,11547,1143,270,76,27-09-2016
14480,1549,12878,1487,87,153,22-09-2016
14481,1550,4545,450,347,9,09-07-2016
14482,1550,9494,690,139,35,08-07-2016
14483,1550,20108,477,499,89,04-07-2016
14484,1550,21385,1435,210,113,26-06-2016
14485,1550,12333,1471,329,142,07-07-2016
14486,1550,16509,726,199,195,01-07-2016
14487,1550,21690,1856,405,62,03-07-2016
14488,1550,9824,1104,59,33,11-07-2016
14489,1551,13321,857,135,190,25-09-2016
14490,1551,9744,837,384,54,09-10-2016
14491,1551,11778,292,328,150,10-10-2016
14492,1551,17106,1061,464,16,16-10-2016
14493,1551,16474,802,496,158,14-10-2016
14494,1551,6726,560,214,98,07-10-2016
14495,1551,14639,811,213,162,06-10-2016
14496,1551,15798,556,284,2,24-09-2016
14497,1551,21728,1320,281,159,13-10-2016
14498,1552,5546,390,349,175,24-03-2016
14499,1552,13851,1075,290,55,19-03-2016
14500,1552,11116,777,219,141,01-04-2016
14501,1552,4174,168,309,41,10-04-2016
14502,1552,3865,280,491,32,07-03-2016
14503,1553,3475,130,236,151,18-11-2017
14504,1553,20207,646,239,164,08-12-2017
14505,1553,9197,1039,304,148,23-11-2017
14506,1553,10423,484,417,80,06-11-2017
14507,1553,15009,1106,227,64,11-11-2017
14508,1553,19643,683,229,76,20-11-2017
14509,1553,17053,840,319,29,21-11-2017
14510,1553,3221,358,66,172,16-11-2017
14511,1553,21697,2354,293,130,22-11-2017
14512,1553,19842,1793,247,177,18-12-2017
14513,1553,7679,750,135,12,12-12-2017
14514,1554,11399,1345,481,57,03-07-2016
14515,1554,16763,1660,472,71,12-07-2016
14516,1554,24866,1483,84,20,11-07-2016
14517,1554,23615,843,426,127,06-07-2016
14518,1554,3811,386,162,55,08-07-2016
14519,1554,16420,1941,410,130,09-07-2016
14520,1554,3926,98,152,109,04-07-2016
14521,1554,23976,1518,246,164,05-07-2016
14522,1554,16869,790,216,75,10-07-2016
14523,1554,13389,1484,36,139,07-07-2016
14524,1555,21845,1610,268,186,12-02-2017
14525,1555,7983,886,9,144,26-01-2017
14526,1555,6108,409,462,31,03-03-2017
14527,1555,14698,1096,31,6,27-02-2017
14528,1555,23661,2570,372,38,27-01-2017
14529,1555,4421,516,478,172,20-02-2017
14530,1555,9420,601,105,164,22-02-2017
14531,1555,16067,1719,494,110,25-01-2017
14532,1555,5008,302,324,145,16-02-2017
14533,1555,8995,221,309,140,11-02-2017
14534,1555,24427,2297,340,191,25-02-2017
14535,1556,17209,1261,316,159,27-06-2016
14536,1556,22677,794,160,23,11-07-2016
14537,1556,8797,439,63,34,07-07-2016
14538,1556,4474,533,323,8,13-07-2016
14539,1556,20256,1092,438,43,28-06-2016
14540,1556,13047,1173,282,170,16-07-2016
14541,1556,12224,843,158,42,05-07-2016
14542,1556,3193,218,121,173,02-07-2016
14543,1556,3073,69,135,10,19-07-2016
14544,1557,13576,1001,419,26,16-02-2016
14545,1557,6069,434,385,1,02-02-2016
14546,1557,8763,602,124,64,27-02-2016
14547,1557,23143,1683,174,141,09-02-2016
14548,1557,23816,2692,442,62,21-02-2016
14549,1557,23239,1495,328,182,25-02-2016
14550,1557,20774,2316,109,162,28-02-2016
14551,1557,23304,1327,186,27,06-03-2016
14552,1557,24734,2154,391,49,05-03-2016
14553,1557,14367,1722,163,79,19-02-2016
14554,1557,18797,448,314,94,17-02-2016
14555,1557,16264,766,285,86,15-02-2016
14556,1557,10910,792,415,109,07-02-2016
14557,1558,15939,1805,138,27,30-09-2016
14558,1558,16505,671,218,122,08-10-2016
14559,1558,17141,740,18,96,05-10-2016
14560,1558,15219,1483,379,69,29-09-2016
14561,1558,4480,154,93,20,26-09-2016
14562,1559,11295,674,385,75,13-07-2017
14563,1559,9824,925,153,51,06-08-2017
14564,1559,9999,1194,158,44,28-07-2017
14565,1559,3869,452,108,0,31-07-2017
14566,1559,15572,1563,450,161,03-08-2017
14567,1559,22201,594,237,55,11-07-2017
14568,1559,20665,553,341,9,19-07-2017
14569,1559,14294,1249,82,85,16-07-2017
14570,1559,13254,1367,380,26,12-07-2017
14571,1559,3163,225,136,107,14-07-2017
14572,1559,17698,1188,465,58,07-07-2017
14573,1559,15392,1175,149,163,02-08-2017
14574,1559,8768,318,96,20,04-08-2017
14575,1559,20377,1443,469,41,30-07-2017
14576,1559,8389,745,250,54,24-07-2017
14577,1560,23213,2273,314,10,25-01-2016
14578,1560,19578,1136,393,86,20-01-2016
14579,1560,5729,477,480,188,18-01-2016
14580,1560,9385,746,213,180,27-01-2016
14581,1560,20744,2328,404,28,23-01-2016
14582,1560,5705,445,31,106,02-02-2016
14583,1560,6971,608,24,52,21-01-2016
14584,1560,8952,650,446,159,03-02-2016
14585,1560,17722,2046,230,70,31-01-2016
14586,1560,17907,763,446,120,22-01-2016
14587,1560,10914,1160,300,58,05-02-2016
14588,1561,5106,284,278,30,13-04-2016
14589,1561,4766,318,44,60,08-04-2016
14590,1561,24127,1773,76,127,18-03-2016
14591,1561,23152,1613,50,159,17-03-2016
14592,1561,19079,2083,129,2,11-03-2016
14593,1561,8175,527,256,140,09-04-2016
14594,1561,15048,933,389,171,25-03-2016
14595,1561,20177,1847,452,132,31-03-2016
14596,1561,5549,227,134,157,23-03-2016
14597,1561,10940,1308,359,150,12-04-2016
14598,1561,12010,502,348,125,04-04-2016
14599,1562,22265,2607,77,41,13-02-2016
14600,1562,18967,688,467,42,16-02-2016
14601,1562,16544,652,165,138,03-02-2016
14602,1562,3217,71,450,166,18-02-2016
14603,1562,8615,909,81,95,14-02-2016
14604,1562,9881,575,217,6,12-02-2016
14605,1562,17166,584,58,58,09-02-2016
14606,1562,13322,1301,375,83,07-02-2016
14607,1562,8599,857,338,78,19-02-2016
14608,1562,12072,1272,496,57,20-02-2016
14609,1563,24085,1811,156,55,19-07-2017
14610,1563,20477,756,83,69,25-07-2017
14611,1563,20738,585,21,162,23-07-2017
14612,1563,6907,157,156,152,26-07-2017
14613,1563,20348,1414,78,132,29-07-2017
14614,1563,5511,219,5,69,20-07-2017
14615,1563,4013,384,495,98,28-07-2017
14616,1563,13279,896,244,83,24-07-2017
14617,1563,15773,995,288,11,22-07-2017
14618,1564,7230,789,348,52,28-09-2016
14619,1564,21829,1621,211,91,06-10-2016
14620,1564,3979,340,202,27,10-10-2016
14621,1564,5079,588,176,94,05-10-2016
14622,1564,11564,1107,299,43,02-10-2016
14623,1564,4468,331,114,95,14-10-2016
14624,1564,23331,1786,351,165,04-11-2016
14625,1564,20649,476,307,97,03-10-2016
14626,1564,21141,1996,249,161,30-09-2016
14627,1565,7762,631,151,101,17-04-2016
14628,1565,13711,753,294,47,16-04-2016
14629,1565,14237,504,207,184,05-04-2016
14630,1565,20165,487,268,128,06-04-2016
14631,1565,24340,2909,433,55,28-03-2016
14632,1565,24599,1596,186,158,31-03-2016
14633,1565,5377,530,398,140,13-04-2016
14634,1565,13206,602,168,149,25-03-2016
14635,1565,10277,854,449,199,27-03-2016
14636,1565,5870,234,242,102,26-03-2016
14637,1565,9228,772,491,168,03-04-2016
14638,1565,9572,1110,444,94,01-04-2016
14639,1565,18294,1939,206,176,09-04-2016
14640,1566,5543,467,20,99,05-01-2018
14641,1566,24556,2336,294,130,07-01-2018
14642,1566,22443,2264,340,191,15-01-2018
14643,1566,12466,1232,406,181,16-01-2018
14644,1566,7641,396,450,11,01-01-2018
14645,1567,16869,1403,38,75,16-04-2016
14646,1567,5328,480,1,56,18-04-2016
14647,1567,24178,1874,463,73,19-04-2016
14648,1567,17861,1598,476,8,21-04-2016
14649,1567,20213,1167,339,112,14-04-2016
14650,1567,14039,744,17,120,12-04-2016
14651,1567,23606,2732,115,98,23-04-2016
14652,1567,23275,817,328,42,28-04-2016
14653,1567,11944,652,433,187,30-04-2016
14654,1567,5577,178,397,193,06-05-2016
14655,1567,23998,1614,341,194,29-04-2016
14656,1567,23518,1043,148,11,27-04-2016
14657,1567,9725,319,11,196,13-04-2016
14658,1568,22156,1379,413,111,31-01-2017
14659,1568,16983,441,309,79,06-02-2017
14660,1568,9070,949,128,157,14-02-2017
14661,1568,12151,839,82,28,12-02-2017
14662,1568,18137,1385,103,123,10-02-2017
14663,1568,12305,1434,467,193,08-02-2017
14664,1569,13237,1231,263,105,04-02-2016
14665,1569,20739,809,76,106,05-03-2016
14666,1569,6778,453,404,179,23-02-2016
14667,1569,20199,2388,317,83,02-03-2016
14668,1569,15976,529,394,46,27-02-2016
14669,1569,3671,360,84,117,07-03-2016
14670,1569,22516,728,11,16,22-02-2016
14671,1569,19559,1561,94,70,18-02-2016
14672,1569,22732,1275,404,141,30-01-2016
14673,1569,8042,401,306,156,06-03-2016
14674,1569,4318,163,107,167,29-01-2016
14675,1569,11649,893,395,50,10-02-2016
14676,1570,21481,2473,136,139,25-11-2016
14677,1570,15800,1332,497,74,01-12-2016
14678,1570,10497,331,421,75,24-11-2016
14679,1570,11447,775,305,136,23-11-2016
14680,1570,9430,850,150,140,30-11-2016
14681,1570,21730,629,453,188,10-12-2016
14682,1570,16923,1796,341,122,18-11-2016
14683,1570,4346,138,447,65,17-11-2016
14684,1570,4784,564,278,0,14-11-2016
14685,1571,10085,784,211,19,14-05-2016
14686,1571,9204,1104,186,171,20-05-2016
14687,1571,6752,259,99,127,17-05-2016
14688,1571,3513,416,278,77,10-05-2016
14689,1571,7275,290,3,157,19-05-2016
14690,1572,12939,911,450,68,07-03-2017
14691,1572,16069,1072,246,100,21-03-2017
14692,1572,11118,429,198,194,31-03-2017
14693,1572,13506,704,134,14,25-03-2017
14694,1572,9772,309,17,198,18-03-2017
14695,1572,7063,637,264,31,11-03-2017
14696,1572,21065,1122,352,67,23-03-2017
14697,1572,12159,452,401,145,26-03-2017
14698,1572,4862,101,285,69,24-03-2017
14699,1572,11541,495,116,124,28-03-2017
14700,1572,23671,1470,235,121,15-03-2017
14701,1573,18778,1944,206,144,18-04-2016
14702,1573,5636,261,66,7,28-04-2016
14703,1573,4300,164,152,84,19-04-2016
14704,1573,24381,2466,78,110,20-04-2016
14705,1573,21860,1551,497,34,17-04-2016
14706,1573,18821,1124,4,59,01-05-2016
14707,1573,19738,2345,420,25,18-05-2016
14708,1573,4514,384,282,197,21-04-2016
14709,1574,7516,579,464,97,22-05-2017
14710,1574,20280,1246,88,56,24-05-2017
14711,1574,20892,2387,409,70,14-06-2017
14712,1574,18294,1887,182,168,01-06-2017
14713,1574,16523,1040,79,35,05-06-2017
14714,1574,21812,2367,136,57,29-05-2017
14715,1574,15430,1232,111,37,04-06-2017
14716,1574,9508,779,19,43,11-06-2017
14717,1574,4238,258,123,89,02-06-2017
14718,1574,24536,968,98,162,19-05-2017
14719,1574,17853,1457,452,38,03-06-2017
14720,1574,21526,2053,62,183,12-06-2017
14721,1575,3972,434,307,77,03-09-2016
14722,1575,13857,1410,395,115,27-08-2016
14723,1575,5136,132,7,94,06-09-2016
14724,1575,16868,1738,291,167,11-09-2016
14725,1575,8332,402,293,155,10-09-2016
14726,1575,23452,1435,12,134,26-08-2016
14727,1575,20885,1955,407,117,08-09-2016
14728,1575,5506,241,117,78,28-08-2016
14729,1575,15620,1136,100,30,01-09-2016
14730,1575,8686,774,306,191,30-08-2016
14731,1575,3753,278,258,49,02-09-2016
14732,1575,10919,649,473,118,31-08-2016
14733,1575,14443,906,339,184,05-09-2016
14734,1576,13080,283,271,182,18-08-2017
14735,1576,7987,856,225,137,26-08-2017
14736,1576,6970,344,157,196,22-08-2017
14737,1576,5529,471,392,96,24-08-2017
14738,1576,20419,1355,159,100,06-08-2017
14739,1576,20959,2140,103,15,20-08-2017
14740,1576,21558,1692,371,129,28-07-2017
14741,1576,7245,416,178,90,30-07-2017
14742,1576,11216,740,117,154,16-08-2017
14743,1576,14562,752,7,110,10-08-2017
14744,1576,23773,921,136,117,23-07-2017
14745,1576,9820,254,172,171,07-08-2017
14746,1576,21210,938,353,163,19-08-2017
14747,1577,15001,454,490,5,08-10-2017
14748,1577,8393,341,463,138,01-09-2017
14749,1577,13143,1028,150,112,08-09-2017
14750,1577,9914,912,418,164,10-09-2017
14751,1577,17580,916,274,179,14-09-2017
14752,1577,13479,405,112,10,02-09-2017
14753,1577,3457,330,55,191,07-10-2017
14754,1577,24899,1091,44,29,01-10-2017
14755,1577,23465,2029,337,163,05-10-2017
14756,1577,14092,379,302,33,28-09-2017
14757,1577,5655,579,297,158,15-09-2017
14758,1577,3429,233,294,27,31-08-2017
14759,1577,21130,1817,149,107,07-09-2017
14760,1577,22783,1915,42,93,16-09-2017
14761,1578,9804,814,229,98,21-10-2016
14762,1578,6338,282,365,181,05-10-2016
14763,1578,16116,1077,464,176,10-10-2016
14764,1578,13604,531,108,194,08-10-2016
14765,1578,8053,209,53,106,17-10-2016
14766,1578,15104,451,231,18,18-10-2016
14767,1578,5315,489,80,63,12-10-2016
14768,1578,10394,694,314,90,07-10-2016
14769,1578,18671,853,147,143,04-10-2016
14770,1578,12224,1268,437,149,19-10-2016
14771,1578,4525,451,431,32,11-10-2016
14772,1578,15240,1450,270,196,16-10-2016
14773,1579,22261,2546,287,82,28-09-2016
14774,1579,6901,599,262,140,20-10-2016
14775,1579,3690,271,23,140,02-10-2016
14776,1579,22212,527,491,95,09-10-2016
14777,1579,7410,835,256,57,21-09-2016
14778,1580,8833,923,453,32,02-01-2017
14779,1580,23412,1567,40,97,10-01-2017
14780,1580,18874,929,101,49,11-01-2017
14781,1580,16624,1674,371,14,01-01-2017
14782,1580,18062,1868,160,135,13-01-2017
14783,1580,12424,697,340,93,28-12-2016
14784,1580,10351,743,464,86,07-01-2017
14785,1580,19326,1049,214,101,05-01-2017
14786,1580,14327,715,86,189,21-12-2016
14787,1580,17258,786,88,128,31-12-2016
14788,1580,3451,409,319,72,04-01-2017
14789,1581,16064,1750,332,133,09-07-2016
14790,1581,14047,1629,444,193,14-07-2016
14791,1581,5725,452,174,157,08-07-2016
14792,1581,19584,624,191,113,10-07-2016
14793,1581,3648,166,25,94,12-07-2016
14794,1581,6405,201,172,195,11-07-2016
14795,1581,14957,1573,454,72,15-07-2016
14796,1581,11210,1021,212,72,13-07-2016
14797,1582,13317,1358,326,143,28-01-2016
14798,1582,15869,853,189,31,05-02-2016
14799,1582,4223,353,265,191,04-02-2016
14800,1582,21523,1754,408,169,30-01-2016
14801,1582,19160,540,396,18,06-02-2016
14802,1582,7018,690,301,159,29-01-2016
14803,1582,21499,1282,158,142,02-02-2016
14804,1582,9801,795,487,168,26-01-2016
14805,1583,11418,1043,481,138,23-11-2016
14806,1583,13706,1018,9,29,29-11-2016
14807,1583,13987,1152,279,153,22-12-2016
14808,1583,12154,1355,21,167,25-12-2016
14809,1583,21794,876,138,127,24-11-2016
14810,1584,24555,2623,148,134,30-11-2017
14811,1584,3168,286,277,86,03-12-2017
14812,1584,18336,1982,479,89,04-12-2017
14813,1584,11287,1099,194,22,05-12-2017
14814,1584,5387,173,425,97,01-12-2017
14815,1584,18574,1307,73,153,06-12-2017
14816,1584,3772,430,178,103,02-12-2017
14817,1584,5861,527,231,32,29-11-2017
14818,1585,3603,410,380,56,05-05-2016
14819,1585,8706,456,268,77,28-04-2016
14820,1585,8350,385,340,115,01-05-2016
14821,1585,7287,362,322,173,21-04-2016
14822,1585,13118,715,445,88,07-05-2016
14823,1585,3689,126,310,87,19-04-2016
14824,1585,13298,1445,48,116,03-05-2016
14825,1585,11137,677,475,121,26-04-2016
14826,1585,4527,441,149,32,22-04-2016
14827,1586,9893,820,309,197,09-08-2017
14828,1586,13151,379,214,33,26-08-2017
14829,1586,18336,1075,86,45,14-08-2017
14830,1586,21645,2521,130,168,01-09-2017
14831,1586,11129,931,472,23,15-08-2017
14832,1586,3569,199,427,196,13-08-2017
14833,1586,13526,765,17,30,04-09-2017
14834,1586,10713,1121,252,104,24-08-2017
14835,1586,9829,484,67,78,08-08-2017
14836,1587,21487,1557,168,2,09-06-2016
14837,1587,12202,303,466,194,18-06-2016
14838,1587,11201,403,138,104,22-06-2016
14839,1587,13342,1107,340,16,12-06-2016
14840,1587,15178,1376,152,129,29-05-2016
14841,1587,13899,1331,253,134,15-06-2016
14842,1587,8754,561,429,168,26-05-2016
14843,1587,15848,747,277,42,23-05-2016
14844,1587,21680,990,192,136,04-06-2016
14845,1588,3243,327,473,187,06-05-2016
14846,1588,3962,159,81,194,11-05-2016
14847,1588,24643,2517,230,55,07-05-2016
14848,1588,11450,864,464,139,03-05-2016
14849,1588,11561,826,359,91,04-05-2016
14850,1588,20537,645,192,194,05-05-2016
14851,1589,4225,101,169,117,18-09-2016
14852,1589,6099,630,351,122,19-10-2016
14853,1589,10761,950,363,84,06-10-2016
14854,1589,22222,1576,33,32,22-09-2016
14855,1589,14641,449,494,11,25-09-2016
14856,1589,18231,2157,341,26,14-10-2016
14857,1590,8383,920,76,46,06-11-2016
14858,1590,20326,2200,439,36,29-10-2016
14859,1590,3971,249,44,156,21-11-2016
14860,1590,14004,1488,415,37,24-10-2016
14861,1590,23121,798,337,27,03-11-2016
14862,1590,14657,1160,24,25,20-11-2016
14863,1590,10911,821,478,91,23-11-2016
14864,1590,24266,1251,479,8,26-10-2016
14865,1590,17229,956,225,126,26-11-2016
14866,1590,5035,348,190,89,22-10-2016
14867,1590,16971,1407,489,107,23-10-2016
14868,1590,22568,1118,139,26,11-11-2016
14869,1590,14678,1151,145,103,27-10-2016
14870,1590,13933,801,290,184,16-11-2016
14871,1590,9484,560,401,62,05-11-2016
14872,1591,15043,980,76,189,30-07-2017
14873,1591,12276,800,311,47,26-07-2017
14874,1591,18665,1396,449,187,06-08-2017
14875,1591,13758,1065,355,170,27-07-2017
14876,1591,21398,1532,115,91,28-07-2017
14877,1591,9812,387,300,102,07-08-2017
14878,1591,13226,688,31,147,20-07-2017
14879,1591,6249,355,467,131,21-07-2017
14880,1591,4127,174,283,183,04-08-2017
14881,1591,16492,645,26,52,22-07-2017
14882,1591,23682,2137,57,102,01-08-2017
14883,1591,8645,1012,267,137,25-07-2017
14884,1591,14464,592,450,153,02-08-2017
14885,1591,15366,1033,90,8,31-07-2017
14886,1591,18605,1071,193,139,03-08-2017
14887,1592,15882,1715,180,159,22-10-2017
14888,1592,16811,1849,268,3,30-10-2017
14889,1592,13250,1321,457,1,27-10-2017
14890,1592,3846,323,126,55,28-10-2017
14891,1592,13712,1534,208,83,17-10-2017
14892,1592,4414,149,137,52,31-10-2017
14893,1592,5738,598,74,54,07-11-2017
14894,1593,23259,2199,58,64,31-12-2017
14895,1593,18348,522,143,111,10-12-2017
14896,1593,23720,685,166,194,08-12-2017
14897,1593,7351,486,307,180,15-12-2017
14898,1593,14495,1650,365,118,02-01-2018
14899,1593,20378,994,257,197,29-11-2017
14900,1594,10008,776,284,172,15-09-2016
14901,1594,10884,746,251,15,27-09-2016
14902,1594,23800,761,88,142,24-09-2016
14903,1594,23686,2824,253,108,02-10-2016
14904,1594,12441,821,128,196,18-09-2016
14905,1594,24315,2287,84,136,26-09-2016
14906,1594,9780,376,368,164,11-09-2016
14907,1594,19778,427,32,154,04-10-2016
14908,1594,12036,560,282,147,16-09-2016
14909,1594,22250,2644,381,49,20-09-2016
14910,1595,12687,792,98,175,03-09-2016
14911,1595,16802,1448,266,165,28-09-2016
14912,1595,20399,1710,499,80,10-10-2016
14913,1595,11267,336,247,165,04-09-2016
14914,1595,22891,624,355,80,29-09-2016
14915,1595,5545,461,393,24,31-08-2016
14916,1595,15480,1008,342,5,08-09-2016
14917,1596,12225,1129,302,166,11-10-2016
14918,1596,19687,577,141,155,19-10-2016
14919,1596,23293,2328,296,147,26-10-2016
14920,1596,14324,1315,348,64,23-10-2016
14921,1596,6889,677,370,160,15-10-2016
14922,1596,6641,445,367,64,10-10-2016
14923,1596,24766,1112,334,59,09-10-2016
14924,1596,15643,1750,275,169,12-10-2016
14925,1596,8382,616,22,123,25-10-2016
14926,1596,13220,1473,43,51,06-10-2016
14927,1596,14565,689,245,120,14-10-2016
14928,1596,17860,1636,2,137,16-10-2016
14929,1596,22218,1257,413,99,27-10-2016
14930,1597,5162,135,148,128,11-12-2016
14931,1597,23818,1784,124,158,10-12-2016
14932,1597,10106,992,384,2,18-12-2016
14933,1597,19147,394,462,74,17-12-2016
14934,1597,5677,421,192,19,23-12-2016
14935,1597,15426,404,67,51,27-12-2016
14936,1597,24492,1789,390,172,24-12-2016
14937,1597,20042,2077,449,45,12-12-2016
14938,1597,3816,151,173,143,16-12-2016
14939,1597,18287,1856,62,100,14-12-2016
14940,1597,12103,836,183,44,22-12-2016
14941,1597,18870,722,284,158,19-12-2016
14942,1597,13458,1158,198,198,15-12-2016
14943,1597,16381,1059,152,170,20-12-2016
14944,1598,3905,357,434,62,15-09-2017
14945,1598,5050,485,438,195,08-10-2017
14946,1598,10438,492,50,65,29-09-2017
14947,1598,7551,767,37,125,10-10-2017
14948,1598,23600,848,393,83,21-10-2017
14949,1598,11045,369,306,30,06-10-2017
14950,1598,9119,1037,56,20,22-09-2017
14951,1598,11880,954,307,180,19-09-2017
14952,1598,7975,289,120,127,18-10-2017
14953,1598,20475,2166,211,130,27-09-2017
14954,1598,20797,1321,157,122,03-10-2017
