order_id,payment_value,payment_type,payment_installments
CA-2014-100006,82.89600372,credit_card,2
CA-2014-100090,2854.699951,credit_card,4
CA-2014-100293,79.36000061,credit_card,5
CA-2014-100328,89.54399872,debit_card,6
CA-2014-100363,354,credit_card,8
CA-2014-100391,76.7519989,credit_card,4
CA-2014-100678,269.0480042,credit_card,2
CA-2014-100706,492.3760071,credit_card,1
CA-2014-100762,757.5700073,credit_card,5
CA-2014-100860,113.8880005,credit_card,10
CA-2014-100867,219.8399963,credit_card,8
CA-2014-100881,31.55999947,credit_card,3
CA-2014-100895,1127.310059,credit_card,2
CA-2014-100916,52.69599915,credit_card,1
CA-2014-100972,8.56000042,credit_card,5
CA-2014-101147,848.5440063,credit_card,5
CA-2014-101175,87.59999847,credit_card,2
CA-2014-101266,26.71999931,credit_card,3
CA-2014-101364,47.61600113,credit_card,3
CA-2014-101392,26.54999924,credit_card,8
CA-2014-101427,46.86399841,credit_card,4
CA-2014-101462,30.34499931,credit_card,2
CA-2014-101476,21.24799919,credit_card,10
CA-2014-101560,212.802002,credit_card,1
CA-2014-101602,103.3440018,credit_card,3
CA-2014-101770,9.871999741,credit_card,3
CA-2014-101833,8.600000381,credit_card,1
CA-2014-101931,231.526001,debit_card,10
CA-2014-102085,240.3699951,debit_card,1
CA-2014-102274,267.0440063,credit_card,2
CA-2014-102295,251.0059967,credit_card,1
CA-2014-102330,2816.47998,credit_card,1
CA-2014-102645,815.2919922,credit_card,8
CA-2014-102652,698.7199707,credit_card,6
CA-2014-102673,760.6380005,credit_card,3
CA-2014-102869,89.44000244,debit_card,10
CA-2014-102988,557.1040039,credit_card,4
CA-2014-103058,6.912000179,credit_card,4
CA-2014-103086,1099.959961,credit_card,10
CA-2014-103100,42.94200134,credit_card,3
CA-2014-103191,17.89999962,credit_card,2
CA-2014-103219,3.619999886,credit_card,6
CA-2014-103310,3150.102051,credit_card,4
CA-2014-103317,575.8950195,debit_card,1
CA-2014-103366,3.983999968,voucher,10
CA-2014-103373,27.81599998,credit_card,12
CA-2014-103401,14.72999954,credit_card,1
CA-2014-103429,1028.465942,debit_card,8
CA-2014-103492,231.6759949,credit_card,2
CA-2014-103527,19.97999954,credit_card,4
CA-2014-103590,45.36000061,credit_card,5
CA-2014-103660,8.92800045,credit_card,8
CA-2014-103702,3,debit_card,7
CA-2014-103744,48.2859993,credit_card,8
CA-2014-103800,14.39999962,credit_card,1
CA-2014-103807,233.2599945,credit_card,2
CA-2014-103849,663.5999756,credit_card,1
CA-2014-103940,4672.423828,debit_card,6
CA-2014-103989,195.1179962,credit_card,3
CA-2014-104178,836.7299805,debit_card,7
CA-2014-104269,20.81999969,credit_card,1
CA-2014-104283,373.3760071,credit_card,5
CA-2014-104402,7.900000095,credit_card,10
CA-2014-104472,34.31999969,credit_card,10
CA-2014-104563,1468.927979,credit_card,3
CA-2014-104738,683.0219727,credit_card,1
CA-2014-104773,58.08000183,voucher,3
CA-2014-104808,4.960000038,credit_card,1
CA-2014-104829,79.97399902,credit_card,10
CA-2014-104976,19.92000008,credit_card,4
CA-2014-105165,757.0180054,debit_card,2
CA-2014-105172,559.710022,credit_card,10
CA-2014-105249,1425.547974,credit_card,2
CA-2014-105270,1170.57605,credit_card,5
CA-2014-105340,180.9600067,credit_card,10
CA-2014-105417,78.35199738,credit_card,2
CA-2014-105648,103.5999985,debit_card,2
CA-2014-105872,16.37999916,credit_card,8
CA-2014-105893,335.519989,credit_card,2
CA-2014-105984,202.5800018,credit_card,2
CA-2014-106054,474.9500122,credit_card,3
CA-2014-106229,310.4429932,credit_card,6
CA-2014-106264,357.4840088,credit_card,1
CA-2014-106376,77.88999939,credit_card,10
CA-2014-106439,4701.36377,credit_card,3
CA-2014-106572,26,credit_card,10
CA-2014-106719,4.572000027,credit_card,3
CA-2014-106726,82.80000305,credit_card,1
CA-2014-106803,144.4499969,credit_card,1
CA-2014-106810,1439.982056,credit_card,3
CA-2014-106971,38.81999969,credit_card,10
CA-2014-107139,19.10400009,credit_card,5
CA-2014-107181,35.68199921,credit_card,1
CA-2014-107398,123.5400009,credit_card,10
CA-2014-107454,1150.97998,credit_card,1
CA-2014-107524,248.2480011,credit_card,1
CA-2014-107573,113.3720016,credit_card,10
CA-2014-107594,49.24000168,credit_card,1
CA-2014-107755,6.912000179,debit_card,2
CA-2014-107769,254.352005,debit_card,4
CA-2014-107811,63.31200027,credit_card,1
CA-2014-107818,56.40000153,credit_card,2
CA-2014-107916,229.1360016,debit_card,2
CA-2014-108147,1399.359985,credit_card,8
CA-2014-108182,14.61999989,credit_card,2
CA-2014-108189,990.953186,credit_card,4
CA-2014-108273,203.1600037,credit_card,3
CA-2014-108609,79.90000153,credit_card,5
CA-2014-108707,67.1760025,credit_card,2
CA-2014-108861,181.7969971,credit_card,4
CA-2014-108903,1737.599976,credit_card,3
CA-2014-109043,44.12799835,credit_card,3
CA-2014-109127,4.447999954,credit_card,2
CA-2014-109134,257.9400024,credit_card,2
CA-2014-109218,13.63199997,credit_card,2
CA-2014-109232,82.34400177,credit_card,3
CA-2014-109302,652.9949951,voucher,10
CA-2014-109491,416.6640015,credit_card,1
CA-2014-109680,34.5,credit_card,8
CA-2014-109855,50.99700165,credit_card,4
CA-2014-109890,108.0800018,credit_card,1
CA-2014-109897,25.0720005,debit_card,4
CA-2014-109904,795.40802,debit_card,8
CA-2014-109918,254.223999,credit_card,3
CA-2014-109932,101.8840027,credit_card,2
CA-2014-110030,196.2100067,credit_card,10
CA-2014-110065,68.98000336,credit_card,5
CA-2014-110072,10.42800045,credit_card,4
CA-2014-110100,7.104000092,credit_card,7
CA-2014-110184,167.1719971,credit_card,2
CA-2014-110219,568.7280273,debit_card,10
CA-2014-110408,46.31399918,credit_card,6
CA-2014-110527,15.55200005,credit_card,3
CA-2014-110555,590.4320068,credit_card,3
CA-2014-110611,91.03199768,credit_card,10
CA-2014-110639,435.9159851,credit_card,5
CA-2014-110786,1854.421997,credit_card,3
CA-2014-110849,252.6179962,credit_card,5
CA-2014-111003,285.25,credit_card,2
CA-2014-111059,18.20700073,credit_card,10
CA-2014-111150,82.23999786,credit_card,5
CA-2014-111157,753.9060059,credit_card,10
CA-2014-111192,2.079999924,credit_card,10
CA-2014-111360,11.56000042,credit_card,3
CA-2014-111451,2449.836914,debit_card,2
CA-2014-111500,2040.099976,credit_card,4
CA-2014-111773,31.1760006,credit_card,10
CA-2014-111857,38.70999908,credit_card,2
CA-2014-111871,20.70000076,credit_card,2
CA-2014-111899,1125.920044,credit_card,2
CA-2014-111934,86.25,credit_card,3
CA-2014-111962,120.1439972,credit_card,2
CA-2014-112158,90.71199799,credit_card,5
CA-2014-112291,791.6799927,credit_card,1
CA-2014-112326,37.2480011,voucher,4
CA-2014-112403,91.95999908,voucher,2
CA-2014-112718,85.98000336,credit_card,2
CA-2014-112837,227.9759979,credit_card,5
CA-2014-112851,8.225999832,credit_card,6
CA-2014-113047,11.7840004,credit_card,2
CA-2014-113257,681.1900024,credit_card,7
CA-2014-113271,1239.871948,debit_card,2
CA-2014-113320,67.26899719,credit_card,1
CA-2014-113362,1694.160034,credit_card,2
CA-2014-113383,645.8220215,credit_card,3
CA-2014-113579,414,credit_card,6
CA-2014-113768,967.9199829,credit_card,7
CA-2014-113859,515.8800049,credit_card,4
CA-2014-113880,109.9199982,credit_card,2
CA-2014-113887,67.83999634,credit_card,5
CA-2014-113929,359.0740051,credit_card,1
CA-2014-113964,73.56800079,credit_card,2
CA-2014-114125,136.2960052,credit_card,1
CA-2014-114181,184.4360046,credit_card,3
CA-2014-114195,509.3800049,credit_card,10
CA-2014-114251,1411.637939,credit_card,5
CA-2014-114314,361.3999939,credit_card,10
CA-2014-114321,448.3320007,credit_card,4
CA-2014-114335,14.3039999,credit_card,9
CA-2014-114433,31.84000015,debit_card,4
CA-2014-114510,993.8640137,credit_card,9
CA-2014-114517,766.7199707,credit_card,6
CA-2014-114643,13.92000008,credit_card,8
CA-2014-114790,1237.416016,credit_card,10
CA-2014-115056,419.8999939,credit_card,2
CA-2014-115084,841.5679932,credit_card,10
CA-2014-115133,404.4660034,credit_card,2
CA-2014-115161,10.36800003,credit_card,1
CA-2014-115259,768.0759888,credit_card,2
CA-2014-115357,546.6599731,credit_card,1
CA-2014-115791,1382.47998,credit_card,1
CA-2014-115812,1638.004028,credit_card,12
CA-2014-115889,395.506012,credit_card,2
CA-2014-115973,50.31999969,debit_card,3
CA-2014-115980,201.7400055,credit_card,1
CA-2014-116190,2122.917969,credit_card,8
CA-2014-116239,209.6999969,credit_card,2
CA-2014-116246,45.97999954,debit_card,3
CA-2014-116407,1108,credit_card,10
CA-2014-116568,124.3600006,credit_card,2
CA-2014-116666,177.9799957,debit_card,10
CA-2014-116673,163.8800049,credit_card,2
CA-2014-116757,589.335022,credit_card,1
CA-2014-116785,217.2754974,credit_card,4
CA-2014-116834,258.6000061,credit_card,5
CA-2014-116904,709.302002,credit_card,3
CA-2014-116932,564.5040283,credit_card,10
CA-2014-117016,319.9679871,credit_card,1
CA-2014-117345,1327.437988,credit_card,3
CA-2014-117429,121.7919998,voucher,10
CA-2014-117464,319.8080139,credit_card,3
CA-2014-117478,120.9800034,voucher,2
CA-2014-117639,37.09999847,credit_card,1
CA-2014-117709,89.99099731,debit_card,2
CA-2014-117765,224.0399933,credit_card,4
CA-2014-118192,316.1679993,credit_card,1
CA-2014-118276,65.56800079,credit_card,2
CA-2014-118304,141.9600067,credit_card,2
CA-2014-118339,5922.558105,credit_card,8
CA-2014-118962,1791.223999,credit_card,8
CA-2014-118976,320.5159912,debit_card,4
CA-2014-119032,64.68000031,credit_card,10
CA-2014-119144,283.9599915,debit_card,4
CA-2014-119151,107.8600006,credit_card,7
CA-2014-119172,166.3240051,credit_card,7
CA-2014-119375,1356.68396,credit_card,6
CA-2014-119466,2676.672119,credit_card,8
CA-2014-119529,313.7219849,voucher,1
CA-2014-119977,18.93600082,credit_card,3
CA-2014-120096,340.2120056,credit_card,8
CA-2014-120243,913.4299927,credit_card,2
CA-2014-120278,1721.920044,credit_card,8
CA-2014-120411,214.9700012,credit_card,1
CA-2014-120432,122.1200027,credit_card,1
CA-2014-120474,23.12999916,credit_card,5
CA-2014-120544,228.0180054,debit_card,1
CA-2014-120670,2.308000088,credit_card,4
CA-2014-120768,541.1799927,credit_card,2
CA-2014-120775,2086.318115,credit_card,4
CA-2014-120838,488.6000061,credit_card,3
CA-2014-120852,400.8900146,credit_card,2
CA-2014-120887,276.6900024,credit_card,1
CA-2014-120950,62.29600143,credit_card,6
CA-2014-121006,4340.332031,credit_card,4
CA-2014-121167,276.6900024,credit_card,2
CA-2014-121286,23.24799919,credit_card,1
CA-2014-121573,265.2160034,credit_card,1
CA-2014-121629,222.6660004,debit_card,8
CA-2014-121664,10.98999977,credit_card,10
CA-2014-121727,8.855999947,credit_card,6
CA-2014-121762,403.6159973,debit_card,2
CA-2014-121769,2690.969971,credit_card,2
CA-2014-122070,977.8900146,credit_card,3
CA-2014-122217,2430.080078,debit_card,10
CA-2014-122336,350.9559937,credit_card,1
CA-2014-122567,100.314003,credit_card,2
CA-2014-122588,33.90000153,credit_card,7
CA-2014-122609,97.40000153,credit_card,4
CA-2014-122679,5.552000046,credit_card,1
CA-2014-122749,15.27999973,credit_card,10
CA-2014-122882,1109.369995,debit_card,1
CA-2014-122931,1043.287964,credit_card,2
CA-2014-123064,95.83999634,credit_card,2
CA-2014-123127,49.61600113,credit_card,10
CA-2014-123225,19.4659996,credit_card,10
CA-2014-123253,72.58799744,credit_card,5
CA-2014-123260,60.74000168,credit_card,7
CA-2014-123295,139.8600006,debit_card,1
CA-2014-123316,37.74000168,credit_card,8
CA-2014-123323,6.84800005,debit_card,6
CA-2014-123344,82.94999695,credit_card,1
CA-2014-123400,225.3659973,credit_card,4
CA-2014-123477,77.55000305,credit_card,1
CA-2014-123498,133.1600037,credit_card,2
CA-2014-123855,931.1760254,credit_card,1
CA-2014-123925,234.4499969,credit_card,2
CA-2014-124023,698.3519897,credit_card,6
CA-2014-124079,111.6920013,credit_card,3
CA-2014-124247,57.57600021,voucher,3
CA-2014-124394,494.9460144,credit_card,5
CA-2014-124429,531.5300293,credit_card,4
CA-2014-124464,275.0580139,credit_card,1
CA-2014-124478,1129.647949,credit_card,3
CA-2014-124513,17.76000023,debit_card,3
CA-2014-124618,258.6960144,credit_card,1
CA-2014-124646,427.8999939,credit_card,2
CA-2014-124688,1170.687988,credit_card,5
CA-2014-124702,448.6600037,credit_card,3
CA-2014-124709,94.73999786,credit_card,8
CA-2014-124723,485.8800049,credit_card,1
CA-2014-124730,387.4379883,credit_card,3
CA-2014-124737,894.4660034,credit_card,5
CA-2014-124807,261.5440063,credit_card,10
CA-2014-124856,1563.917969,debit_card,3
CA-2014-125136,27.95000076,credit_card,3
CA-2014-125150,63.20000076,credit_card,8
CA-2014-125171,76.63999939,credit_card,1
CA-2014-125514,551.7520142,credit_card,2
CA-2014-125542,887.40802,credit_card,3
CA-2014-125556,624.3439941,credit_card,1
CA-2014-125612,87.56999969,credit_card,2
CA-2014-125731,226.6999969,voucher,4
CA-2014-125759,16.19199944,debit_card,1
CA-2014-125829,403.7369995,credit_card,8
CA-2014-125997,1635.219971,credit_card,1
CA-2014-126032,7.519999981,credit_card,1
CA-2014-126193,330.3999939,credit_card,5
CA-2014-126200,3083.780029,credit_card,1
CA-2014-126277,68.70400238,credit_card,2
CA-2014-126333,12.06000042,credit_card,2
CA-2014-126361,1517.92395,credit_card,3
CA-2014-126403,237.7440033,debit_card,10
CA-2014-126480,20.8560009,credit_card,1
CA-2014-126522,33.93000031,credit_card,2
CA-2014-126683,35.24100113,debit_card,4
CA-2014-126760,1027.381958,credit_card,3
CA-2014-126802,2.624000072,credit_card,3
CA-2014-127012,73.95999908,credit_card,1
CA-2014-127131,96.50800323,voucher,2
CA-2014-127159,575.9279785,debit_card,8
CA-2014-127166,114.935997,credit_card,7
CA-2014-127187,11.68000031,credit_card,10
CA-2014-127299,55.72800064,credit_card,2
CA-2014-127383,105.5839996,credit_card,5
CA-2014-127446,3338.156006,credit_card,8
CA-2014-127488,71.12000275,credit_card,1
CA-2014-127523,368.9100037,credit_card,6
CA-2014-127558,507.3080139,credit_card,4
CA-2014-127586,62.91999817,credit_card,2
CA-2014-127614,625.59198,credit_card,6
CA-2014-127691,362.7879944,credit_card,2
CA-2014-127859,50.79999924,credit_card,5
CA-2014-127866,220.8659973,credit_card,2
CA-2014-127936,6.800000191,credit_card,10
CA-2014-127964,63.85599899,debit_card,2
CA-2014-128055,2637.518066,credit_card,1
CA-2014-128146,231.4949951,credit_card,1
CA-2014-128209,829.7579956,credit_card,1
CA-2014-128237,447.2720032,credit_card,3
CA-2014-128524,61.37599945,credit_card,1
CA-2014-128538,73.91500092,credit_card,2
CA-2014-128622,370.1400146,credit_card,6
CA-2014-128839,753.3920288,credit_card,3
CA-2014-128846,38.32799911,credit_card,1
CA-2014-128888,28.84000015,credit_card,8
CA-2014-128986,161.5679932,credit_card,2
CA-2014-129091,488.5539856,credit_card,7
CA-2014-129147,1205.813965,credit_card,1
CA-2014-129189,266.4639893,credit_card,1
CA-2014-129364,2348.092041,credit_card,5
CA-2014-129574,28.89999962,credit_card,1
CA-2014-129819,169.4499969,credit_card,2
CA-2014-129924,54.20399857,debit_card,10
CA-2014-129938,552.5599976,debit_card,1
CA-2014-130092,27.39599991,credit_card,4
CA-2014-130155,5.214000225,credit_card,1
CA-2014-130274,11.96000004,credit_card,6
CA-2014-130421,1088.76001,credit_card,1
CA-2014-130428,34.88000107,credit_card,2
CA-2014-130449,157.5599976,credit_card,2
CA-2014-130575,3050.375977,credit_card,1
CA-2014-130624,125.723999,debit_card,7
CA-2014-130673,1282.114014,credit_card,5
CA-2014-130729,13.52000046,credit_card,8
CA-2014-130813,30.79999924,credit_card,2
CA-2014-130869,21.69599915,credit_card,2
CA-2014-130918,61.43999863,voucher,4
CA-2014-130960,127.9039993,credit_card,3
CA-2014-131002,1933.715942,credit_card,9
CA-2014-131009,146.4499969,credit_card,5
CA-2014-131051,1.187999964,debit_card,2
CA-2014-131247,143.9519958,credit_card,1
CA-2014-131310,1378.017944,credit_card,5
CA-2014-131387,71.76000214,credit_card,2
CA-2014-131450,50.34000015,debit_card,6
CA-2014-131527,11.56000042,credit_card,4
CA-2014-131541,99.11199951,debit_card,1
CA-2014-131800,53.93999863,credit_card,2
CA-2014-131905,77.49199677,credit_card,2
CA-2014-131926,381.7399902,credit_card,8
CA-2014-131947,1340.154053,credit_card,2
CA-2014-132010,348.3059998,debit_card,4
CA-2014-132227,43.97999954,credit_card,8
CA-2014-132451,125.3519974,credit_card,3
CA-2014-132500,139.0399933,credit_card,1
CA-2014-132542,34.59999847,credit_card,1
CA-2014-132612,53.91999817,credit_card,2
CA-2014-132787,35.34000015,credit_card,1
CA-2014-132801,4.130000114,credit_card,1
CA-2014-132864,47.95199966,debit_card,5
CA-2014-132913,41.47200012,debit_card,6
CA-2014-132962,4024.174072,credit_card,2
CA-2014-132983,28.27199936,credit_card,5
CA-2014-133158,62.72000122,debit_card,2
CA-2014-133228,13.71000004,credit_card,5
CA-2014-133270,388.70401,credit_card,2
CA-2014-133305,335.2872009,credit_card,10
CA-2014-133354,62.49599838,credit_card,3
CA-2014-133389,92.95999908,credit_card,6
CA-2014-133424,74.63600159,credit_card,1
CA-2014-133543,11.21000004,credit_card,5
CA-2014-133592,520.3839722,credit_card,1
CA-2014-133634,182.9100037,debit_card,3
CA-2014-133690,69.14399719,credit_card,10
CA-2014-133704,66.02400208,credit_card,4
CA-2014-133753,240.2400055,credit_card,1
CA-2014-133809,220.3359985,debit_card,1
CA-2014-133830,33.93600082,credit_card,5
CA-2014-133851,133.25,credit_card,8
CA-2014-133963,11.56000042,credit_card,3
CA-2014-134061,1499.949951,credit_card,1
CA-2014-134103,627.6680298,credit_card,1
CA-2014-134215,51.09999847,credit_card,1
CA-2014-134278,177.1999969,credit_card,2
CA-2014-134313,133.2120056,credit_card,2
CA-2014-134551,263.5039978,debit_card,4
CA-2014-134572,121.7799988,credit_card,5
CA-2014-134621,153.7799988,credit_card,1
CA-2014-134677,55.32799911,credit_card,3
CA-2014-135090,1502.375977,credit_card,10
CA-2014-135405,560.65802,debit_card,8
CA-2014-135608,59.0359993,credit_card,2
CA-2014-135657,40.99000168,credit_card,4
CA-2014-135699,1051.180054,credit_card,3
CA-2014-135755,68.63999939,credit_card,3
CA-2014-135993,617.3099976,credit_card,2
CA-2014-136336,13.22999954,credit_card,3
CA-2014-136399,221.5720062,credit_card,5
CA-2014-136567,1410.228027,credit_card,20
CA-2014-136644,44.45999908,debit_card,10
CA-2014-136742,167.9759979,credit_card,2
CA-2014-136861,51.33599854,credit_card,3
CA-2014-137092,1349.465942,credit_card,2
CA-2014-137274,84.05599976,credit_card,10
CA-2014-137351,585.552002,debit_card,3
CA-2014-137575,6.607999802,credit_card,2
CA-2014-137589,35.01599884,credit_card,1
CA-2014-137911,853.9299927,credit_card,5
CA-2014-138023,247.4400024,credit_card,7
CA-2014-138072,10.36800003,credit_card,8
CA-2014-138100,1897.645996,debit_card,3
CA-2014-138128,20.37199974,credit_card,1
CA-2014-138177,77.72000122,credit_card,5
CA-2014-138198,113.7300034,credit_card,6
CA-2014-138240,2125.625977,credit_card,5
CA-2014-138296,20.70400047,credit_card,10
CA-2014-138317,972.5180054,credit_card,5
CA-2014-138359,230.5420074,credit_card,5
CA-2014-138436,23.61599922,credit_card,3
CA-2014-138450,98.90799713,credit_card,8
CA-2014-138513,284.0799866,debit_card,10
CA-2014-138527,4990.241211,credit_card,6
CA-2014-138681,526.6459961,credit_card,8
CA-2014-138709,51.27399826,debit_card,3
CA-2014-138737,111.0400009,credit_card,1
CA-2014-138940,4.895999908,debit_card,5
CA-2014-139017,15.84000015,debit_card,2
CA-2014-139192,1089.624023,credit_card,6
CA-2014-139283,127.7639999,credit_card,2
CA-2014-139423,88.7519989,credit_card,2
CA-2014-139451,438.0440063,credit_card,3
CA-2014-139542,176.9199982,credit_card,3
CA-2014-139598,370.2200012,voucher,10
CA-2014-139633,7.920000076,credit_card,3
CA-2014-139857,6.671999931,credit_card,1
CA-2014-139892,1261.927979,credit_card,10
CA-2014-140004,396.5440063,credit_card,10
CA-2014-140032,18.26399994,credit_card,6
CA-2014-140165,287.9360046,debit_card,3
CA-2014-140228,1151.947998,credit_card,10
CA-2014-140396,367.5664063,credit_card,3
CA-2014-140403,27.45599937,credit_card,2
CA-2014-140473,18.71999931,credit_card,3
CA-2014-140487,83.91999817,debit_card,1
CA-2014-140662,178.9259949,credit_card,4
CA-2014-140732,607.9420166,credit_card,2
CA-2014-140795,6.570000172,credit_card,2
CA-2014-140816,285.552002,credit_card,2
CA-2014-140858,454.9819946,credit_card,8
CA-2014-140886,12.96000004,credit_card,2
CA-2014-141005,29.52000046,credit_card,3
CA-2014-141110,4906.352051,debit_card,2
CA-2014-141152,113.9400024,credit_card,7
CA-2014-141173,419.1359863,credit_card,3
CA-2014-141278,175.871994,credit_card,6
CA-2014-141299,431.1600037,credit_card,4
CA-2014-141313,81.66000366,credit_card,1
CA-2014-141355,23.37599945,credit_card,10
CA-2014-141607,16.27199936,credit_card,6
CA-2014-141649,23.76000023,credit_card,3
CA-2014-141726,45.70500183,debit_card,1
CA-2014-141796,24.55999947,credit_card,2
CA-2014-141838,1218.970947,credit_card,3
CA-2014-142048,11199.96777,credit_card,5
CA-2014-142314,25.48800087,credit_card,2
CA-2014-142510,191.348999,credit_card,4
CA-2014-142587,610.1400146,credit_card,3
CA-2014-142727,203.3910065,credit_card,1
CA-2014-142769,1488.421997,debit_card,10
CA-2014-142839,142.776001,credit_card,6
CA-2014-142951,168.1000061,credit_card,6
CA-2014-142965,17.15999985,credit_card,1
CA-2014-143168,127.8199997,credit_card,3
CA-2014-143182,450.0400085,credit_card,1
CA-2014-143210,412.7600098,credit_card,6
CA-2014-143336,507.1759949,credit_card,1
CA-2014-143371,714.0159912,credit_card,6
CA-2014-143413,193.0655975,credit_card,6
CA-2014-143637,98.39199829,credit_card,2
CA-2014-143840,862.973999,credit_card,3
CA-2014-143903,107.026001,debit_card,6
CA-2014-144029,717.7559814,credit_card,8
CA-2014-144071,565.0599976,credit_card,5
CA-2014-144281,21.74399948,credit_card,3
CA-2014-144407,162.6000061,credit_card,10
CA-2014-144414,1494.963989,credit_card,3
CA-2014-144624,11.64799976,credit_card,1
CA-2014-144666,2794.602051,credit_card,2
CA-2014-144974,144.0180054,debit_card,2
CA-2014-145212,87.91999817,credit_card,10
CA-2014-145254,1098.569946,credit_card,4
CA-2014-145317,909.9819946,credit_card,8
CA-2014-145387,4072.949951,debit_card,1
CA-2014-145541,407.9760132,credit_card,10
CA-2014-145576,28.97999954,credit_card,3
CA-2014-145800,12.69999981,credit_card,8
CA-2014-145926,47.95199966,credit_card,6
CA-2014-146283,574.8480225,credit_card,8
CA-2014-146500,472.9679871,credit_card,1
CA-2014-146528,1574.887939,credit_card,1
CA-2014-146591,1604.484009,credit_card,6
CA-2014-146640,159.9839935,credit_card,2
CA-2014-146703,217.5839996,credit_card,8
CA-2014-146731,1118.615967,credit_card,2
CA-2014-146815,484.6480103,credit_card,7
CA-2014-146843,165.3800049,credit_card,2
CA-2014-146885,1323.900024,credit_card,1
CA-2014-146969,219.1459961,credit_card,1
CA-2014-146990,791.5200195,credit_card,4
CA-2014-146997,11.3760004,credit_card,1
CA-2014-147235,477.5100098,credit_card,3
CA-2014-147298,55.95000076,credit_card,2
CA-2014-147543,12.35000038,credit_card,8
CA-2014-147900,14.61999989,credit_card,2
CA-2014-147914,148.7039948,credit_card,2
CA-2014-148040,46.08800125,credit_card,2
CA-2014-148285,227.904007,credit_card,10
CA-2014-148369,68.23799896,credit_card,3
CA-2014-148383,2.375999928,credit_card,3
CA-2014-148425,207.1840057,credit_card,10
CA-2014-148488,219.0879974,credit_card,6
CA-2014-148586,1217.567993,debit_card,4
CA-2014-148614,113.1920013,credit_card,3
CA-2014-148761,3.048000097,credit_card,8
CA-2014-148782,251.9100037,credit_card,1
CA-2014-148915,698.315979,credit_card,10
CA-2014-148950,138.4720001,debit_card,8
CA-2014-149020,211.8280029,debit_card,7
CA-2014-149055,7.995999813,credit_card,1
CA-2014-149104,5584.934082,credit_card,2
CA-2014-149244,94.59999847,credit_card,1
CA-2014-149524,9.869999886,credit_card,4
CA-2014-149538,1520.057983,credit_card,4
CA-2014-149594,510.2399902,credit_card,2
CA-2014-149643,162.6399994,credit_card,5
CA-2014-149958,4889.354004,credit_card,3
CA-2014-150203,44.75,credit_card,2
CA-2014-150245,479.9880066,credit_card,10
CA-2014-150301,11.06000042,debit_card,6
CA-2014-150329,36.84000015,credit_card,3
CA-2014-150490,121.4059982,credit_card,3
CA-2014-150518,423.3640137,credit_card,10
CA-2014-150581,482.730011,credit_card,1
CA-2014-150798,476.5780029,debit_card,5
CA-2014-151001,613.2199707,credit_card,6
CA-2014-151078,6.599999905,credit_card,10
CA-2014-151162,371.1600037,debit_card,6
CA-2014-151295,81.15200043,debit_card,8
CA-2014-151330,579.197998,credit_card,1
CA-2014-151379,54.90000153,credit_card,2
CA-2014-151554,13.34399986,credit_card,5
CA-2014-151708,367.1080017,credit_card,10
CA-2014-151792,199.9799957,credit_card,10
CA-2014-151897,1.787999988,credit_card,3
CA-2014-151946,1252.76001,credit_card,2
CA-2014-151953,195.1360016,debit_card,10
CA-2014-151967,19.19400024,credit_card,1
CA-2014-151995,802.7000122,credit_card,5
CA-2014-152100,6.789999962,credit_card,1
CA-2014-152233,10.36800003,credit_card,3
CA-2014-152254,1245.859985,credit_card,5
CA-2014-152268,52.44800186,credit_card,2
CA-2014-152296,89.97000122,credit_card,6
CA-2014-152345,24.36499977,credit_card,6
CA-2014-152443,260.256012,credit_card,1
CA-2014-152562,314.5499878,credit_card,10
CA-2014-152618,628.3380127,credit_card,6
CA-2014-152849,195.1360016,credit_card,1
CA-2014-152905,67.15000153,credit_card,20
CA-2014-153087,617.8800049,debit_card,3
CA-2014-153150,222.3840027,debit_card,1
CA-2014-153479,1654.838013,debit_card,3
CA-2014-153619,319.7600098,credit_card,8
CA-2014-153808,439.8080139,credit_card,8
CA-2014-153850,33.22999954,debit_card,5
CA-2014-153913,678.8880005,credit_card,10
CA-2014-153927,194.2920074,credit_card,2
CA-2014-153976,30.47999954,credit_card,10
CA-2014-153983,2803.639893,debit_card,2
CA-2014-154095,829.0200195,debit_card,8
CA-2014-154186,135.9900055,credit_card,1
CA-2014-154592,19.89999962,credit_card,3
CA-2014-154599,642.0159912,credit_card,1
CA-2014-154627,16.73999977,credit_card,4
CA-2014-154641,124.75,credit_card,2
CA-2014-154669,11.56000042,credit_card,1
CA-2014-154781,3116.751953,credit_card,5
CA-2014-154837,569.0579834,credit_card,2
CA-2014-154893,97.04000092,credit_card,8
CA-2014-154963,538.3359985,credit_card,4
CA-2014-155208,13.45600033,credit_card,4
CA-2014-155264,803.6019897,credit_card,2
CA-2014-155271,261.9599915,credit_card,8
CA-2014-155390,8.855999947,credit_card,6
CA-2014-155593,186.5399933,credit_card,1
CA-2014-155796,6.300000191,credit_card,1
CA-2014-155852,756.7999878,credit_card,2
CA-2014-155887,310.8800049,credit_card,10
CA-2014-156006,49.11999893,credit_card,1
CA-2014-156160,917.5720215,credit_card,2
CA-2014-156244,2415.246094,credit_card,2
CA-2014-156314,20.7840004,credit_card,2
CA-2014-156342,123.1439972,credit_card,10
CA-2014-156349,124.3679962,credit_card,6
CA-2014-156433,167.2899933,credit_card,4
CA-2014-156545,6.079999924,credit_card,1
CA-2014-156587,50.06399918,credit_card,3
CA-2014-156594,1468.267944,credit_card,10
CA-2014-156601,32.36800003,credit_card,2
CA-2014-156790,92.94000244,debit_card,1
CA-2014-156993,244.7680054,credit_card,1
CA-2014-157147,1006.088013,voucher,2
CA-2014-157546,256.980011,credit_card,8
CA-2014-157609,5.248000145,credit_card,5
CA-2014-157623,320.2200012,credit_card,6
CA-2014-157644,67.76999664,debit_card,8
CA-2014-157721,16.28000069,credit_card,10
CA-2014-157784,919.776001,credit_card,3
CA-2014-157882,550.7659912,debit_card,3
CA-2014-157924,166.5359955,credit_card,2
CA-2014-158029,32.75,credit_card,10
CA-2014-158064,2.839999914,credit_card,4
CA-2014-158225,29.28000069,credit_card,3
CA-2014-158274,2966.201904,credit_card,3
CA-2014-158281,14.39999962,credit_card,1
CA-2014-158337,9.555000305,credit_card,1
CA-2014-158372,641.3220215,credit_card,10
CA-2014-158442,467.2579956,credit_card,1
CA-2014-158470,1818.859985,credit_card,6
CA-2014-158540,214.9499969,credit_card,6
CA-2014-158771,836.4920044,credit_card,2
CA-2014-159121,11.68000031,credit_card,8
CA-2014-159184,81.04799652,credit_card,10
CA-2014-159310,1431.172974,credit_card,1
CA-2014-159338,11.34000015,voucher,10
CA-2014-159478,10.36800003,credit_card,1
CA-2014-159520,305.3439941,credit_card,8
CA-2014-159625,2.960000038,credit_card,5
CA-2014-159681,464.9700012,credit_card,3
CA-2014-159709,54.31200027,credit_card,6
CA-2014-159800,207.2400055,credit_card,1
CA-2014-159814,21.60000038,credit_card,4
CA-2014-159835,11.52000046,credit_card,1
CA-2014-159849,32.56000137,credit_card,13
CA-2014-160066,8.607999802,debit_card,3
CA-2014-160094,318.4128113,debit_card,1
CA-2014-160262,921.4920044,credit_card,5
CA-2014-160276,39.95999908,credit_card,2
CA-2014-160738,306.8999939,credit_card,3
CA-2014-160766,551.4119873,debit_card,1
CA-2014-160773,154.8999939,credit_card,5
CA-2014-161032,3.424000025,credit_card,10
CA-2014-161249,150.723999,credit_card,7
CA-2014-161508,329.2860107,debit_card,2
CA-2014-161634,14.93999958,credit_card,5
CA-2014-162089,309.4760132,credit_card,2
CA-2014-162278,28.84199905,credit_card,1
CA-2014-162362,147.6040039,credit_card,10
CA-2014-162684,50,credit_card,8
CA-2014-162775,443.6879883,credit_card,8
CA-2014-162866,1809.660034,credit_card,3
CA-2014-163013,18.49600029,credit_card,10
CA-2014-163034,7.610000134,debit_card,1
CA-2014-163223,286.45401,credit_card,2
CA-2014-163293,165.5039978,credit_card,2
CA-2014-163412,3.983999968,credit_card,2
CA-2014-163419,224.7859955,credit_card,10
CA-2014-163447,36.84000015,credit_card,2
CA-2014-163552,608.3619995,credit_card,4
CA-2014-163559,94.84999847,credit_card,1
CA-2014-163650,804.7319946,credit_card,3
CA-2014-163748,87.09999847,credit_card,8
CA-2014-163867,94.33000183,credit_card,4
CA-2014-164182,468.2099915,credit_card,17
CA-2014-164210,112.0940018,debit_card,4
CA-2014-164224,12.03199959,credit_card,3
CA-2014-164259,523.9199829,credit_card,8
CA-2014-164315,511.4620056,credit_card,2
CA-2014-164385,5.179999828,credit_card,1
CA-2014-164469,404.8259888,credit_card,5
CA-2014-164721,374.473999,credit_card,1
CA-2014-164742,1148.635986,credit_card,1
CA-2014-164749,48.93999863,credit_card,10
CA-2014-164861,5.343999863,credit_card,3
CA-2014-164910,23.84000015,credit_card,1
CA-2014-164973,624.1439819,credit_card,2
CA-2014-165309,892.5955811,credit_card,1
CA-2014-165379,48.98799896,debit_card,6
CA-2014-165393,2022.271973,credit_card,3
CA-2014-165428,299.8080139,credit_card,1
CA-2014-165477,27.18000031,credit_card,1
CA-2014-165540,13.11999989,credit_card,8
CA-2014-165568,17.95999908,credit_card,5
CA-2014-165764,815.4559937,credit_card,1
CA-2014-165974,6.480000019,credit_card,8
CA-2014-166051,58.75600052,credit_card,3
CA-2014-166086,101.5920029,credit_card,2
CA-2014-166191,170.4060059,credit_card,2
CA-2014-166457,311.1000061,credit_card,3
CA-2014-166471,453.0100098,credit_card,2
CA-2014-166555,70.70999908,debit_card,8
CA-2014-166590,73.26999664,credit_card,2
CA-2014-166716,251.7899933,credit_card,3
CA-2014-166730,71.08799744,credit_card,2
CA-2014-166744,588.210022,credit_card,2
CA-2014-166863,2540.125977,credit_card,10
CA-2014-166884,192.5200043,credit_card,8
CA-2014-166891,191.6000061,credit_card,5
CA-2014-166954,2191.919922,credit_card,2
CA-2014-166961,170.2960052,debit_card,2
CA-2014-166989,96.87999725,credit_card,8
CA-2014-167199,1758.599976,credit_card,1
CA-2014-167360,4.78399992,credit_card,5
CA-2014-167486,180.9600067,credit_card,6
CA-2014-167724,13.89999962,credit_card,8
CA-2014-167850,105.8880005,credit_card,6
CA-2014-167927,569.4260254,debit_card,4
CA-2014-167997,77.99199677,credit_card,3
CA-2014-168130,374.3760071,credit_card,5
CA-2014-168158,0.555999994,credit_card,1
CA-2014-168305,105.7440033,credit_card,8
CA-2014-168312,226.8600006,credit_card,2
CA-2014-168368,310.0419922,debit_card,4
CA-2014-168473,89.51999664,credit_card,10
CA-2014-168494,242.8359985,credit_card,1
CA-2014-168592,391.7080078,credit_card,5
CA-2014-168823,538.8699951,debit_card,5
CA-2014-168984,279.4200134,credit_card,5
CA-2014-169019,1419.390015,credit_card,1
CA-2014-169033,39.90000153,credit_card,1
CA-2014-169061,306.0140076,credit_card,9
CA-2014-169257,20.55599976,credit_card,5
CA-2014-169446,128.7920074,credit_card,2
CA-2014-169460,447.9679871,debit_card,12
CA-2014-169642,67.13600159,credit_card,1
CA-2014-169649,63.84400177,credit_card,8
CA-2014-169684,19.05599976,credit_card,4
CA-2014-169726,238.5599976,credit_card,3
CA-2014-169775,97.0059967,credit_card,8
CA-2014-169803,343.4200134,credit_card,2
CA-2014-169852,36.59999847,credit_card,10
CA-2015-100146,35.06800079,credit_card,1
CA-2015-100216,132.371994,credit_card,2
CA-2015-100251,155.0200043,credit_card,8
CA-2015-100454,192.6000061,credit_card,5
CA-2015-100545,217.4400024,credit_card,7
CA-2015-100573,14.88000011,credit_card,3
CA-2015-100657,139.4400024,credit_card,5
CA-2015-100685,251.7200012,credit_card,1
CA-2015-100734,522.2000122,credit_card,2
CA-2015-100769,501.8099976,debit_card,5
CA-2015-100818,229.3659973,credit_card,3
CA-2015-100888,39.87200165,credit_card,2
CA-2015-101000,122.9700012,credit_card,6
CA-2015-101007,35.80799866,credit_card,5
CA-2015-101091,710.0100098,credit_card,5
CA-2015-101126,53.98199844,credit_card,2
CA-2015-101154,695.7000122,credit_card,3
CA-2015-101707,328.8599854,debit_card,5
CA-2015-101889,560.0479736,credit_card,2
CA-2015-101910,1024.380005,credit_card,1
CA-2015-101924,40.70000076,credit_card,9
CA-2015-102015,262.1459961,credit_card,2
CA-2015-102036,1349.849976,debit_card,10
CA-2015-102260,2862.139893,credit_card,6
CA-2015-102281,2054.639893,credit_card,1
CA-2015-102316,257.5239868,credit_card,6
CA-2015-102491,926.2739868,credit_card,2
CA-2015-102582,638.5759888,debit_card,3
CA-2015-102722,638.7299805,credit_card,10
CA-2015-102778,149.9499969,debit_card,1
CA-2015-102806,30,debit_card,8
CA-2015-102848,22638.48047,credit_card,3
CA-2015-102855,33.00799942,credit_card,3
CA-2015-102876,128.7460022,credit_card,1
CA-2015-103072,138.6300049,credit_card,4
CA-2015-103093,16.28000069,voucher,3
CA-2015-103135,543.8519897,credit_card,2
CA-2015-103177,438.8640137,credit_card,4
CA-2015-103205,3.444000006,credit_card,2
CA-2015-103716,315.1359863,credit_card,2
CA-2015-103723,254.8999939,credit_card,2
CA-2015-103772,196.9160004,credit_card,3
CA-2015-103793,20.72400093,credit_card,4
CA-2015-103870,73.08599854,credit_card,1
CA-2015-103933,468.8999939,credit_card,8
CA-2015-103954,17.45599937,credit_card,1
CA-2015-103961,2399.959961,debit_card,1
CA-2015-104052,52.09600067,debit_card,9
CA-2015-104059,18.95999908,credit_card,10
CA-2015-104115,5.679999828,credit_card,2
CA-2015-104129,225.1799927,credit_card,5
CA-2015-104241,8.760000229,credit_card,5
CA-2015-104297,3080,voucher,2
CA-2015-104346,691.3259888,credit_card,2
CA-2015-104486,851.4219971,credit_card,4
CA-2015-104493,7.967999935,credit_card,3
CA-2015-104514,44.43000031,credit_card,5
CA-2015-104626,1391.069946,credit_card,10
CA-2015-104871,47.04000092,credit_card,5
CA-2015-104941,720.8319702,credit_card,9
CA-2015-104948,381.7279968,credit_card,2
CA-2015-105102,92.30400085,credit_card,1
CA-2015-105158,35.37599945,credit_card,8
CA-2015-105221,1418.819946,credit_card,4
CA-2015-105312,918.2789917,credit_card,5
CA-2015-105347,464.7659912,credit_card,2
CA-2015-105361,10.68799973,credit_card,4
CA-2015-105508,17.94000053,credit_card,3
CA-2015-105571,112.8899994,credit_card,3
CA-2015-105599,235.3040009,credit_card,1
CA-2015-105613,216.3099976,credit_card,1
CA-2015-105627,386.1279907,credit_card,6
CA-2015-105634,209.5,credit_card,8
CA-2015-105690,57.34000015,credit_card,10
CA-2015-105725,45.27199936,credit_card,2
CA-2015-105970,517.9219971,debit_card,1
CA-2015-106187,792.9819946,credit_card,10
CA-2015-106215,294.3680115,credit_card,1
CA-2015-106257,848.2479858,credit_card,4
CA-2015-106320,247.8000031,credit_card,8
CA-2015-106362,35.43999863,credit_card,10
CA-2015-106565,13.90400028,credit_card,1
CA-2015-106978,38.79600143,credit_card,10
CA-2015-107020,18.65600014,credit_card,1
CA-2015-107083,870.9119873,credit_card,10
CA-2015-107468,19.31200027,credit_card,3
CA-2015-107678,102.2040024,credit_card,2
CA-2015-107685,879.5200195,credit_card,3
CA-2015-107741,296.7120056,credit_card,6
CA-2015-107902,863.8800049,credit_card,10
CA-2015-107937,31.08600044,credit_card,2
CA-2015-108119,34.65000153,credit_card,1
CA-2015-108259,526.2399902,debit_card,1
CA-2015-108532,74.83000183,credit_card,10
CA-2015-108588,219.6199951,credit_card,4
CA-2015-108665,734.7520142,credit_card,10
CA-2015-108672,14.93999958,credit_card,2
CA-2015-109001,67.9280014,credit_card,2
CA-2015-109113,125.8799973,credit_card,4
CA-2015-109169,10.36800003,credit_card,10
CA-2015-109190,316.8840027,credit_card,17
CA-2015-109197,197.5800018,credit_card,2
CA-2015-109337,505.1640015,credit_card,2
CA-2015-109386,1179.06604,credit_card,1
CA-2015-109470,879.8300171,credit_card,3
CA-2015-109512,1297.609985,credit_card,1
CA-2015-109575,472.1340027,credit_card,6
CA-2015-109603,783.960022,credit_card,10
CA-2015-109638,625.8460083,credit_card,3
CA-2015-109708,12.47999954,credit_card,10
CA-2015-109862,78.60800171,credit_card,3
CA-2015-109939,12.96000004,credit_card,6
CA-2015-110016,86.12000275,credit_card,8
CA-2015-110093,3511.449951,credit_card,1
CA-2015-110247,16.39999962,credit_card,9
CA-2015-110289,17.51199913,credit_card,4
CA-2015-110324,433.3680115,credit_card,1
CA-2015-110345,68.43199921,credit_card,4
CA-2015-110457,30.36000061,credit_card,10
CA-2015-110548,15.92000008,credit_card,3
CA-2015-110632,42.40000153,credit_card,3
CA-2015-110667,2062.886475,credit_card,1
CA-2015-110744,213.9199982,debit_card,3
CA-2015-110765,392.9400024,debit_card,2
CA-2015-110814,922.0599976,credit_card,2
CA-2015-110863,53.79999924,credit_card,2
CA-2015-110870,191.8300018,credit_card,1
CA-2015-110877,1221.037964,credit_card,2
CA-2015-110891,42.36800003,credit_card,5
CA-2015-110947,8.255999565,credit_card,5
CA-2015-111017,5.184000015,credit_card,1
CA-2015-111073,8.784000397,credit_card,2
CA-2015-111094,669.0599976,debit_card,7
CA-2015-111164,182.3699951,debit_card,5
CA-2015-111199,66.30000305,credit_card,7
CA-2015-111206,699.9299927,credit_card,6
CA-2015-111234,125.3600006,credit_card,8
CA-2015-111297,99.84600067,credit_card,1
CA-2015-111325,604.3200073,credit_card,3
CA-2015-111339,85.30699921,credit_card,4
CA-2015-111395,610.7260132,credit_card,10
CA-2015-111507,30.07999992,debit_card,4
CA-2015-111514,245.9519958,credit_card,2
CA-2015-111612,448.2179871,credit_card,8
CA-2015-111703,251.9880066,credit_card,3
CA-2015-111780,736.9140015,credit_card,2
CA-2015-111829,300.8479919,credit_card,2
CA-2015-111864,15.56000042,debit_card,2
CA-2015-111948,462.3540039,credit_card,3
CA-2015-111990,20.23999977,credit_card,3
CA-2015-112014,464.2919922,credit_card,3
CA-2015-112053,20.01600075,credit_card,3
CA-2015-112116,7.434000015,credit_card,1
CA-2015-112130,149.3119965,credit_card,2
CA-2015-112144,520.6719971,credit_card,3
CA-2015-112214,678.2620239,credit_card,3
CA-2015-112305,122.5999985,credit_card,2
CA-2015-112375,516.9199829,credit_card,2
CA-2015-112522,23.12800026,debit_card,3
CA-2015-112557,339.9599915,credit_card,2
CA-2015-112571,50,debit_card,3
CA-2015-112711,97.81999969,credit_card,2
CA-2015-112823,1421.66394,credit_card,1
CA-2015-113040,128.1239929,credit_card,3
CA-2015-113110,538.9000244,credit_card,1
CA-2015-113131,976.7600098,credit_card,3
CA-2015-113145,431.9320068,credit_card,1
CA-2015-113152,54.59199905,credit_card,5
CA-2015-113173,117.0199966,credit_card,6
CA-2015-113215,194.3200073,debit_card,4
CA-2015-113222,12.96000004,credit_card,1
CA-2015-113404,591.0759888,credit_card,5
CA-2015-113523,25.92000008,credit_card,4
CA-2015-113628,265.3859863,credit_card,10
CA-2015-113740,8.640000343,credit_card,3
CA-2015-113901,80.30000305,credit_card,8
CA-2015-113971,13.18400002,credit_card,8
CA-2015-114048,133.1199951,credit_card,1
CA-2015-114069,196.8699951,credit_card,1
CA-2015-114237,26.04599953,credit_card,1
CA-2015-114300,1871.98999,credit_card,6
CA-2015-114468,2958.656006,debit_card,6
CA-2015-114503,9449.950195,credit_card,4
CA-2015-114811,1272.573975,credit_card,1
CA-2015-114923,52.27199936,debit_card,6
CA-2015-115091,200.0160065,credit_card,2
CA-2015-115168,241.423996,credit_card,6
CA-2015-115392,939.3560181,credit_card,5
CA-2015-115399,64.90000153,credit_card,2
CA-2015-115420,148.2570038,credit_card,6
CA-2015-115511,2085.689941,credit_card,5
CA-2015-115567,280.302002,credit_card,2
CA-2015-115693,12.53600025,credit_card,10
CA-2015-115742,770.7399902,credit_card,1
CA-2015-115798,1733.177979,credit_card,6
CA-2015-115847,212.6399994,credit_card,3
CA-2015-115924,469.9500122,credit_card,10
CA-2015-115938,211.4299927,credit_card,7
CA-2015-115945,139.904007,credit_card,10
CA-2015-116092,60.01200104,credit_card,24
CA-2015-116260,2.042999983,debit_card,4
CA-2015-116484,279.3099976,debit_card,3
CA-2015-116512,13.59200001,credit_card,2
CA-2015-116638,29.47200012,debit_card,2
CA-2015-116687,95.96800232,credit_card,2
CA-2015-116750,61.04000092,credit_card,3
CA-2015-116841,313.1759949,credit_card,3
CA-2015-116876,13.33199978,credit_card,4
CA-2015-117086,3.263999939,debit_card,8
CA-2015-117415,1374.343994,debit_card,10
CA-2015-117611,1717.973999,credit_card,4
CA-2015-117772,121.1039963,debit_card,3
CA-2015-117800,14.40799999,credit_card,4
CA-2015-117828,164.8800049,credit_card,3
CA-2015-117884,89.54000092,credit_card,1
CA-2015-117898,11.21199989,credit_card,1
CA-2015-117961,349.9360046,debit_card,3
CA-2015-118227,317.0580139,credit_card,8
CA-2015-118423,41.25600052,credit_card,10
CA-2015-118444,6.71999979,credit_card,2
CA-2015-118738,2004.328003,credit_card,1
CA-2015-118843,279.9400024,credit_card,4
CA-2015-118871,365.723999,credit_card,3
CA-2015-118948,3.487999916,credit_card,2
CA-2015-118955,75.77999878,credit_card,2
CA-2015-119102,19.15200043,credit_card,5
CA-2015-119214,111.1660004,credit_card,10
CA-2015-119291,2432.562988,debit_card,3
CA-2015-119480,289.7099915,credit_card,10
CA-2015-119508,494.0559998,credit_card,2
CA-2015-119550,269.9700012,credit_card,10
CA-2015-119592,14.93999958,credit_card,1
CA-2015-119627,182.5679932,credit_card,1
CA-2015-119690,278.3299866,credit_card,3
CA-2015-119697,109.5920029,credit_card,2
CA-2015-119879,965.9439697,credit_card,1
CA-2015-119907,7.763999939,credit_card,7
CA-2015-119942,129.9299927,credit_card,10
CA-2015-120103,1970.72998,credit_card,7
CA-2015-120320,22.95999908,credit_card,2
CA-2015-120341,90.38999939,credit_card,5
CA-2015-120362,210.9799957,debit_card,6
CA-2015-120397,24.03199959,credit_card,2
CA-2015-120439,15.55200005,credit_card,4
CA-2015-120446,649,debit_card,2
CA-2015-120516,64.78399658,credit_card,10
CA-2015-120551,18.4640007,credit_card,2
CA-2015-120621,283.4119873,credit_card,12
CA-2015-120677,12.96000004,credit_card,3
CA-2015-120782,141.5039978,credit_card,1
CA-2015-120810,77.22599792,debit_card,10
CA-2015-120845,113.9160004,credit_card,1
CA-2015-120880,75.51799774,credit_card,1
CA-2015-120901,493.6159973,credit_card,4
CA-2015-121097,5.670000076,debit_card,2
CA-2015-121132,49.81999969,debit_card,4
CA-2015-121188,1910.312012,credit_card,8
CA-2015-121272,104.9000015,debit_card,2
CA-2015-121391,19.24200058,credit_card,7
CA-2015-121405,3420.815918,credit_card,6
CA-2015-121552,19.54000092,credit_card,10
CA-2015-121608,472.3359985,credit_card,2
CA-2015-121650,666.1459961,debit_card,10
CA-2015-121699,80.98000336,credit_card,10
CA-2015-121720,541.1400146,credit_card,6
CA-2015-121776,35.66400146,debit_card,2
CA-2015-121783,2373.414063,credit_card,1
CA-2015-121797,310.3800049,debit_card,8
CA-2015-121965,436.6960144,credit_card,1
CA-2015-122168,169.8800049,credit_card,10
CA-2015-122210,1077.819946,credit_card,1
CA-2015-122259,12.96000004,credit_card,3
CA-2015-122266,48.9280014,credit_card,1
CA-2015-122287,983.7609863,credit_card,6
CA-2015-122371,160.1159973,credit_card,5
CA-2015-122406,816.4400024,credit_card,1
CA-2015-122623,2.920000076,credit_card,8
CA-2015-122756,1194.125977,credit_card,4
CA-2015-122973,70.78800201,credit_card,2
CA-2015-123092,244.2400055,credit_card,2
CA-2015-123113,886.6359863,credit_card,7
CA-2015-123141,588.3920288,credit_card,3
CA-2015-123155,380.3999939,credit_card,3
CA-2015-123232,48.93999863,credit_card,4
CA-2015-123330,69.51999664,voucher,6
CA-2015-123456,9.260000229,credit_card,2
CA-2015-123505,113.2200012,credit_card,8
CA-2015-123568,258.2319946,debit_card,2
CA-2015-123673,4.607999802,credit_card,2
CA-2015-123939,332.8200073,credit_card,5
CA-2015-124044,8.015999794,credit_card,10
CA-2015-124058,1475.725952,credit_card,1
CA-2015-124107,2677.068115,credit_card,6
CA-2015-124268,35.11999893,credit_card,10
CA-2015-124450,2640.23999,credit_card,9
CA-2015-124499,330.7799988,debit_card,6
CA-2015-124541,1424.868042,credit_card,6
CA-2015-124653,113.2900009,credit_card,3
CA-2015-124800,1974.101807,credit_card,9
CA-2015-124891,4467.299805,voucher,3
CA-2015-124919,897.7839966,credit_card,1
CA-2015-124933,16.90999985,credit_card,5
CA-2015-124975,2.723999977,credit_card,8
CA-2015-125066,422.071991,credit_card,3
CA-2015-125178,22.6079998,credit_card,2
CA-2015-125185,261.9440002,credit_card,1
CA-2015-125234,766.1119995,credit_card,1
CA-2015-125395,9.779999733,voucher,5
CA-2015-125416,10.81599998,credit_card,2
CA-2015-125563,60.6230011,credit_card,3
CA-2015-125696,215.9759979,debit_card,10
CA-2015-125710,223.9600067,debit_card,3
CA-2015-125934,1365.512939,credit_card,2
CA-2015-125976,108.0839996,credit_card,2
CA-2015-126137,4.303999901,credit_card,1
CA-2015-126186,56.32799911,credit_card,4
CA-2015-126347,86.26000214,credit_card,2
CA-2015-126445,95.98400116,credit_card,8
CA-2015-126466,19.15200043,voucher,3
CA-2015-126557,300.9440002,credit_card,5
CA-2015-126669,383.9599915,credit_card,1
CA-2015-126697,353.071991,credit_card,5
CA-2015-126725,381.197998,credit_card,1
CA-2015-126739,41.56800079,credit_card,2
CA-2015-126970,129.3000031,credit_card,1
CA-2015-127019,359.8800049,credit_card,2
CA-2015-127110,390.3120117,credit_card,1
CA-2015-127173,234.9920044,credit_card,8
CA-2015-127327,38.27999878,debit_card,1
CA-2015-127418,581.960022,credit_card,5
CA-2015-127453,579.8099976,credit_card,2
CA-2015-127481,536.815979,credit_card,2
CA-2015-127502,428.6799927,credit_card,4
CA-2015-127509,538.2440186,debit_card,6
CA-2015-127544,17.67000008,credit_card,3
CA-2015-127593,7.856999874,credit_card,4
CA-2015-127607,24.43199921,credit_card,2
CA-2015-127754,91.95999908,credit_card,6
CA-2015-127824,301.7479858,credit_card,8
CA-2015-128013,743.2199707,debit_card,10
CA-2015-128027,3.960000038,credit_card,8
CA-2015-128083,88.26999664,credit_card,10
CA-2015-128125,1403.920044,debit_card,10
CA-2015-128139,124.8600006,debit_card,2
CA-2015-128167,120,credit_card,10
CA-2015-128356,2678.939941,credit_card,5
CA-2015-128608,1252.609985,credit_card,4
CA-2015-128860,17.94000053,credit_card,2
CA-2015-128958,131.904007,credit_card,8
CA-2015-128993,11.80799961,credit_card,3
CA-2015-129042,7.631999969,credit_card,4
CA-2015-129098,2.394000053,credit_card,5
CA-2015-129112,61.34000015,credit_card,10
CA-2015-129217,105.7099991,debit_card,6
CA-2015-129322,1121.651978,credit_card,8
CA-2015-129476,11.80799961,credit_card,2
CA-2015-129525,408.4219971,credit_card,2
CA-2015-129532,643.1619873,credit_card,3
CA-2015-129546,413.4859924,credit_card,6
CA-2015-129700,93.68000031,debit_card,2
CA-2015-129770,144.1199951,credit_card,5
CA-2015-129854,15,debit_card,2
CA-2015-129896,248.352005,credit_card,4
CA-2015-129917,388.3900146,credit_card,5
CA-2015-130022,225.2879944,credit_card,3
CA-2015-130113,10.68400002,debit_card,3
CA-2015-130183,8.56799984,credit_card,2
CA-2015-130204,477.7919922,credit_card,2
CA-2015-130218,799.5599976,credit_card,8
CA-2015-130253,2.223999977,credit_card,10
CA-2015-130365,340.6600037,credit_card,8
CA-2015-130456,465.7059937,credit_card,2
CA-2015-130554,143.6999969,credit_card,2
CA-2015-130610,63.97999954,debit_card,1
CA-2015-130659,1714.380005,credit_card,5
CA-2015-130736,3830.384033,credit_card,2
CA-2015-130785,402.1679993,credit_card,2
CA-2015-130792,5188.461914,credit_card,1
CA-2015-130848,34.02000046,credit_card,10
CA-2015-130855,9.840000153,debit_card,1
CA-2015-130876,5.559999943,credit_card,4
CA-2015-130883,220.3379974,credit_card,8
CA-2015-130890,194.9400024,credit_card,2
CA-2015-130974,1835.563965,debit_card,2
CA-2015-130995,67.80000305,credit_card,1
CA-2015-131072,1056.859985,credit_card,1
CA-2015-131128,245.9400024,credit_card,1
CA-2015-131338,1262.449951,credit_card,2
CA-2015-131352,253.1759949,credit_card,4
CA-2015-131422,7.967999935,credit_card,2
CA-2015-131457,230.2799988,credit_card,2
CA-2015-131534,99.15000153,credit_card,10
CA-2015-131597,59.52000046,credit_card,6
CA-2015-131758,52.49599838,debit_card,3
CA-2015-131779,39.95999908,credit_card,1
CA-2015-131856,1270.488037,credit_card,3
CA-2015-131884,357.9419861,credit_card,10
CA-2015-132080,119.9000015,credit_card,3
CA-2015-132101,61.95999908,credit_card,6
CA-2015-132136,192.7200012,credit_card,1
CA-2015-132276,377.6159973,credit_card,10
CA-2015-132318,225.2960052,credit_card,1
CA-2015-132388,227.2200012,debit_card,8
CA-2015-132465,275.730011,credit_card,2
CA-2015-132486,1673,voucher,3
CA-2015-132570,70.90399933,credit_card,10
CA-2015-132626,610.1920166,credit_card,1
CA-2015-132815,91.95999908,credit_card,8
CA-2015-132906,35.04000092,credit_card,5
CA-2015-132941,579.0499878,credit_card,3
CA-2015-132948,6.923999786,credit_card,1
CA-2015-133025,20.95999908,debit_card,4
CA-2015-133242,973.1480103,debit_card,5
CA-2015-133396,47.29999924,credit_card,1
CA-2015-133445,16.99600029,credit_card,7
CA-2015-133452,8.859999657,credit_card,10
CA-2015-133494,54.31999969,credit_card,1
CA-2015-133536,47.52000046,debit_card,8
CA-2015-133627,31.98399925,credit_card,11
CA-2015-133837,184.7519989,credit_card,5
CA-2015-133977,79.95999908,credit_card,4
CA-2015-134075,1023.140015,debit_card,10
CA-2015-134082,2.920000076,credit_card,4
CA-2015-134117,680.6359863,credit_card,2
CA-2015-134201,1268.540039,credit_card,2
CA-2015-134257,69.69999695,credit_card,2
CA-2015-134719,1740.060059,credit_card,2
CA-2015-134747,437.1220093,credit_card,10
CA-2015-134782,84.08999634,credit_card,12
CA-2015-134859,205.3280029,credit_card,1
CA-2015-134894,22.5,credit_card,1
CA-2015-134922,48.0320015,credit_card,2
CA-2015-134943,31.5,credit_card,4
CA-2015-134992,1723.218018,credit_card,2
CA-2015-135020,2406.570068,credit_card,7
CA-2015-135174,9.840000153,credit_card,3
CA-2015-135251,479.4379883,credit_card,1
CA-2015-135272,1.963999987,credit_card,10
CA-2015-135363,536.8200073,credit_card,2
CA-2015-135391,2356.820068,credit_card,4
CA-2015-135489,13.07999992,credit_card,3
CA-2015-135510,15.84000015,credit_card,4
CA-2015-135538,19.44000053,debit_card,6
CA-2015-135545,4563.189941,credit_card,2
CA-2015-135580,367.6400146,credit_card,10
CA-2015-135622,315.4819946,debit_card,1
CA-2015-135685,567.632019,credit_card,8
CA-2015-135727,43.58399963,credit_card,1
CA-2015-135853,435.70401,debit_card,1
CA-2015-136105,177.1999969,credit_card,3
CA-2015-136147,65.30400085,credit_card,2
CA-2015-136196,368.9100037,voucher,1
CA-2015-136224,165.6000061,credit_card,6
CA-2015-136378,74.35199738,credit_card,10
CA-2015-136420,93.83000183,credit_card,6
CA-2015-136469,665.4279785,credit_card,1
CA-2015-136658,13.87199974,credit_card,5
CA-2015-136728,13.48799992,credit_card,8
CA-2015-136735,17.94000053,credit_card,10
CA-2015-136798,619.901001,credit_card,2
CA-2015-136805,88.62599945,debit_card,2
CA-2015-137064,1512.73999,credit_card,8
CA-2015-137071,563.4299927,credit_card,6
CA-2015-137106,4799.983887,credit_card,4
CA-2015-137113,1421.452026,debit_card,1
CA-2015-137225,62.65000153,credit_card,10
CA-2015-137281,15.27999973,credit_card,2
CA-2015-137302,1235.089966,credit_card,8
CA-2015-137512,222.9340057,credit_card,2
CA-2015-137526,294.6547852,credit_card,3
CA-2015-137603,66.97599792,credit_card,3
CA-2015-137708,431.0069885,credit_card,10
CA-2015-137750,21.95999908,credit_card,10
CA-2015-137897,52.91199875,credit_card,8
CA-2015-137925,22.54500008,debit_card,3
CA-2015-137946,738.7299805,credit_card,1
CA-2015-137974,676.0430298,credit_card,1
CA-2015-138002,394.7730103,credit_card,5
CA-2015-138009,101.5360031,credit_card,10
CA-2015-138219,12.20100021,credit_card,1
CA-2015-138331,34.70000076,debit_card,6
CA-2015-138457,61.09999847,credit_card,8
CA-2015-138485,4899.930176,credit_card,7
CA-2015-138492,549.9899902,voucher,10
CA-2015-138534,13.12800026,credit_card,1
CA-2015-138625,230.2799988,voucher,8
CA-2015-138674,35.2859993,credit_card,1
CA-2015-138898,131.904007,credit_card,2
CA-2015-138954,206.4600067,credit_card,2
CA-2015-139094,12.67000008,credit_card,2
CA-2015-139164,68.62400055,credit_card,4
CA-2015-139248,10.43999958,credit_card,3
CA-2015-139290,22.13999939,credit_card,1
CA-2015-139374,36.27000046,credit_card,1
CA-2015-139584,267.8720093,credit_card,8
CA-2015-139731,48.62799835,credit_card,4
CA-2015-139738,341.9599915,credit_card,2
CA-2015-139780,10.36800003,credit_card,2
CA-2015-139850,13.68799973,credit_card,5
CA-2015-139962,567.0800171,credit_card,5
CA-2015-140025,221.2319946,credit_card,1
CA-2015-140144,155.5099945,credit_card,10
CA-2015-140221,134.7599945,credit_card,2
CA-2015-140375,364.9710083,credit_card,10
CA-2015-140410,137.4199982,credit_card,8
CA-2015-140557,854.9400024,credit_card,3
CA-2015-140718,406.8039856,credit_card,1
CA-2015-140830,61.41999817,credit_card,6
CA-2015-140921,942.6060181,credit_card,10
CA-2015-140984,853.2280273,credit_card,6
CA-2015-141012,94.56999969,credit_card,1
CA-2015-141040,250.6399994,debit_card,1
CA-2015-141145,72.7440033,credit_card,1
CA-2015-141243,243.3399963,credit_card,10
CA-2015-141250,151.723999,debit_card,2
CA-2015-141327,813.9840088,credit_card,3
CA-2015-141565,331.70401,credit_card,10
CA-2015-141593,651.9160156,credit_card,2
CA-2015-141740,102.8330002,credit_card,2
CA-2015-141754,11.21000004,credit_card,3
CA-2015-141768,8.447999954,credit_card,10
CA-2015-141810,40.77199936,credit_card,2
CA-2015-141936,125.9899979,credit_card,10
CA-2015-142027,12.84000015,credit_card,8
CA-2015-142041,27.93600082,credit_card,2
CA-2015-142055,3.160000086,voucher,8
CA-2015-142139,17.94000053,credit_card,2
CA-2015-142202,4.624000072,credit_card,8
CA-2015-142237,1038.57605,credit_card,4
CA-2015-142377,116.2799988,credit_card,8
CA-2015-142419,74.35199738,credit_card,4
CA-2015-142433,655.9000244,credit_card,2
CA-2015-142454,191.7920074,credit_card,3
CA-2015-142475,9.819999695,credit_card,2
CA-2015-142601,831.40802,credit_card,1
CA-2015-142692,503.9599915,credit_card,8
CA-2015-142734,122.9700012,credit_card,6
CA-2015-142755,1054.079956,credit_card,1
CA-2015-142930,39.75999832,credit_card,5
CA-2015-142937,15.53999996,credit_card,6
CA-2015-142944,577.0415039,credit_card,5
CA-2015-142993,45.67200089,debit_card,5
CA-2015-143077,153.9900055,credit_card,5
CA-2015-143105,1283.281982,credit_card,5
CA-2015-143119,1067.939941,credit_card,4
CA-2015-143147,1172.31604,debit_card,1
CA-2015-143238,9.215999603,credit_card,8
CA-2015-143364,540.4899902,credit_card,2
CA-2015-143490,2663.667969,credit_card,10
CA-2015-143532,82.40000153,voucher,2
CA-2015-143616,4.662000179,credit_card,1
CA-2015-143700,20.7840004,credit_card,3
CA-2015-143882,17.94000053,voucher,10
CA-2015-143980,72.58799744,credit_card,6
CA-2015-144043,89.56800079,credit_card,6
CA-2015-144099,34.20000076,credit_card,3
CA-2015-144190,85.2460022,credit_card,2
CA-2015-144253,286.9299927,credit_card,10
CA-2015-144267,482.8320007,credit_card,5
CA-2015-144274,2251.575928,credit_card,3
CA-2015-144288,30.56999969,credit_card,1
CA-2015-144302,899.4299927,debit_card,2
CA-2015-144386,45.91999817,credit_card,1
CA-2015-144519,176.1519928,credit_card,2
CA-2015-144652,331.0230103,voucher,2
CA-2015-144722,13.35999966,voucher,1
CA-2015-144806,687.7139893,credit_card,8
CA-2015-144890,4.711999893,credit_card,3
CA-2015-145065,70.19200134,credit_card,1
CA-2015-145184,172.8000031,credit_card,1
CA-2015-145324,32.40000153,credit_card,3
CA-2015-145352,1083.637939,credit_card,2
CA-2015-145394,448.8500061,credit_card,3
CA-2015-145401,2.970000029,credit_card,2
CA-2015-145415,245.9799957,credit_card,1
CA-2015-145457,6.159999847,debit_card,2
CA-2015-145485,8.711999893,credit_card,5
CA-2015-145814,18.76799965,credit_card,3
CA-2015-145828,212.9400024,credit_card,3
CA-2015-145835,785.2440186,credit_card,1
CA-2015-145849,390.1239929,credit_card,1
CA-2015-146038,15.75,credit_card,8
CA-2015-146087,409.5899963,credit_card,10
CA-2015-146255,814.0679932,credit_card,2
CA-2015-146262,453.1440125,credit_card,5
CA-2015-146290,3.809999943,credit_card,7
CA-2015-146465,17.94000053,credit_card,5
CA-2015-146486,665.1699829,credit_card,7
CA-2015-146563,4003.565918,credit_card,2
CA-2015-146675,259.5660095,credit_card,1
CA-2015-146696,10.94999981,credit_card,2
CA-2015-146829,16.52000046,credit_card,10
CA-2015-146948,200.4759979,credit_card,1
CA-2015-147011,106.3199997,credit_card,8
CA-2015-147102,239.6999969,credit_card,3
CA-2015-147501,134.2599945,credit_card,1
CA-2015-147529,764.7280273,debit_card,4
CA-2015-147690,1166.920044,credit_card,2
CA-2015-147788,139.6880035,debit_card,3
CA-2015-147816,25.39999962,credit_card,8
CA-2015-147830,539.8660278,credit_card,3
CA-2015-147851,49.63199997,debit_card,8
CA-2015-148180,33.99599838,credit_card,10
CA-2015-148250,251.3760071,credit_card,2
CA-2015-148376,1161.06604,credit_card,10
CA-2015-148432,349.8680115,credit_card,1
CA-2015-148495,119.0400009,credit_card,4
CA-2015-148628,1.187999964,debit_card,1
CA-2015-148635,400.1040039,debit_card,1
CA-2015-148705,18.15999985,credit_card,1
CA-2015-148712,52.2120018,credit_card,8
CA-2015-148859,6.407999992,credit_card,1
CA-2015-148964,1685.880005,credit_card,1
CA-2015-149083,14.52000046,credit_card,4
CA-2015-149300,5.888000011,credit_card,1
CA-2015-149342,395.8699951,credit_card,4
CA-2015-149384,4.360000134,credit_card,8
CA-2015-149517,742.3359985,credit_card,2
CA-2015-149566,689.9400024,debit_card,2
CA-2015-149587,789.1099854,debit_card,2
CA-2015-149601,54.32799911,credit_card,1
CA-2015-149636,169.697998,voucher,3
CA-2015-149650,572.7600098,credit_card,2
CA-2015-149678,96.95999908,credit_card,2
CA-2015-149713,337.9039917,credit_card,1
CA-2015-149734,16.22999954,credit_card,3
CA-2015-149748,640.8300171,credit_card,1
CA-2015-149811,98.7519989,credit_card,1
CA-2015-149846,440.9219971,debit_card,2
CA-2015-149909,671.3380127,credit_card,7
CA-2015-149972,466.223999,credit_card,7
CA-2015-149993,77.95200348,credit_card,2
CA-2015-150196,8.640000343,credit_card,5
CA-2015-150308,9.984000206,credit_card,1
CA-2015-150441,10.74400043,credit_card,2
CA-2015-150511,81.43800354,credit_card,1
CA-2015-150560,63.90000153,debit_card,10
CA-2015-150714,400.3420105,debit_card,3
CA-2015-150749,631.7819824,credit_card,6
CA-2015-150770,91.84799957,debit_card,1
CA-2015-150791,7.311999798,credit_card,1
CA-2015-150875,544.0079956,credit_card,10
CA-2015-151043,79.13999939,credit_card,3
CA-2015-151253,460.506012,credit_card,13
CA-2015-151470,10.89599991,credit_card,10
CA-2015-151547,39.29600143,debit_card,3
CA-2015-151589,728.8480225,credit_card,3
CA-2015-151624,598.4580078,credit_card,2
CA-2015-151680,3.75,credit_card,1
CA-2015-151722,1282.410034,credit_card,8
CA-2015-151785,429.6000061,credit_card,7
CA-2015-151841,137.3840027,credit_card,2
CA-2015-151869,839.7600098,credit_card,3
CA-2015-152513,119.9759979,credit_card,8
CA-2015-152527,25.29999924,voucher,2
CA-2015-152611,408.743988,credit_card,4
CA-2015-152681,31.08600044,debit_card,2
CA-2015-152891,89.45600128,voucher,2
CA-2015-153038,106.0400009,credit_card,1
CA-2015-153073,1196.859985,debit_card,1
CA-2015-153108,821.7319946,credit_card,3
CA-2015-153220,446.0679932,credit_card,3
CA-2015-153325,12.53999996,credit_card,1
CA-2015-153381,25.07999992,credit_card,5
CA-2015-153388,292.7520142,debit_card,1
CA-2015-153416,561.6140137,credit_card,8
CA-2015-153423,47.97600174,credit_card,1
CA-2015-153535,98.30200195,credit_card,2
CA-2015-153549,23.20000076,credit_card,7
CA-2015-153612,9.248000145,credit_card,1
CA-2015-153626,12.96000004,debit_card,10
CA-2015-153717,2272.041016,credit_card,4
CA-2015-153738,599.9899902,credit_card,1
CA-2015-153752,15.47000027,credit_card,5
CA-2015-153794,636.40802,credit_card,3
CA-2015-153878,201.9660034,credit_card,3
CA-2015-153906,60.04800034,credit_card,7
CA-2015-154144,61.19200134,credit_card,1
CA-2015-154200,391.980011,credit_card,3
CA-2015-154284,1264.125977,credit_card,4
CA-2015-154291,10.68799973,credit_card,1
CA-2015-154326,674.6480103,credit_card,6
CA-2015-154340,14.93999958,credit_card,5
CA-2015-154620,13.90400028,credit_card,5
CA-2015-154746,588.6480103,credit_card,1
CA-2015-154795,99.87200165,voucher,3
CA-2015-154823,198.7440033,credit_card,3
CA-2015-154886,5.079999924,credit_card,2
CA-2015-154900,60.79999924,credit_card,10
CA-2015-154970,18.69000053,credit_card,1
CA-2015-155040,332.0280151,credit_card,1
CA-2015-155068,541.9420166,credit_card,1
CA-2015-155124,906.6799927,credit_card,2
CA-2015-155145,105.5839996,credit_card,6
CA-2015-155306,366.2770081,credit_card,2
CA-2015-155334,63.5359993,credit_card,3
CA-2015-155453,3.007999897,debit_card,4
CA-2015-155586,672.5040283,credit_card,3
CA-2015-155600,1279.959961,credit_card,10
CA-2015-155635,13.11999989,credit_card,6
CA-2015-155761,1558.140015,credit_card,5
CA-2015-156013,13.60400009,credit_card,3
CA-2015-156104,205.3327942,credit_card,10
CA-2015-156118,195.6399994,credit_card,8
CA-2015-156153,66.02999878,credit_card,7
CA-2015-156328,12.96000004,debit_card,4
CA-2015-156335,359.3760071,credit_card,2
CA-2015-156377,369.0599976,credit_card,1
CA-2015-156440,10.07999992,credit_card,1
CA-2015-156482,1517.348022,credit_card,8
CA-2015-156510,68.15200043,credit_card,4
CA-2015-156524,16.7840004,credit_card,8
CA-2015-156566,24.10000038,credit_card,2
CA-2015-156608,613.9992065,credit_card,2
CA-2015-156734,1661.630005,credit_card,10
CA-2015-156755,388.4299927,debit_card,1
CA-2015-156853,89.98000336,credit_card,2
CA-2015-157028,99.19999695,credit_card,4
CA-2015-157035,68.51999664,credit_card,2
CA-2015-157084,122.4700012,credit_card,10
CA-2015-157133,104.9700012,credit_card,8
CA-2015-157287,316.8720093,credit_card,6
CA-2015-157322,412.9259949,credit_card,1
CA-2015-157343,694.1599731,credit_card,2
CA-2015-157434,127.7850037,credit_card,3
CA-2015-157770,152.6580048,credit_card,3
CA-2015-157805,697.1599731,credit_card,1
CA-2015-157812,154.7140045,credit_card,8
CA-2015-157959,44.93999863,credit_card,1
CA-2015-158148,7.967999935,credit_card,1
CA-2015-158323,15.92000008,credit_card,8
CA-2015-158351,86.97000122,debit_card,4
CA-2015-158421,617.6400146,credit_card,4
CA-2015-158456,177.3399963,credit_card,1
CA-2015-158491,98.61000061,credit_card,10
CA-2015-158554,28.90999985,credit_card,10
CA-2015-158659,157.7400055,credit_card,4
CA-2015-158701,413.7839966,credit_card,1
CA-2015-158792,84.27200317,credit_card,1
CA-2015-158918,13.11999989,credit_card,5
CA-2015-158939,540.5700073,credit_card,1
CA-2015-159380,271.5599976,credit_card,2
CA-2015-159534,2517.603027,credit_card,2
CA-2015-159590,43.11999893,credit_card,8
CA-2015-159779,54.79199982,credit_card,2
CA-2015-159786,32.7840004,credit_card,2
CA-2015-159863,3.135999918,credit_card,3
CA-2015-160059,64.84799957,debit_card,10
CA-2015-160171,133.7279968,credit_card,8
CA-2015-160213,341.9909973,credit_card,3
CA-2015-160227,158.3679962,credit_card,5
CA-2015-160472,4124.131836,credit_card,1
CA-2015-160696,299.980011,credit_card,1
CA-2015-160787,235.1880035,debit_card,2
CA-2015-160794,78.66000366,credit_card,2
CA-2015-160864,18.4640007,credit_card,10
CA-2015-161214,33.27999878,credit_card,3
CA-2015-161242,2.864000082,debit_card,6
CA-2015-161263,958.697998,credit_card,3
CA-2015-161445,601.5360107,debit_card,6
CA-2015-161452,32.40000153,credit_card,4
CA-2015-161627,286.9299927,credit_card,2
CA-2015-161711,986.25,credit_card,2
CA-2015-161718,210.0480042,credit_card,8
CA-2015-161767,3.036000013,debit_card,3
CA-2015-161795,4.835999966,credit_card,3
CA-2015-161830,772.6040039,debit_card,6
CA-2015-161998,147.5279999,credit_card,2
CA-2015-162047,361.9200134,credit_card,1
CA-2015-162166,274.2860107,credit_card,1
CA-2015-162201,3051.783936,credit_card,10
CA-2015-162369,20.86000061,credit_card,1
CA-2015-162376,2273.897949,credit_card,2
CA-2015-162537,530.0900269,credit_card,8
CA-2015-162544,11.88000011,credit_card,5
CA-2015-162607,47.31999969,credit_card,1
CA-2015-162621,62.01599884,credit_card,10
CA-2015-162761,115.4860001,credit_card,4
CA-2015-162782,96.52999878,credit_card,8
CA-2015-162887,11.99199963,credit_card,1
CA-2015-162950,15.03999996,credit_card,6
CA-2015-162964,774.1439819,credit_card,6
CA-2015-163055,506.7000122,credit_card,3
CA-2015-163090,243.9199982,credit_card,8
CA-2015-163104,207,credit_card,2
CA-2015-163181,560.302002,credit_card,6
CA-2015-163237,61.01200104,credit_card,8
CA-2015-163440,335.7200012,credit_card,2
CA-2015-163587,1340.48999,credit_card,1
CA-2015-163734,127.8799973,credit_card,2
CA-2015-163762,13.97999954,debit_card,2
CA-2015-163923,90.80000305,credit_card,3
CA-2015-163965,274.1700134,credit_card,4
CA-2015-164007,98.44799805,credit_card,6
CA-2015-164084,758.0980225,credit_card,8
CA-2015-164301,75.18000031,credit_card,5
CA-2015-164336,285.0799866,credit_card,2
CA-2015-164427,27.2159996,credit_card,2
CA-2015-164441,551.8375244,credit_card,10
CA-2015-164497,273.9599915,credit_card,8
CA-2015-164539,119.9800034,credit_card,3
CA-2015-164567,76.77600098,credit_card,3
CA-2015-164623,34.94400024,credit_card,1
CA-2015-164777,97.04000092,credit_card,5
CA-2015-164833,158.5399933,credit_card,1
CA-2015-164882,1426.942017,credit_card,2
CA-2015-165050,110.3840027,credit_card,1
CA-2015-165057,736.5200195,credit_card,4
CA-2015-165085,13.91600037,credit_card,2
CA-2015-165162,23.36000061,credit_card,1
CA-2015-165414,30.93000031,debit_card,6
CA-2015-165554,45.68000031,credit_card,6
CA-2015-165624,896.7540283,credit_card,1
CA-2015-165799,68.59999847,credit_card,1
CA-2015-165813,150.8000031,credit_card,1
CA-2015-166135,51.11999893,credit_card,6
CA-2015-166219,81.13400269,credit_card,4
CA-2015-166338,479.9200134,credit_card,2
CA-2015-166464,4.671999931,credit_card,10
CA-2015-166492,157.5,credit_card,5
CA-2015-166583,2735.951904,credit_card,1
CA-2015-166604,43.13000107,credit_card,1
CA-2015-166800,30.31999969,debit_card,3
CA-2015-166947,5.328000069,credit_card,3
CA-2015-166975,24,credit_card,1
CA-2015-167010,2174.751953,credit_card,1
CA-2015-167255,548.8959961,credit_card,2
CA-2015-167269,631.960022,debit_card,7
CA-2015-167374,74.81999969,debit_card,3
CA-2015-167479,1319.800049,credit_card,10
CA-2015-167696,7.639999866,credit_card,1
CA-2015-167745,382.5799866,credit_card,2
CA-2015-168004,9.727999687,debit_card,4
CA-2015-168088,177.1600037,credit_card,1
CA-2015-168186,17.52000046,credit_card,2
CA-2015-168207,183.0980072,credit_card,6
CA-2015-168277,933.2620239,debit_card,3
CA-2015-168459,727.4879761,credit_card,10
CA-2015-168480,11.7840004,debit_card,3
CA-2015-168529,206.4299927,credit_card,3
CA-2015-168564,2403.291992,credit_card,7
CA-2015-168634,17.63999939,debit_card,2
CA-2015-168746,1190.421997,credit_card,2
CA-2015-168760,3.881999969,credit_card,10
CA-2015-168767,2.880000114,credit_card,1
CA-2015-168809,3311.88208,credit_card,2
CA-2015-169201,96.62400055,credit_card,5
CA-2015-169278,50.23199844,credit_card,1
CA-2015-169299,315.2000122,debit_card,2
CA-2015-169397,818.1879883,credit_card,1
CA-2015-169537,2621.322021,debit_card,3
CA-2015-169572,18.89999962,credit_card,3
CA-2015-169656,88.40000153,credit_card,1
CA-2015-169677,50.35200119,credit_card,2
CA-2015-169733,97.4240036,credit_card,10
CA-2015-169740,25.82999992,credit_card,2
CA-2015-169796,75.45600128,credit_card,5
CA-2016-100041,107.2799988,credit_card,5
CA-2016-100083,217.5839996,credit_card,3
CA-2016-100153,623.4647827,credit_card,10
CA-2016-100244,534.7319946,credit_card,7
CA-2016-100300,60.01800156,credit_card,4
CA-2016-100307,22.82999992,debit_card,8
CA-2016-100468,10.97999954,credit_card,8
CA-2016-100510,500.0400085,credit_card,1
CA-2016-100587,381.3599854,credit_card,8
CA-2016-100671,7.889999866,credit_card,4
CA-2016-100790,76.22000122,debit_card,1
CA-2016-100944,733.65802,credit_card,5
CA-2016-100965,17.47999954,credit_card,2
CA-2016-100993,1062.530029,credit_card,3
CA-2016-101161,2746.129883,debit_card,8
CA-2016-101168,36,credit_card,1
CA-2016-101189,7.656000137,credit_card,5
CA-2016-101329,712.5999756,credit_card,2
CA-2016-101336,666.3690186,credit_card,2
CA-2016-101343,9.960000038,voucher,3
CA-2016-101378,299.9750061,credit_card,10
CA-2016-101385,48.58000183,credit_card,10
CA-2016-101448,9.588000298,debit_card,1
CA-2016-101525,521.3040161,credit_card,8
CA-2016-101546,340.1440125,credit_card,8
CA-2016-101623,83.69999695,credit_card,4
CA-2016-101630,199.3040009,credit_card,1
CA-2016-101651,85.5059967,credit_card,3
CA-2016-101672,1751.635986,credit_card,8
CA-2016-101693,575.0300293,credit_card,10
CA-2016-101742,56.40000153,credit_card,2
CA-2016-101791,398.0020142,debit_card,2
CA-2016-101938,552,credit_card,1
CA-2016-101966,419.3999939,debit_card,1
CA-2016-101980,286.2080078,credit_card,1
CA-2016-102092,69.98999786,credit_card,5
CA-2016-102127,605.0239868,credit_card,6
CA-2016-102134,34.74000168,credit_card,9
CA-2016-102162,273.6619873,credit_card,1
CA-2016-102456,67.80000305,credit_card,3
CA-2016-102498,51.75,debit_card,1
CA-2016-102561,366.5599976,debit_card,5
CA-2016-102596,164.7920074,credit_card,10
CA-2016-102792,55.36000061,credit_card,5
CA-2016-102813,11.31200027,credit_card,3
CA-2016-102932,461.8880005,credit_card,10
CA-2016-103037,154.8999939,credit_card,1
CA-2016-103107,593.2650146,credit_card,4
CA-2016-103128,31.74399948,credit_card,3
CA-2016-103163,40.90399933,credit_card,5
CA-2016-103359,68.54100037,credit_card,8
CA-2016-103464,15.55200005,credit_card,1
CA-2016-103709,169.4320068,credit_card,5
CA-2016-103730,1370.463013,credit_card,6
CA-2016-103891,9.56799984,credit_card,2
CA-2016-103919,68.11199951,credit_card,5
CA-2016-103947,1085.800049,credit_card,3
CA-2016-103982,728.3259888,credit_card,5
CA-2016-104150,977.0079956,credit_card,8
CA-2016-104157,227.0480042,debit_card,3
CA-2016-104276,46.79999924,credit_card,5
CA-2016-104311,440.9179993,credit_card,2
CA-2016-104633,954.9699707,credit_card,1
CA-2016-104689,367.9599915,credit_card,2
CA-2016-104969,14.76000023,credit_card,3
CA-2016-104983,17.94000053,credit_card,4
CA-2016-105018,177.647995,credit_card,5
CA-2016-105081,429.1520081,credit_card,2
CA-2016-105207,201.5639954,debit_card,2
CA-2016-105256,1114.400024,credit_card,1
CA-2016-105263,25.15999985,credit_card,2
CA-2016-105277,12.42000008,credit_card,7
CA-2016-105284,400.7839966,debit_card,2
CA-2016-105291,11.64599991,credit_card,1
CA-2016-105354,509.4880066,credit_card,8
CA-2016-105459,189.0279999,credit_card,10
CA-2016-105473,5.760000229,credit_card,10
CA-2016-105494,349.2600098,credit_card,3
CA-2016-105585,516.2299805,voucher,1
CA-2016-105732,1173.176025,credit_card,4
CA-2016-105753,5.903999805,credit_card,5
CA-2016-105760,396.9200134,credit_card,1
CA-2016-105781,110.4160004,credit_card,2
CA-2016-105816,177,credit_card,3
CA-2016-105900,173.4880066,credit_card,2
CA-2016-105963,1359.959961,credit_card,8
CA-2016-106075,151.9600067,credit_card,1
CA-2016-106243,58.36800003,credit_card,6
CA-2016-106278,149.0700073,credit_card,3
CA-2016-106306,231.7200012,credit_card,4
CA-2016-106341,22.95999908,credit_card,2
CA-2016-106383,27.36000061,credit_card,8
CA-2016-106397,65.08000183,credit_card,8
CA-2016-106460,27.92000008,credit_card,10
CA-2016-106530,1360.797974,credit_card,10
CA-2016-106558,254.2400055,credit_card,14
CA-2016-106621,30.84000015,credit_card,5
CA-2016-106656,40.68000031,credit_card,6
CA-2016-106894,235.1719971,credit_card,2
CA-2016-106915,16,debit_card,4
CA-2016-106950,1424.310059,credit_card,2
CA-2016-107104,196.0399933,credit_card,3
CA-2016-107146,581.6879883,debit_card,1
CA-2016-107202,3.303999901,credit_card,2
CA-2016-107216,1171.265991,credit_card,3
CA-2016-107328,2023.26001,credit_card,5
CA-2016-107475,450,credit_card,1
CA-2016-107615,9.239999771,debit_card,7
CA-2016-107783,650.7919922,credit_card,2
CA-2016-107790,2934.330078,credit_card,2
CA-2016-108056,1199.975952,credit_card,10
CA-2016-108105,34.32400131,credit_card,2
CA-2016-108196,3311.469971,credit_card,2
CA-2016-108210,185.9199982,credit_card,1
CA-2016-108350,12.39000034,credit_card,6
CA-2016-108364,36.74399948,debit_card,3
CA-2016-108434,10.36800003,credit_card,3
CA-2016-108567,15.93599987,credit_card,1
CA-2016-108581,148.3200073,voucher,10
CA-2016-108616,902.3480225,credit_card,2
CA-2016-108644,528.4299927,credit_card,3
CA-2016-108735,111.7900009,credit_card,5
CA-2016-108868,84.85600281,credit_card,10
CA-2016-108882,112.6640015,credit_card,2
CA-2016-108959,37.93000031,credit_card,8
CA-2016-108987,819.6799927,credit_card,3
CA-2016-109057,93.45600128,credit_card,3
CA-2016-109176,79.54799652,debit_card,3
CA-2016-109344,1488.42395,credit_card,5
CA-2016-109365,1631.504028,credit_card,8
CA-2016-109400,6.159999847,credit_card,7
CA-2016-109407,235.1519928,credit_card,1
CA-2016-109652,3.289999962,credit_card,3
CA-2016-109666,1591.82605,credit_card,6
CA-2016-109722,3078.261963,credit_card,10
CA-2016-109743,82.91200256,credit_card,8
CA-2016-109806,74.76999664,credit_card,5
CA-2016-109820,29.60400009,credit_card,1
CA-2016-109827,1034.833984,credit_card,5
CA-2016-109869,284.9880066,debit_card,1
CA-2016-109911,7.5,credit_card,1
CA-2016-109953,467.4719849,credit_card,6
CA-2016-110009,84.4960022,credit_card,1
CA-2016-110023,166.4400024,credit_card,2
CA-2016-110044,59.47999954,credit_card,5
CA-2016-110086,223.9600067,credit_card,4
CA-2016-110254,451.0140076,debit_card,6
CA-2016-110366,13.72000027,credit_card,2
CA-2016-110492,1743.517944,credit_card,8
CA-2016-110499,388.70401,debit_card,10
CA-2016-110730,541.2399902,credit_card,10
CA-2016-110772,163.5800018,credit_card,2
CA-2016-110898,545.8339844,credit_card,10
CA-2016-110975,117.4240036,credit_card,10
CA-2016-110982,50.20800018,debit_card,1
CA-2016-111010,44.40000153,credit_card,3
CA-2016-111115,265.8599854,credit_card,2
CA-2016-111143,773.9400024,credit_card,2
CA-2016-111213,932.2000122,credit_card,10
CA-2016-111283,3.900000095,credit_card,4
CA-2016-111318,569.5360107,credit_card,3
CA-2016-111409,274.7999878,credit_card,10
CA-2016-111416,123.552002,credit_card,10
CA-2016-111493,991.2000122,credit_card,2
CA-2016-111605,2.519999981,credit_card,4
CA-2016-111682,4197.554199,debit_card,17
CA-2016-111696,11.52000046,debit_card,5
CA-2016-111794,22.87199974,debit_card,10
CA-2016-111913,3175.39209,credit_card,1
CA-2016-111941,15.23999977,credit_card,2
CA-2016-111976,22.04000092,credit_card,5
CA-2016-112060,439.9920044,credit_card,5
CA-2016-112102,196.6719971,credit_card,1
CA-2016-112109,534.1279907,credit_card,8
CA-2016-112123,60.25999832,credit_card,3
CA-2016-112256,409.4700012,credit_card,1
CA-2016-112277,38.59999847,debit_card,8
CA-2016-112340,11.95199966,credit_card,3
CA-2016-112382,181.8600006,credit_card,3
CA-2016-112389,224.4720001,credit_card,8
CA-2016-112578,984.1420288,credit_card,3
CA-2016-112585,359.3200073,credit_card,10
CA-2016-112669,162.3000031,credit_card,2
CA-2016-112676,174.3000031,credit_card,8
CA-2016-112697,1071.881958,debit_card,2
CA-2016-112739,40.54999924,credit_card,1
CA-2016-112830,86.87999725,credit_card,8
CA-2016-112893,128.8500061,credit_card,2
CA-2016-112942,1123.920044,credit_card,10
CA-2016-113061,39.99200058,credit_card,1
CA-2016-113082,11.05000019,credit_card,10
CA-2016-113096,62.09999847,credit_card,1
CA-2016-113117,19.43199921,credit_card,5
CA-2016-113138,533.5499878,credit_card,3
CA-2016-113236,514.434021,credit_card,8
CA-2016-113243,299.5350037,credit_card,10
CA-2016-113292,8.791999817,debit_card,5
CA-2016-113341,424.957489,credit_card,5
CA-2016-113390,86.37999725,credit_card,2
CA-2016-113425,30,credit_card,1
CA-2016-113516,62.75999832,debit_card,1
CA-2016-113551,45,credit_card,3
CA-2016-113607,1723.709961,credit_card,10
CA-2016-113621,1364.130005,credit_card,2
CA-2016-113656,39.59400177,credit_card,8
CA-2016-113726,169.0639954,credit_card,1
CA-2016-113733,933.3460083,credit_card,10
CA-2016-113747,95.64800262,credit_card,1
CA-2016-113803,186.5399933,credit_card,6
CA-2016-113817,36.95999908,credit_card,10
CA-2016-113831,1469.348022,credit_card,3
CA-2016-113845,105.7139969,credit_card,6
CA-2016-113978,1524.400024,credit_card,3
CA-2016-114104,106.1600037,credit_card,2
CA-2016-114209,37.93799973,credit_card,4
CA-2016-114307,1839.623047,credit_card,3
CA-2016-114405,137.6900024,credit_card,1
CA-2016-114482,1008.635986,credit_card,6
CA-2016-114489,244.0740051,credit_card,1
CA-2016-114538,51.84000015,credit_card,9
CA-2016-114601,1214.524048,credit_card,8
CA-2016-114713,8.543999672,credit_card,2
CA-2016-114727,3283.345947,credit_card,5
CA-2016-114748,457.8175964,credit_card,1
CA-2016-114860,761.84198,credit_card,6
CA-2016-114867,455.9679871,credit_card,1
CA-2016-114895,55.58399963,credit_card,2
CA-2016-114944,2549.985107,credit_card,1
CA-2016-114972,3143.779541,credit_card,4
CA-2016-115224,261.3699951,credit_card,1
CA-2016-115378,7.823999882,debit_card,4
CA-2016-115476,2900.037109,credit_card,1
CA-2016-115483,99.98999786,credit_card,1
CA-2016-115504,141.9600067,credit_card,10
CA-2016-115525,1016.791992,credit_card,2
CA-2016-115574,29.96999931,credit_card,5
CA-2016-115588,600.5300293,credit_card,2
CA-2016-115756,235.8880005,credit_card,2
CA-2016-115917,14.6079998,credit_card,1
CA-2016-116232,48.43999863,credit_card,5
CA-2016-116337,29.39999962,credit_card,5
CA-2016-116344,0.444000006,credit_card,10
CA-2016-116379,4.199999809,credit_card,2
CA-2016-116526,1518.069946,credit_card,5
CA-2016-116540,194.1900024,credit_card,3
CA-2016-116547,182.8679962,credit_card,5
CA-2016-116561,170.0800018,credit_card,8
CA-2016-116596,1341.468018,credit_card,3
CA-2016-116603,6.679999828,credit_card,10
CA-2016-116722,64.33999634,debit_card,2
CA-2016-116736,19.91399956,debit_card,10
CA-2016-116799,46.7159996,credit_card,4
CA-2016-116911,859.2520142,credit_card,1
CA-2016-116918,21.85400009,credit_card,1
CA-2016-116974,419.3999939,credit_card,2
CA-2016-117121,48.86000061,credit_card,5
CA-2016-117282,221.0559998,credit_card,1
CA-2016-117408,17.63999939,credit_card,2
CA-2016-117583,2432.530029,credit_card,1
CA-2016-117590,148.9720001,credit_card,2
CA-2016-117604,68.44799805,credit_card,3
CA-2016-117660,317.1799927,credit_card,8
CA-2016-117681,23.96800041,credit_card,6
CA-2016-117849,23.87999916,credit_card,8
CA-2016-117912,48.72000122,credit_card,5
CA-2016-117919,143.0079956,credit_card,5
CA-2016-118052,2178.1521,credit_card,5
CA-2016-118073,15.55200005,credit_card,8
CA-2016-118129,78.2559967,credit_card,3
CA-2016-118178,110.3759995,credit_card,10
CA-2016-118255,2590.719971,credit_card,5
CA-2016-118332,155.8200073,debit_card,6
CA-2016-118500,563.9400024,credit_card,4
CA-2016-118514,6.782999992,credit_card,1
CA-2016-118570,345,credit_card,1
CA-2016-118626,24.55999947,credit_card,1
CA-2016-118689,4194.401855,credit_card,10
CA-2016-118745,47.93999863,debit_card,1
CA-2016-118759,3949.590088,debit_card,5
CA-2016-118899,51.95999908,voucher,2
CA-2016-118913,222.3840027,credit_card,5
CA-2016-118934,65.76799774,credit_card,2
CA-2016-118969,1889.98999,credit_card,3
CA-2016-119018,417.0840149,credit_card,2
CA-2016-119025,7.920000076,credit_card,1
CA-2016-119074,1326.828003,debit_card,6
CA-2016-119123,42.04800034,credit_card,1
CA-2016-119165,258.6960144,debit_card,2
CA-2016-119186,603.7559814,credit_card,2
CA-2016-119445,9.911999702,credit_card,2
CA-2016-119515,73.84999847,credit_card,8
CA-2016-119641,599.9849854,credit_card,1
CA-2016-119683,19.68000031,voucher,4
CA-2016-119823,23.97599983,credit_card,1
CA-2016-119865,92.79000092,credit_card,1
CA-2016-119935,166.2200012,credit_card,4
CA-2016-119963,1026.365967,debit_card,1
CA-2016-120005,297.1380005,credit_card,3
CA-2016-120082,7.184000015,debit_card,2
CA-2016-120180,87.08000183,credit_card,8
CA-2016-120250,1747.25,credit_card,14
CA-2016-120257,5.949999809,credit_card,3
CA-2016-120355,93.87200165,credit_card,3
CA-2016-120369,15.07199955,debit_card,1
CA-2016-120530,60.45000076,credit_card,6
CA-2016-120558,61.56800079,credit_card,4
CA-2016-120796,62.37599945,credit_card,4
CA-2016-120803,14.93999958,credit_card,10
CA-2016-120824,1220.485962,debit_card,2
CA-2016-120859,6.460000038,credit_card,10
CA-2016-120873,27.44000053,debit_card,2
CA-2016-121020,35.04000092,credit_card,1
CA-2016-121034,216.8269958,credit_card,2
CA-2016-121223,178.8840027,credit_card,5
CA-2016-121356,8.640000343,credit_card,3
CA-2016-121370,75.62999725,debit_card,10
CA-2016-121377,5.104000092,credit_card,3
CA-2016-121447,113.8880005,credit_card,10
CA-2016-121601,22.57999992,credit_card,3
CA-2016-121748,161.3600006,credit_card,1
CA-2016-121755,73.08300018,credit_card,12
CA-2016-121958,699.9799805,debit_card,4
CA-2016-121993,241.1699982,credit_card,1
CA-2016-122017,178.2879944,credit_card,3
CA-2016-122063,795.2520142,credit_card,1
CA-2016-122133,722.3519897,credit_card,2
CA-2016-122322,31.98399925,debit_card,2
CA-2016-122392,164.2599945,credit_card,4
CA-2016-122448,65.79000092,credit_card,10
CA-2016-122511,304.8999939,credit_card,2
CA-2016-122518,15.6960001,credit_card,1
CA-2016-122581,36.63000107,credit_card,3
CA-2016-122728,1056.761963,debit_card,8
CA-2016-122903,318.6040039,credit_card,6
CA-2016-123015,572.7999878,credit_card,2
CA-2016-123050,342.355011,credit_card,3
CA-2016-123120,154.6119995,credit_card,10
CA-2016-123176,108.3000031,debit_card,10
CA-2016-123358,436.7739868,credit_card,10
CA-2016-123414,117.2740021,credit_card,3
CA-2016-123512,346.8540039,credit_card,2
CA-2016-123526,272.3999939,debit_card,5
CA-2016-123533,79.43000031,credit_card,5
CA-2016-123540,3347.370117,credit_card,1
CA-2016-123617,89.69599915,credit_card,7
CA-2016-123666,2.772000074,debit_card,1
CA-2016-123722,59.52000046,credit_card,1
CA-2016-123806,5.5,credit_card,5
CA-2016-123932,11.23200035,credit_card,1
CA-2016-123946,884.3640137,credit_card,1
CA-2016-124016,322.3819885,credit_card,2
CA-2016-124051,81.19999695,credit_card,1
CA-2016-124100,559.6199951,credit_card,10
CA-2016-124149,126.6320038,credit_card,10
CA-2016-124233,883.8400269,credit_card,2
CA-2016-124254,357.1040039,credit_card,2
CA-2016-124352,2591.236084,credit_card,1
CA-2016-124485,105.9039993,credit_card,10
CA-2016-124506,248.6139984,credit_card,10
CA-2016-124527,52.68000031,voucher,3
CA-2016-124562,199.75,credit_card,10
CA-2016-124583,999.9799805,credit_card,10
CA-2016-124590,2130.649902,credit_card,2
CA-2016-124667,1218.875977,credit_card,1
CA-2016-124681,17.29999924,credit_card,5
CA-2016-124772,164.9900055,credit_card,1
CA-2016-124793,4.170000076,debit_card,1
CA-2016-124814,688.0599976,credit_card,1
CA-2016-125017,18.23999977,credit_card,1
CA-2016-125080,180.6600037,credit_card,10
CA-2016-125087,853.4879761,voucher,8
CA-2016-125164,34.52399826,debit_card,1
CA-2016-125206,38.24000168,debit_card,2
CA-2016-125220,16.05599976,credit_card,1
CA-2016-125661,647.4180298,credit_card,5
CA-2016-125724,269.980011,credit_card,2
CA-2016-125738,308.6140137,credit_card,1
CA-2016-125794,4.559999943,debit_card,3
CA-2016-125815,189.6999969,debit_card,4
CA-2016-125843,45.68000031,credit_card,6
CA-2016-125850,66.91000366,credit_card,10
CA-2016-125920,477.6000061,credit_card,1
CA-2016-126004,1771.654053,credit_card,10
CA-2016-126102,872.3200073,debit_card,8
CA-2016-126158,558.5159912,credit_card,3
CA-2016-126165,23.68000031,credit_card,2
CA-2016-126270,1366.839966,credit_card,1
CA-2016-126284,25.05999947,credit_card,1
CA-2016-126529,648.1339722,credit_card,4
CA-2016-126543,7.860000134,debit_card,5
CA-2016-126613,719.9520264,credit_card,2
CA-2016-126627,144.5440063,credit_card,1
CA-2016-126732,1509.458008,credit_card,1
CA-2016-126795,19.56800079,credit_card,4
CA-2016-126809,199.7640076,credit_card,2
CA-2016-126858,4.992000103,credit_card,2
CA-2016-127138,642.3519897,credit_card,9
CA-2016-127194,6.84800005,credit_card,14
CA-2016-127208,617.6160278,credit_card,2
CA-2016-127236,51.91400146,debit_card,1
CA-2016-127243,1848.313965,credit_card,3
CA-2016-127250,10.68799973,credit_card,1
CA-2016-127369,58.04999924,credit_card,1
CA-2016-127642,59.97999954,credit_card,5
CA-2016-127649,301.9599915,credit_card,10
CA-2016-127670,34.58000183,credit_card,6
CA-2016-127698,406.3680115,credit_card,8
CA-2016-127761,30.54999924,credit_card,10
CA-2016-127775,12.96000004,credit_card,6
CA-2016-127985,9.552000046,credit_card,2
CA-2016-128111,109.9199982,credit_card,3
CA-2016-128223,15.55200005,credit_card,8
CA-2016-128258,27.86000061,credit_card,8
CA-2016-128307,198.7440033,credit_card,4
CA-2016-128412,1166.375,credit_card,2
CA-2016-128517,33.61199951,credit_card,5
CA-2016-128531,1918.728027,credit_card,8
CA-2016-128594,23.68000031,credit_card,10
CA-2016-128671,404.9060059,credit_card,3
CA-2016-128706,25.1760006,credit_card,8
CA-2016-128727,11.11999989,credit_card,1
CA-2016-128811,185.0200043,voucher,6
CA-2016-128818,1717.069946,credit_card,5
CA-2016-128867,278.2600098,credit_card,4
CA-2016-128916,321.1984863,debit_card,2
CA-2016-128923,145.9440002,credit_card,1
CA-2016-128972,12.81599998,credit_card,2
CA-2016-129126,1325.900024,credit_card,1
CA-2016-129196,116.8320007,credit_card,6
CA-2016-129238,63.05599976,credit_card,5
CA-2016-129280,4356.686035,credit_card,8
CA-2016-129308,394.0299988,debit_card,3
CA-2016-129630,33.62799835,credit_card,10
CA-2016-129686,1520.959961,credit_card,1
CA-2016-129693,143.9519958,credit_card,3
CA-2016-129714,2212.209961,credit_card,8
CA-2016-129847,27.41399956,credit_card,2
CA-2016-129861,559.9920044,credit_card,10
CA-2016-129868,747.8690186,credit_card,1
CA-2016-129903,20.09600067,credit_card,7
CA-2016-130001,19.44000053,credit_card,5
CA-2016-130029,352.9200134,credit_card,6
CA-2016-130050,79.96800232,credit_card,2
CA-2016-130078,389.9700012,credit_card,6
CA-2016-130162,393.427002,credit_card,8
CA-2016-130267,11.26399994,credit_card,2
CA-2016-130393,56.5359993,credit_card,10
CA-2016-130400,53.16400146,credit_card,2
CA-2016-130407,79.01599884,credit_card,3
CA-2016-130442,20.73600006,credit_card,10
CA-2016-130477,342.9700012,credit_card,3
CA-2016-130484,5.039999962,credit_card,8
CA-2016-130638,163.7200012,credit_card,6
CA-2016-130680,26.47999954,debit_card,3
CA-2016-130778,73.85700226,credit_card,10
CA-2016-130799,10.27200031,credit_card,10
CA-2016-130820,68.47200012,credit_card,2
CA-2016-130911,1894.780029,credit_card,6
CA-2016-130946,522.4940186,credit_card,10
CA-2016-131065,228.6560059,credit_card,3
CA-2016-131093,88.76799774,credit_card,2
CA-2016-131205,177.0950012,credit_card,3
CA-2016-131289,460.3039856,debit_card,6
CA-2016-131296,15.87199974,debit_card,3
CA-2016-131380,39.79199982,credit_card,4
CA-2016-131499,121.5999985,credit_card,2
CA-2016-131576,62.93999863,credit_card,2
CA-2016-131639,985.8499756,credit_card,4
CA-2016-131737,1575.911987,credit_card,5
CA-2016-131744,295.3439941,credit_card,3
CA-2016-131835,496.53479,credit_card,10
CA-2016-131968,40.93999863,debit_card,8
CA-2016-132017,405.8599854,credit_card,1
CA-2016-132066,9.640000343,credit_card,3
CA-2016-132094,506.7080078,credit_card,2
CA-2016-132143,465.1799927,credit_card,8
CA-2016-132304,246.3840027,credit_card,1
CA-2016-132409,994.2719727,credit_card,6
CA-2016-132479,47.81999969,credit_card,4
CA-2016-132549,21.5,credit_card,1
CA-2016-132661,782.9400024,credit_card,6
CA-2016-132731,26.97599983,credit_card,1
CA-2016-132829,229.1340027,credit_card,1
CA-2016-132899,201.0399933,credit_card,6
CA-2016-132990,989.9699707,credit_card,4
CA-2016-132997,697.052002,debit_card,3
CA-2016-133123,14.29599953,credit_card,3
CA-2016-133144,12.96000004,credit_card,6
CA-2016-133319,79.51200104,debit_card,3
CA-2016-133340,113.4840012,credit_card,8
CA-2016-133368,16.15600014,credit_card,3
CA-2016-133550,1455.290039,credit_card,1
CA-2016-133613,1793.930054,credit_card,3
CA-2016-133669,5.78000021,credit_card,10
CA-2016-133697,184.3679962,credit_card,1
CA-2016-133711,115.3399963,credit_card,10
CA-2016-133725,143.6999969,credit_card,8
CA-2016-133795,87.22000122,credit_card,2
CA-2016-133802,58.24000168,credit_card,3
CA-2016-133816,281.3399963,credit_card,1
CA-2016-133872,391.0339966,credit_card,6
CA-2016-133935,266.0379944,credit_card,10
CA-2016-134110,1150.079956,credit_card,5
CA-2016-134138,120.711998,credit_card,10
CA-2016-134180,189.6580048,credit_card,2
CA-2016-134222,109.5299988,debit_card,4
CA-2016-134334,2166.851074,credit_card,4
CA-2016-134348,108.6520004,credit_card,2
CA-2016-134362,441.9599915,credit_card,5
CA-2016-134425,40.45999908,credit_card,3
CA-2016-134474,27.48200035,credit_card,5
CA-2016-134516,234.723999,credit_card,4
CA-2016-134544,13.76000023,credit_card,4
CA-2016-134691,124.25,debit_card,1
CA-2016-134775,236.4499969,credit_card,2
CA-2016-134803,520.1680298,credit_card,5
CA-2016-134887,135.8820038,credit_card,5
CA-2016-134936,258.0899963,credit_card,4
CA-2016-135265,62.80799866,credit_card,10
CA-2016-135461,18.33600044,debit_card,2
CA-2016-135594,51.54999924,credit_card,2
CA-2016-135636,540.0479736,credit_card,5
CA-2016-135776,230.4660034,debit_card,2
CA-2016-135965,662.8800049,credit_card,1
CA-2016-136021,138.0599976,credit_card,4
CA-2016-136049,14.11200047,credit_card,4
CA-2016-136126,433.9960022,credit_card,1
CA-2016-136133,12.6239996,credit_card,4
CA-2016-136231,739.1959839,credit_card,1
CA-2016-136287,50.7840004,debit_card,2
CA-2016-136301,322.0559998,credit_card,10
CA-2016-136322,864.8499756,credit_card,10
CA-2016-136329,278.2479858,credit_card,3
CA-2016-136371,47.74399948,credit_card,1
CA-2016-136406,41.90000153,credit_card,8
CA-2016-136434,106.6800003,credit_card,2
CA-2016-136483,35.52000046,credit_card,4
CA-2016-136595,223.0559998,credit_card,5
CA-2016-136686,176.7839966,credit_card,1
CA-2016-136770,93.87599945,credit_card,3
CA-2016-136812,482.3399963,debit_card,2
CA-2016-136924,11.67000008,credit_card,1
CA-2016-136994,4.607999802,credit_card,1
CA-2016-137043,36.00600052,credit_card,10
CA-2016-137050,225.7279968,credit_card,4
CA-2016-137127,379.3720093,credit_card,10
CA-2016-137176,2.890000105,credit_card,2
CA-2016-137204,5.214000225,credit_card,4
CA-2016-137239,48.33200073,debit_card,17
CA-2016-137330,481.7099915,voucher,7
CA-2016-137337,974.3319702,credit_card,10
CA-2016-137673,15.55200005,credit_card,1
CA-2016-137729,66.30400085,credit_card,2
CA-2016-137736,26.85000038,credit_card,4
CA-2016-137743,268.8399963,debit_card,3
CA-2016-137848,278.3999939,credit_card,10
CA-2016-137939,512.9400024,debit_card,1
CA-2016-138037,241.5679932,credit_card,3
CA-2016-138079,25.15999985,credit_card,1
CA-2016-138233,78.15000153,credit_card,5
CA-2016-138282,191.9759979,credit_card,1
CA-2016-138478,544.7219849,credit_card,3
CA-2016-138520,1930.671997,debit_card,3
CA-2016-138583,198.7440033,credit_card,2
CA-2016-138597,13.96000004,credit_card,2
CA-2016-138667,10.52799988,credit_card,3
CA-2016-138688,24.44799995,credit_card,2
CA-2016-138695,273.9750061,credit_card,6
CA-2016-138933,1628.819946,credit_card,6
CA-2016-138968,265.8179932,credit_card,1
CA-2016-139010,2509.976074,credit_card,2
CA-2016-139157,7.168000221,credit_card,4
CA-2016-139234,510.6640015,credit_card,2
CA-2016-139269,606.4680176,voucher,2
CA-2016-139381,911.0700073,debit_card,8
CA-2016-139395,114.4680023,credit_card,7
CA-2016-139409,249.9499969,credit_card,1
CA-2016-139556,590.0579834,credit_card,2
CA-2016-139808,7.584000111,credit_card,8
CA-2016-139878,422.0580139,credit_card,8
CA-2016-139885,9.109999657,debit_card,6
CA-2016-139934,21.23999977,credit_card,5
CA-2016-139941,374.6759949,debit_card,8
CA-2016-139997,11.68799973,credit_card,8
CA-2016-140018,270.605011,credit_card,3
CA-2016-140081,460.6239929,debit_card,1
CA-2016-140130,91.94999695,credit_card,6
CA-2016-140207,4.927999973,credit_card,6
CA-2016-140249,185.3760071,debit_card,4
CA-2016-140256,19.44000053,credit_card,1
CA-2016-140382,271.4309998,credit_card,2
CA-2016-140417,35.58399963,credit_card,5
CA-2016-140438,15.6960001,credit_card,8
CA-2016-140501,644.132019,credit_card,7
CA-2016-140543,619.9500122,credit_card,4
CA-2016-140564,91.95999908,credit_card,1
CA-2016-140571,963.789978,credit_card,2
CA-2016-140613,821.9400024,debit_card,8
CA-2016-140634,186.7319946,credit_card,4
CA-2016-140641,26.71999931,credit_card,1
CA-2016-140746,34.38399887,credit_card,3
CA-2016-140774,89.56800079,credit_card,10
CA-2016-140928,7.300000191,credit_card,2
CA-2016-140935,27.07999992,credit_card,7
CA-2016-141019,149.9700012,credit_card,10
CA-2016-141082,65.83000183,debit_card,4
CA-2016-141180,98.32800293,credit_card,2
CA-2016-141397,344.2739868,credit_card,1
CA-2016-141523,700.565979,credit_card,3
CA-2016-141551,70.54599762,credit_card,2
CA-2016-141586,17.61000061,credit_card,7
CA-2016-141887,6.688000202,credit_card,2
CA-2016-141957,350.9400024,credit_card,1
CA-2016-142097,232.5399933,debit_card,2
CA-2016-142335,100.3479996,credit_card,4
CA-2016-142370,35.23199844,credit_card,7
CA-2016-142398,51.93999863,credit_card,1
CA-2016-142405,356.3380127,credit_card,2
CA-2016-142524,204.1080017,debit_card,3
CA-2016-142545,212.8419952,credit_card,4
CA-2016-142594,1122.910034,credit_card,1
CA-2016-142615,37.93999863,credit_card,1
CA-2016-142762,12.19200039,credit_card,5
CA-2016-142895,51.90000153,debit_card,1
CA-2016-142902,211.5039978,debit_card,2
CA-2016-142958,46.9620018,credit_card,4
CA-2016-143154,263.9599915,credit_card,10
CA-2016-143308,366.743988,debit_card,8
CA-2016-143406,815.5040283,credit_card,2
CA-2016-143441,1649.949951,credit_card,3
CA-2016-143476,470.1600037,credit_card,1
CA-2016-143609,47.98400116,credit_card,5
CA-2016-143714,884.1019897,credit_card,3
CA-2016-143749,58.34000015,credit_card,1
CA-2016-143805,394.3680115,credit_card,4
CA-2016-143910,10.6079998,credit_card,8
CA-2016-144015,111.0559998,debit_card,8
CA-2016-144092,506.7520142,credit_card,2
CA-2016-144148,20.73600006,credit_card,1
CA-2016-144218,113.5680008,credit_card,1
CA-2016-144309,200.1499939,debit_card,7
CA-2016-144337,203.9759979,credit_card,2
CA-2016-144344,260.1860046,debit_card,8
CA-2016-144400,1117.920044,credit_card,4
CA-2016-144540,634.7379761,credit_card,10
CA-2016-144554,4.019999981,credit_card,1
CA-2016-144645,111.9599991,credit_card,4
CA-2016-144729,12.96000004,credit_card,4
CA-2016-144764,280.8099976,credit_card,1
CA-2016-144785,30.5359993,credit_card,1
CA-2016-144792,14.49600029,credit_card,2
CA-2016-144855,107.6480026,credit_card,6
CA-2016-144911,346.2099915,debit_card,3
CA-2016-144939,15.55200005,credit_card,3
CA-2016-145009,158.9279938,credit_card,8
CA-2016-145135,64.84799957,debit_card,4
CA-2016-145177,2997.458008,credit_card,2
CA-2016-145240,18.69000053,credit_card,1
CA-2016-145247,751.9199829,credit_card,2
CA-2016-145261,1078.994995,credit_card,7
CA-2016-145303,730.1099854,credit_card,3
CA-2016-145492,40.7519989,debit_card,2
CA-2016-145499,4404.899902,credit_card,3
CA-2016-145548,389.1560059,debit_card,1
CA-2016-145583,443.9379883,credit_card,5
CA-2016-145611,25.92000008,credit_card,1
CA-2016-145625,495.230011,credit_card,5
CA-2016-145709,752.5040283,credit_card,8
CA-2016-145730,393.5660095,credit_card,3
CA-2016-145842,34.04999924,credit_card,1
CA-2016-145898,331.4119873,debit_card,5
CA-2016-145905,53.29600143,debit_card,2
CA-2016-145919,408.6419983,credit_card,6
CA-2016-145982,976.1820068,credit_card,10
CA-2016-146010,14.15999985,credit_card,1
CA-2016-146143,281.9039917,credit_card,3
CA-2016-146150,0.875999987,credit_card,5
CA-2016-146157,450.6099854,credit_card,1
CA-2016-146171,401.3500061,credit_card,1
CA-2016-146206,555.1560059,credit_card,1
CA-2016-146318,32.47999954,credit_card,7
CA-2016-146325,86.84799957,credit_card,8
CA-2016-146374,817.7520142,credit_card,5
CA-2016-146423,44.15999985,credit_card,8
CA-2016-146437,6.380000114,credit_card,10
CA-2016-146521,191.9680023,credit_card,3
CA-2016-146633,1079.843994,credit_card,4
CA-2016-146682,76.13999939,credit_card,1
CA-2016-146766,1979.890015,credit_card,4
CA-2016-146836,72.75,credit_card,8
CA-2016-146913,725.8400269,debit_card,3
CA-2016-146934,953.0180054,credit_card,2
CA-2016-146941,114.4800034,credit_card,4
CA-2016-147109,57.40000153,credit_card,8
CA-2016-147123,10.15999985,credit_card,2
CA-2016-147137,649.7659912,debit_card,10
CA-2016-147256,293.6700134,credit_card,2
CA-2016-147368,23.92000008,credit_card,6
CA-2016-147375,752.7420044,credit_card,2
CA-2016-147431,382.1159973,credit_card,10
CA-2016-147473,57.95999908,credit_card,2
CA-2016-147536,41.95000076,credit_card,1
CA-2016-147578,70.94999695,credit_card,10
CA-2016-147585,307.1359863,credit_card,1
CA-2016-147683,21.39999962,credit_card,10
CA-2016-147970,331.5360107,credit_card,1
CA-2016-148096,191.6459961,credit_card,4
CA-2016-148201,19.44000053,debit_card,10
CA-2016-148208,58.54000092,credit_card,3
CA-2016-148516,23.97599983,credit_card,2
CA-2016-148593,191.0579987,credit_card,2
CA-2016-148684,362.6879883,debit_card,10
CA-2016-148698,10.27200031,credit_card,2
CA-2016-148740,22.71999931,credit_card,6
CA-2016-148747,22,credit_card,1
CA-2016-148796,247.1040039,voucher,1
CA-2016-148852,685.6959839,voucher,10
CA-2016-148908,8.340000153,credit_card,1
CA-2016-149223,9099.929688,credit_card,3
CA-2016-149237,5.303999901,credit_card,8
CA-2016-149272,126.7259979,credit_card,5
CA-2016-149279,353.6940002,credit_card,10
CA-2016-149314,64.13999939,credit_card,1
CA-2016-149335,15.98400021,credit_card,1
CA-2016-149349,32.40000153,credit_card,3
CA-2016-149370,3785.291992,debit_card,1
CA-2016-149454,12.60000038,debit_card,1
CA-2016-149461,2033.583984,credit_card,6
CA-2016-149482,11.35200024,credit_card,3
CA-2016-149503,597,credit_card,1
CA-2016-149671,43.37200165,credit_card,3
CA-2016-149685,43.13000107,credit_card,2
CA-2016-149762,4606.231934,debit_card,4
CA-2016-149783,1912.332031,credit_card,6
CA-2016-149797,40.47999954,credit_card,8
CA-2016-149902,232.8800049,credit_card,8
CA-2016-149916,587.7059937,credit_card,1
CA-2016-149965,1263.300049,credit_card,20
CA-2016-149979,1966.219971,credit_card,3
CA-2016-150000,41.24000168,credit_card,2
CA-2016-150007,215.5319977,credit_card,4
CA-2016-150077,29.79999924,debit_card,6
CA-2016-150343,83.69999695,credit_card,7
CA-2016-150350,853.0620117,credit_card,10
CA-2016-150483,79.94799805,credit_card,3
CA-2016-150658,479.9700012,credit_card,4
CA-2016-150889,387.1359863,credit_card,2
CA-2016-150945,42.61600113,credit_card,1
CA-2016-151092,153.5839996,credit_card,1
CA-2016-151148,144.7200012,credit_card,2
CA-2016-151155,32.38800049,credit_card,2
CA-2016-151169,145.9799957,credit_card,2
CA-2016-151323,5.760000229,debit_card,1
CA-2016-151372,541.2839966,credit_card,3
CA-2016-151498,11.56799984,credit_card,2
CA-2016-151512,14.13000011,credit_card,5
CA-2016-151561,543.7199707,credit_card,4
CA-2016-151974,52.79199982,credit_card,3
CA-2016-152072,91.22399902,credit_card,2
CA-2016-152121,146.352005,credit_card,8
CA-2016-152156,62.61600113,credit_card,3
CA-2016-152163,386.7600098,credit_card,3
CA-2016-152170,820.5620117,credit_card,9
CA-2016-152247,452.4500122,credit_card,10
CA-2016-152289,89.53600311,credit_card,3
CA-2016-152331,103.4810028,credit_card,6
CA-2016-152408,145.7640076,credit_card,1
CA-2016-152457,16.55999947,credit_card,3
CA-2016-152520,11.64799976,credit_card,1
CA-2016-152534,2910.904053,credit_card,24
CA-2016-152555,272.3880005,credit_card,10
CA-2016-152632,499.9500122,credit_card,2
CA-2016-152646,327.9960022,credit_card,2
CA-2016-152688,94.7460022,credit_card,1
CA-2016-152730,1383.297974,credit_card,1
CA-2016-152765,19.44000053,credit_card,7
CA-2016-152800,18.1760006,credit_card,4
CA-2016-152814,35.06000137,credit_card,2
CA-2016-152940,66.58000183,credit_card,2
CA-2016-153101,67.99199677,credit_card,4
CA-2016-153157,176.0399933,credit_card,2
CA-2016-153178,107.5400009,voucher,5
CA-2016-153185,119.0400009,credit_card,4
CA-2016-153269,3561.897949,credit_card,2
CA-2016-153318,19.55999947,credit_card,2
CA-2016-153346,414.9559937,credit_card,1
CA-2016-153353,1325.76001,credit_card,3
CA-2016-153577,378.4400024,credit_card,8
CA-2016-153598,151.0599976,credit_card,8
CA-2016-153661,197.0599976,credit_card,2
CA-2016-153682,107.4240036,credit_card,4
CA-2016-153836,18.07999992,debit_card,8
CA-2016-154018,883.0319824,credit_card,1
CA-2016-154053,9.239999771,credit_card,8
CA-2016-154060,1919.975952,credit_card,5
CA-2016-154067,44.45999908,credit_card,4
CA-2016-154081,113.9199982,credit_card,2
CA-2016-154235,148.4799957,credit_card,10
CA-2016-154403,1592.849976,credit_card,4
CA-2016-154508,47.95199966,credit_card,1
CA-2016-154536,3.519999981,debit_card,9
CA-2016-154662,32.06999969,debit_card,1
CA-2016-154690,7.21600008,credit_card,8
CA-2016-154711,277.1239929,credit_card,3
CA-2016-154739,6.579999924,credit_card,1
CA-2016-154767,67.12200165,credit_card,3
CA-2016-154788,314.6000061,credit_card,10
CA-2016-154998,46.15200043,credit_card,10
CA-2016-155005,34.24000168,credit_card,5
CA-2016-155033,54.22399902,credit_card,6
CA-2016-155138,807.90802,credit_card,5
CA-2016-155166,146.4100037,credit_card,3
CA-2016-155187,161.9120026,credit_card,1
CA-2016-155383,2275.5,credit_card,1
CA-2016-155439,101.9400024,credit_card,3
CA-2016-155446,31.10400009,credit_card,6
CA-2016-155474,2108.144043,credit_card,2
CA-2016-155481,677.8400269,credit_card,1
CA-2016-155488,111.9000015,credit_card,2
CA-2016-155516,386.6860046,voucher,5
CA-2016-155530,76.1760025,debit_card,2
CA-2016-155551,339.3659973,credit_card,10
CA-2016-155565,7.239999771,credit_card,1
CA-2016-155670,106.6399994,credit_card,10
CA-2016-155747,1702.119995,debit_card,10
CA-2016-155845,5.28000021,credit_card,1
CA-2016-155978,37.29999924,credit_card,2
CA-2016-155992,54.99000168,credit_card,10
CA-2016-156251,56.06000137,credit_card,5
CA-2016-156265,492.4580078,credit_card,1
CA-2016-156300,166.8399963,credit_card,4
CA-2016-156503,1145.80603,credit_card,2
CA-2016-156573,527.8400269,credit_card,3
CA-2016-156685,394.302002,credit_card,8
CA-2016-156748,351.3680115,credit_card,1
CA-2016-156811,9.815999985,credit_card,8
CA-2016-157000,534.8920288,debit_card,10
CA-2016-157161,1082.22998,credit_card,2
CA-2016-157217,99.80999756,credit_card,8
CA-2016-157245,23.10000038,debit_card,2
CA-2016-157259,999.4320068,credit_card,10
CA-2016-157266,3290.246094,credit_card,1
CA-2016-157280,3025.39209,debit_card,10
CA-2016-157336,273.5440063,credit_card,2
CA-2016-157364,721.875,credit_card,8
CA-2016-157511,260.8800049,credit_card,2
CA-2016-157588,841.9140015,credit_card,4
CA-2016-157686,57.68999863,credit_card,10
CA-2016-157707,249.5679932,debit_card,8
CA-2016-157714,1369.764038,debit_card,3
CA-2016-157742,103.5,credit_card,1
CA-2016-157749,971.5200195,credit_card,1
CA-2016-157763,18.70400047,credit_card,2
CA-2016-157791,8.819999695,credit_card,1
CA-2016-157868,54.95999908,credit_card,5
CA-2016-158001,115.7919998,credit_card,2
CA-2016-158043,17499.94922,debit_card,1
CA-2016-158099,104.0999985,debit_card,2
CA-2016-158155,191.3760071,credit_card,3
CA-2016-158211,81.48400116,credit_card,1
CA-2016-158260,348.928009,credit_card,3
CA-2016-158302,5.19299984,credit_card,4
CA-2016-158358,188.552002,credit_card,8
CA-2016-158435,198.5540009,credit_card,2
CA-2016-158547,24.04800034,credit_card,4
CA-2016-158568,1713.48999,credit_card,8
CA-2016-158575,5.544000149,credit_card,2
CA-2016-158610,69.12000275,debit_card,10
CA-2016-158617,42.75999832,credit_card,8
CA-2016-158694,2290.290039,credit_card,10
CA-2016-158778,41.39400101,voucher,1
CA-2016-158806,686.9299927,credit_card,3
CA-2016-158834,106.6999969,credit_card,1
CA-2016-158841,143.3840027,credit_card,3
CA-2016-158869,1279.165039,credit_card,1
CA-2016-158925,159.9600067,credit_card,8
CA-2016-159009,53.27999878,credit_card,6
CA-2016-159016,1041.167236,debit_card,5
CA-2016-159023,22,credit_card,3
CA-2016-159142,547.0739746,credit_card,1
CA-2016-159212,593.2199707,credit_card,2
CA-2016-159345,2395.199951,credit_card,8
CA-2016-159373,276.6000061,debit_card,1
CA-2016-159639,34.94400024,credit_card,1
CA-2016-159653,25.58399963,credit_card,2
CA-2016-159730,126.4560013,credit_card,1
CA-2016-159737,6.912000179,credit_card,2
CA-2016-159765,24.89999962,credit_card,1
CA-2016-159912,323.1279907,credit_card,8
CA-2016-159940,287.8399963,credit_card,1
CA-2016-159989,14.47999954,credit_card,4
CA-2016-160108,159.5839996,credit_card,3
CA-2016-160129,298.9760132,credit_card,2
CA-2016-160136,6.257999897,credit_card,4
CA-2016-160234,49.08000183,credit_card,10
CA-2016-160241,437.8500061,credit_card,7
CA-2016-160304,226.0559998,credit_card,2
CA-2016-160479,25.5,credit_card,3
CA-2016-160486,361.3760071,credit_card,10
CA-2016-160500,57.33000183,voucher,1
CA-2016-160535,1440.33606,credit_card,1
CA-2016-160598,57.57600021,credit_card,5
CA-2016-160717,1659.972046,credit_card,3
CA-2016-160745,57.47999954,voucher,4
CA-2016-160815,14.61999989,debit_card,2
CA-2016-160941,162.5440063,credit_card,8
CA-2016-161025,7999.97998,credit_card,2
CA-2016-161095,194.8600006,credit_card,3
CA-2016-161158,120,credit_card,1
CA-2016-161207,410.3519897,debit_card,6
CA-2016-161389,29.70000076,credit_card,1
CA-2016-161473,581.9559937,credit_card,1
CA-2016-161543,600.5300293,credit_card,2
CA-2016-161662,5.903999805,credit_card,4
CA-2016-161669,723.3439941,debit_card,4
CA-2016-161676,71.98000336,credit_card,4
CA-2016-161746,243.7279968,credit_card,8
CA-2016-161781,47.52000046,credit_card,1
CA-2016-161816,642.8900146,credit_card,4
CA-2016-161907,112.9700012,credit_card,8
CA-2016-161928,13.24800014,debit_card,6
CA-2016-162082,114.8000031,credit_card,2
CA-2016-162110,333.9989929,credit_card,6
CA-2016-162159,22.71999931,credit_card,5
CA-2016-162187,1601.291992,credit_card,5
CA-2016-162222,353.5679932,credit_card,6
CA-2016-162236,824.3319702,credit_card,1
CA-2016-162313,49.65000153,credit_card,4
CA-2016-162348,174.9499969,credit_card,4
CA-2016-162355,798.4799805,debit_card,7
CA-2016-162383,250.6459961,credit_card,2
CA-2016-162390,2032.942017,credit_card,3
CA-2016-162404,111.1500015,debit_card,10
CA-2016-162614,24.47200012,credit_card,4
CA-2016-162726,124.6800003,credit_card,1
CA-2016-162733,4.927999973,credit_card,2
CA-2016-162747,20.01600075,credit_card,1
CA-2016-162901,563.9199829,credit_card,2
CA-2016-162943,41.72000122,credit_card,8
CA-2016-163048,7.967999935,credit_card,6
CA-2016-163153,133.223999,credit_card,2
CA-2016-163167,1707.706055,credit_card,3
CA-2016-163174,129.9799957,credit_card,1
CA-2016-163202,194.8480072,voucher,1
CA-2016-163216,1091.930054,credit_card,10
CA-2016-163328,473.5379944,credit_card,7
CA-2016-163384,67.00800323,credit_card,3
CA-2016-163398,95.88800049,credit_card,6
CA-2016-163573,30.99200058,credit_card,6
CA-2016-163594,146.0619965,credit_card,4
CA-2016-163636,11.53999996,credit_card,10
CA-2016-163755,2.303999901,credit_card,6
CA-2016-163776,1734.04895,debit_card,6
CA-2016-163804,283.4559937,credit_card,3
CA-2016-163937,35.23199844,debit_card,1
CA-2016-163951,591.3200073,credit_card,1
CA-2016-163972,54.19200134,credit_card,8
CA-2016-163986,48.7840004,debit_card,3
CA-2016-164035,32.04000092,credit_card,4
CA-2016-164154,58.19400024,credit_card,2
CA-2016-164399,1425.140015,credit_card,3
CA-2016-164483,755.960022,debit_card,5
CA-2016-164490,37.68000031,credit_card,7
CA-2016-164511,101.2639999,voucher,6
CA-2016-164574,894.5200195,debit_card,1
CA-2016-164637,43.51200104,credit_card,4
CA-2016-164672,64.86399841,credit_card,10
CA-2016-164735,9.989999771,debit_card,2
CA-2016-164770,6.131999969,credit_card,2
CA-2016-164784,749.8839722,credit_card,5
CA-2016-164889,965.8499756,credit_card,4
CA-2016-164896,307.980011,credit_card,1
CA-2016-164924,853.09198,credit_card,2
CA-2016-164938,15.26000023,credit_card,17
CA-2016-165015,51.58800125,credit_card,7
CA-2016-165148,1439.968018,debit_card,5
CA-2016-165169,249.9839935,credit_card,1
CA-2016-165218,149.9299927,credit_card,8
CA-2016-165316,596.9060059,credit_card,4
CA-2016-165330,1360.468018,credit_card,8
CA-2016-165484,267.428009,debit_card,2
CA-2016-165561,42.61600113,credit_card,5
CA-2016-165820,61.95999908,credit_card,4
CA-2016-165827,2799.959961,credit_card,8
CA-2016-165848,121.5479965,credit_card,1
CA-2016-165918,626.8339844,credit_card,3
CA-2016-165995,172.1499939,credit_card,1
CA-2016-166163,469.9500122,credit_card,3
CA-2016-166226,1109.819946,debit_card,5
CA-2016-166240,159.8399963,credit_card,8
CA-2016-166275,489.9200134,credit_card,2
CA-2016-166282,232.5599976,credit_card,10
CA-2016-166373,258.8999939,credit_card,6
CA-2016-166380,20.72299957,debit_card,2
CA-2016-166429,4.788000107,credit_card,10
CA-2016-166443,19.36000061,credit_card,2
CA-2016-166618,134.1080017,credit_card,10
CA-2016-166625,83.90000153,credit_card,2
CA-2016-166653,45.2480011,credit_card,6
CA-2016-166674,1933.537964,debit_card,5
CA-2016-166772,248.0800018,credit_card,3
CA-2016-166912,433.5679932,voucher,1
CA-2016-167115,501.8099976,debit_card,5
CA-2016-167241,513.3359985,credit_card,1
CA-2016-167290,498,credit_card,10
CA-2016-167416,84.83999634,credit_card,5
CA-2016-167507,147.0679932,voucher,2
CA-2016-167556,723.9000244,credit_card,5
CA-2016-167584,39.88000107,credit_card,2
CA-2016-167605,141.552002,credit_card,3
CA-2016-167682,89.36399841,credit_card,8
CA-2016-167759,4.607999802,credit_card,3
CA-2016-167983,1345.484985,credit_card,3
CA-2016-168032,1063.300049,credit_card,2
CA-2016-168046,1015.833984,credit_card,1
CA-2016-168081,14.76000023,debit_card,1
CA-2016-168354,200.3760071,debit_card,4
CA-2016-168361,258.5759888,credit_card,2
CA-2016-168536,25.63199997,credit_card,1
CA-2016-168543,383.4379883,debit_card,5
CA-2016-168557,1294.75,debit_card,2
CA-2016-168753,154.3999939,credit_card,1
CA-2016-168774,219.1840057,credit_card,5
CA-2016-168830,182.9400024,debit_card,1
CA-2016-168844,1090.267944,debit_card,5
CA-2016-168893,290.428009,credit_card,8
CA-2016-168921,49.75999832,credit_card,3
CA-2016-168956,521.6879883,credit_card,3
CA-2016-169026,17.47999954,credit_card,8
CA-2016-169103,1538.829956,debit_card,3
CA-2016-169166,563.8079834,credit_card,1
CA-2016-169194,115.5039978,credit_card,1
CA-2016-169215,87.80000305,credit_card,4
CA-2016-169334,65.5,credit_card,8
CA-2016-169663,101.5100021,credit_card,4
CA-2016-169670,53.34000015,credit_card,2
CA-2016-169824,229.5800018,credit_card,4
CA-2016-169838,61.75999832,credit_card,10
CA-2016-169887,112.1399994,credit_card,2
CA-2016-169922,639.065979,credit_card,1
CA-2016-169943,389.8479919,credit_card,4
CA-2016-169957,97.1760025,debit_card,6
CA-2016-169971,36.02000046,credit_card,4
CA-2017-100013,484.8240051,credit_card,5
CA-2017-100055,120.2399979,credit_card,2
CA-2017-100097,711.3060303,credit_card,8
CA-2017-100111,2805.656006,credit_card,2
CA-2017-100160,70.13999939,credit_card,9
CA-2017-100202,217.0559998,credit_card,8
CA-2017-100223,1492.899048,voucher,2
CA-2017-100230,1930.33606,debit_card,4
CA-2017-100237,51.79999924,credit_card,1
CA-2017-100314,1116.900024,voucher,1
CA-2017-100335,103.9680023,credit_card,3
CA-2017-100356,272.9400024,credit_card,3
CA-2017-100384,117.3960037,debit_card,2
CA-2017-100412,69.93000031,credit_card,6
CA-2017-100426,31.77599907,credit_card,7
CA-2017-100433,45.36000061,debit_card,2
CA-2017-100524,32.00999832,credit_card,8
CA-2017-100601,45.04000092,credit_card,1
CA-2017-100615,2714.934082,credit_card,8
CA-2017-100622,622.7119751,credit_card,3
CA-2017-100636,84.98999786,debit_card,5
CA-2017-100650,87.54000092,credit_card,10
CA-2017-100748,70.00800323,credit_card,2
CA-2017-100783,69.51999664,credit_card,1
CA-2017-100811,63.24599838,debit_card,6
CA-2017-100902,94.09999847,credit_card,3
CA-2017-100951,99.69599915,debit_card,2
CA-2017-101042,522.7999878,debit_card,10
CA-2017-101049,395.5119934,credit_card,5
CA-2017-101077,259.7399902,credit_card,4
CA-2017-101182,470.5920105,credit_card,5
CA-2017-101210,374.4360046,credit_card,1
CA-2017-101245,92.53199768,credit_card,8
CA-2017-101273,15.56999969,credit_card,6
CA-2017-101308,371.1279907,credit_card,2
CA-2017-101322,104.9800034,credit_card,1
CA-2017-101434,1195.937988,debit_card,2
CA-2017-101483,554.4799805,credit_card,6
CA-2017-101574,27.42000008,credit_card,10
CA-2017-101581,185.5800018,credit_card,2
CA-2017-101637,1252.703979,debit_card,1
CA-2017-101665,99.98000336,credit_card,7
CA-2017-101700,18.38400078,credit_card,10
CA-2017-101728,297.5499878,credit_card,10
CA-2017-101749,14.97999954,credit_card,1
CA-2017-101798,67.23999786,credit_card,1
CA-2017-101805,2638.756104,credit_card,3
CA-2017-102099,151.8480072,debit_card,10
CA-2017-102155,102.8239975,credit_card,4
CA-2017-102197,409.2539978,credit_card,10
CA-2017-102204,1339.328003,debit_card,1
CA-2017-102267,272.6099854,credit_card,10
CA-2017-102309,619.9979858,credit_card,4
CA-2017-102337,62.81600189,credit_card,2
CA-2017-102379,318.2900085,credit_card,4
CA-2017-102407,169.4519958,credit_card,4
CA-2017-102414,150.7120056,credit_card,15
CA-2017-102519,325.5039978,credit_card,2
CA-2017-102554,18.08799934,credit_card,2
CA-2017-102610,607.4959717,credit_card,2
CA-2017-102659,5.21999979,credit_card,8
CA-2017-102729,85.90000153,credit_card,1
CA-2017-102736,515.8400269,credit_card,1
CA-2017-102750,26.79999924,credit_card,2
CA-2017-102771,12.93999958,credit_card,8
CA-2017-102820,10.3039999,credit_card,10
CA-2017-102834,155.3500061,credit_card,5
CA-2017-102925,4117.419922,credit_card,5
CA-2017-102946,323.9819946,credit_card,1
CA-2017-102967,31.55999947,credit_card,1
CA-2017-103009,328.5899963,debit_card,10
CA-2017-103065,378.6300049,credit_card,5
CA-2017-103156,47.40000153,credit_card,10
CA-2017-103212,1052.167969,credit_card,2
CA-2017-103352,456.5899963,credit_card,2
CA-2017-103380,219.2940063,credit_card,8
CA-2017-103415,663.9199829,credit_card,6
CA-2017-103443,260.8359985,credit_card,2
CA-2017-103478,251.0220032,credit_card,4
CA-2017-103499,1117.920044,credit_card,4
CA-2017-103506,56.29999924,credit_card,3
CA-2017-103520,4.860000134,debit_card,4
CA-2017-103611,856.6560059,credit_card,1
CA-2017-103765,199.75,credit_card,2
CA-2017-103877,22.70400047,debit_card,1
CA-2017-103968,37.65999985,debit_card,1
CA-2017-104003,831.2000122,credit_card,8
CA-2017-104010,14.39999962,credit_card,4
CA-2017-104066,2.303999901,credit_card,1
CA-2017-104080,50.33800125,credit_card,2
CA-2017-104108,171.0399933,credit_card,3
CA-2017-104136,198.8760071,credit_card,2
CA-2017-104220,722.8560181,debit_card,2
CA-2017-104318,83.41999817,credit_card,9
CA-2017-104381,28,credit_card,1
CA-2017-104388,18.28800011,debit_card,1
CA-2017-104577,599.9000244,credit_card,5
CA-2017-104619,277.1719971,debit_card,1
CA-2017-104640,16.07999992,debit_card,5
CA-2017-104647,217.7640076,credit_card,6
CA-2017-104731,2542.508057,credit_card,10
CA-2017-104745,134.6560059,credit_card,5
CA-2017-104801,1211.083984,credit_card,4
CA-2017-104822,50.49599838,credit_card,1
CA-2017-104850,662.8800049,credit_card,1
CA-2017-104864,98.61199951,credit_card,1
CA-2017-104885,724.8959961,debit_card,3
CA-2017-104906,30.87000084,debit_card,1
CA-2017-104913,7.920000076,credit_card,10
CA-2017-104927,265.9899902,credit_card,8
CA-2017-105053,14.93999958,credit_card,3
CA-2017-105074,621.7600098,credit_card,1
CA-2017-105130,63.97999954,credit_card,1
CA-2017-105144,99.98000336,credit_card,4
CA-2017-105193,106.8690033,credit_card,8
CA-2017-105214,74.5019989,voucher,1
CA-2017-105235,40.04199982,credit_card,8
CA-2017-105326,19.79999924,credit_card,1
CA-2017-105333,151.552002,credit_card,6
CA-2017-105410,437.928009,credit_card,2
CA-2017-105445,1.524000049,credit_card,5
CA-2017-105480,126.538002,credit_card,1
CA-2017-105487,1871.108032,credit_card,8
CA-2017-105543,27.96800041,credit_card,10
CA-2017-105620,106.1119995,credit_card,3
CA-2017-105669,90.07800293,credit_card,4
CA-2017-105809,281.9679871,credit_card,1
CA-2017-105823,892.223999,credit_card,3
CA-2017-105851,78.59999847,credit_card,12
CA-2017-105886,389.9700012,credit_card,6
CA-2017-105914,85.66400146,credit_card,2
CA-2017-105921,37.74000168,credit_card,4
CA-2017-105991,854.776001,credit_card,10
CA-2017-106033,383.9519958,credit_card,1
CA-2017-106047,13.03999996,credit_card,6
CA-2017-106068,2394.281006,credit_card,6
CA-2017-106103,7.920000076,credit_card,10
CA-2017-106180,414.3680115,credit_card,3
CA-2017-106355,84.41600037,credit_card,2
CA-2017-106432,924.6820068,credit_card,2
CA-2017-106537,12.14400005,credit_card,8
CA-2017-106691,99.56800079,debit_card,3
CA-2017-106747,26.37999916,credit_card,10
CA-2017-106782,5.28000021,credit_card,2
CA-2017-106824,163.7640076,credit_card,10
CA-2017-106831,41.70399857,credit_card,2
CA-2017-106852,240.3399963,credit_card,2
CA-2017-106859,232.3320007,credit_card,1
CA-2017-106943,36.27000046,credit_card,3
CA-2017-106964,32.40000153,debit_card,4
CA-2017-107125,364.1000061,debit_card,10
CA-2017-107132,250.5339966,credit_card,2
CA-2017-107167,255.9839935,credit_card,1
CA-2017-107174,980.2600098,credit_card,3
CA-2017-107209,42.81000137,credit_card,1
CA-2017-107244,2.201999903,credit_card,2
CA-2017-107265,6.407999992,credit_card,2
CA-2017-107293,3.983999968,debit_card,3
CA-2017-107314,219.8399963,credit_card,1
CA-2017-107321,217.8179932,debit_card,10
CA-2017-107342,21.95999908,credit_card,7
CA-2017-107461,9.979999542,debit_card,2
CA-2017-107503,748.7520142,credit_card,2
CA-2017-107517,573.6500244,credit_card,2
CA-2017-107552,13.97999954,debit_card,4
CA-2017-107629,944.0180054,credit_card,10
CA-2017-107713,108.3359985,credit_card,1
CA-2017-107720,64.95999908,credit_card,1
CA-2017-107727,37.31999969,credit_card,1
CA-2017-107748,52.56600189,credit_card,1
CA-2017-107797,79.51200104,credit_card,2
CA-2017-107825,1319.959961,credit_card,4
CA-2017-107853,20.63999939,credit_card,4
CA-2017-107874,131.9799957,credit_card,2
CA-2017-107909,776.8499756,credit_card,4
CA-2017-107958,180.6640015,credit_card,2
CA-2017-107986,96.08000183,credit_card,4
CA-2017-108000,159.5599976,credit_card,6
CA-2017-108035,364.519989,credit_card,2
CA-2017-108070,663.8729858,credit_card,10
CA-2017-108091,358.5799866,credit_card,3
CA-2017-108112,123.7320023,credit_card,6
CA-2017-108287,38.88000107,credit_card,4
CA-2017-108294,12.96000004,debit_card,2
CA-2017-108322,621.1420288,credit_card,3
CA-2017-108329,29.78000069,credit_card,4
CA-2017-108441,621.6079712,credit_card,3
CA-2017-108539,188.9279938,debit_card,3
CA-2017-108553,327.6640015,credit_card,4
CA-2017-108560,500.7070007,credit_card,8
CA-2017-108574,243.8099976,credit_card,4
CA-2017-108749,68.2440033,credit_card,10
CA-2017-108791,178.302002,credit_card,1
CA-2017-108854,117.4319992,debit_card,3
CA-2017-108910,33.40000153,credit_card,4
CA-2017-108931,650.2000122,credit_card,10
CA-2017-109085,579.5800171,credit_card,3
CA-2017-109099,36.73799896,credit_card,1
CA-2017-109183,38.88000107,credit_card,3
CA-2017-109211,17.04000092,voucher,1
CA-2017-109393,309.5759888,voucher,4
CA-2017-109589,32.40000153,credit_card,1
CA-2017-109701,1468.838013,credit_card,2
CA-2017-109715,16.52000046,credit_card,1
CA-2017-109750,6.679999828,credit_card,2
CA-2017-109757,901.8720093,credit_card,2
CA-2017-109778,7.380000114,debit_card,8
CA-2017-109946,194.6999969,credit_card,8
CA-2017-109960,645.4730225,credit_card,10
CA-2017-110198,205.6000061,credit_card,3
CA-2017-110212,1801.631958,debit_card,2
CA-2017-110310,483.6480103,credit_card,2
CA-2017-110373,303.2359924,credit_card,8
CA-2017-110380,256.7839966,credit_card,10
CA-2017-110429,73.36000061,debit_card,2
CA-2017-110443,730.1019897,debit_card,8
CA-2017-110478,95.2480011,credit_card,5
CA-2017-110625,13.27999973,credit_card,4
CA-2017-110821,136.1719971,credit_card,1
CA-2017-110842,1474.26001,credit_card,10
CA-2017-110884,25.68000031,credit_card,2
CA-2017-110905,4052.330078,credit_card,10
CA-2017-110926,19.75,credit_card,2
CA-2017-110940,32.89599991,debit_card,4
CA-2017-111178,15.92000008,credit_card,6
CA-2017-111220,665.539978,credit_card,8
CA-2017-111262,229.1439972,credit_card,10
CA-2017-111269,458.6400146,credit_card,1
CA-2017-111332,1114.942017,credit_card,2
CA-2017-111374,4.409999847,credit_card,4
CA-2017-111388,26.87999916,credit_card,10
CA-2017-111556,689.5239868,credit_card,2
CA-2017-111577,34.75999832,credit_card,4
CA-2017-111591,111.5999985,credit_card,2
CA-2017-111647,8.850000381,credit_card,2
CA-2017-111689,67.26999664,credit_card,4
CA-2017-111717,215.5919952,credit_card,3
CA-2017-111738,76.91200256,debit_card,1
CA-2017-111759,67.70999908,credit_card,8
CA-2017-111808,36.40000153,credit_card,2
CA-2017-111815,383.9200134,credit_card,3
CA-2017-112004,74.30799866,credit_card,2
CA-2017-112039,43.87200165,credit_card,4
CA-2017-112333,260.0599976,credit_card,8
CA-2017-112431,52.58800125,debit_card,5
CA-2017-112473,8.095999718,credit_card,2
CA-2017-112515,992.1939697,credit_card,1
CA-2017-112529,89.5,credit_card,5
CA-2017-112536,249.5160065,credit_card,2
CA-2017-112725,1038.375977,credit_card,4
CA-2017-112753,70.88999939,credit_card,4
CA-2017-112774,19.86000061,credit_card,1
CA-2017-112809,71.36399841,credit_card,8
CA-2017-112844,227.3200073,credit_card,10
CA-2017-112865,104.5800018,voucher,4
CA-2017-112900,40.97000122,credit_card,4
CA-2017-112956,84.35600281,credit_card,8
CA-2017-112984,19.64800072,voucher,3
CA-2017-113075,10.71000004,credit_card,4
CA-2017-113208,6.464000225,credit_card,2
CA-2017-113278,2117.205078,credit_card,10
CA-2017-113355,4673.399902,credit_card,6
CA-2017-113453,37.45999908,credit_card,3
CA-2017-113460,25.34399986,debit_card,1
CA-2017-113474,19.5359993,credit_card,7
CA-2017-113481,631.8400269,credit_card,1
CA-2017-113530,662.6400146,credit_card,4
CA-2017-113558,70.01599884,credit_card,2
CA-2017-113670,517.6240234,credit_card,2
CA-2017-113705,2151.074951,credit_card,10
CA-2017-113873,1376.634033,credit_card,3
CA-2017-113908,306.9400024,credit_card,4
CA-2017-114055,188.6139984,credit_card,10
CA-2017-114216,242.6239929,credit_card,3
CA-2017-114258,1322.930054,credit_card,2
CA-2017-114370,1001.583984,credit_card,2
CA-2017-114412,250.2599945,credit_card,12
CA-2017-114440,89.56800079,credit_card,2
CA-2017-114552,876.2999878,credit_card,10
CA-2017-114636,370.6199951,debit_card,1
CA-2017-114804,239.9600067,debit_card,2
CA-2017-115070,14.09599972,credit_card,10
CA-2017-115105,1119.984009,credit_card,1
CA-2017-115119,919.539978,credit_card,4
CA-2017-115175,330.5880127,credit_card,4
CA-2017-115322,1640.699951,credit_card,1
CA-2017-115448,17.12000084,credit_card,10
CA-2017-115546,12.46800041,debit_card,5
CA-2017-115602,302.8099976,credit_card,6
CA-2017-115651,26.75200081,credit_card,3
CA-2017-115777,51.64799881,credit_card,3
CA-2017-115805,17.08799934,credit_card,2
CA-2017-115882,462.6119995,credit_card,3
CA-2017-115931,1138.97998,credit_card,1
CA-2017-115994,76.54399872,debit_card,1
CA-2017-116113,39.62400055,credit_card,3
CA-2017-116204,146.7599945,credit_card,10
CA-2017-116225,89.97000122,credit_card,1
CA-2017-116288,8.619999886,credit_card,1
CA-2017-116358,38.48799896,credit_card,5
CA-2017-116498,71.97599792,credit_card,3
CA-2017-116519,52.51200104,credit_card,4
CA-2017-116645,344.2200012,credit_card,10
CA-2017-116680,53.84999847,credit_card,2
CA-2017-116715,307.447998,debit_card,10
CA-2017-116855,8.352000237,credit_card,1
CA-2017-116939,41.36999893,credit_card,4
CA-2017-116946,924.210022,credit_card,10
CA-2017-116953,58.4640007,credit_card,1
CA-2017-116988,409.8699951,credit_card,2
CA-2017-117009,36.40000153,voucher,3
CA-2017-117023,366.0599976,credit_card,5
CA-2017-117044,41.7840004,credit_card,2
CA-2017-117079,70.98000336,credit_card,2
CA-2017-117114,180.1799927,credit_card,7
CA-2017-117128,1579.036011,credit_card,2
CA-2017-117156,307.980011,credit_card,3
CA-2017-117198,51.18399811,credit_card,10
CA-2017-117212,2094.62793,debit_card,2
CA-2017-117240,454.5599976,debit_card,10
CA-2017-117261,10.56000042,credit_card,8
CA-2017-117324,553.2189941,credit_card,4
CA-2017-117394,273.6659851,credit_card,2
CA-2017-117401,666.3300171,credit_card,4
CA-2017-117422,5014.943848,credit_card,1
CA-2017-117436,191.9759979,credit_card,8
CA-2017-117443,307.2720032,credit_card,10
CA-2017-117457,881.3640137,credit_card,5
CA-2017-117485,33.48799896,debit_card,2
CA-2017-117513,244.0059967,debit_card,2
CA-2017-117632,407.5360107,credit_card,7
CA-2017-117646,2302.76001,credit_card,10
CA-2017-117667,487.493988,credit_card,2
CA-2017-117695,12.18000031,debit_card,1
CA-2017-117702,853.7819824,credit_card,3
CA-2017-117807,59.99399948,credit_card,4
CA-2017-117821,16.55999947,credit_card,4
CA-2017-117863,168.3500061,credit_card,1
CA-2017-117870,687.2800293,credit_card,2
CA-2017-117933,801.5679932,debit_card,10
CA-2017-117947,1437.219971,credit_card,4
CA-2017-118003,97.4240036,credit_card,5
CA-2017-118017,1029.082031,credit_card,2
CA-2017-118122,659.9699707,credit_card,10
CA-2017-118136,54.33599854,debit_card,1
CA-2017-118199,546.9240112,credit_card,10
CA-2017-118213,215.1600037,credit_card,4
CA-2017-118360,40.68000031,credit_card,1
CA-2017-118367,353.5679932,debit_card,4
CA-2017-118402,44.40000153,credit_card,2
CA-2017-118437,14.27200031,credit_card,7
CA-2017-118521,5.559999943,debit_card,3
CA-2017-118542,46.13999939,credit_card,10
CA-2017-118577,405.4639893,credit_card,6
CA-2017-118640,502.6199951,debit_card,4
CA-2017-118668,435.1679993,debit_card,2
CA-2017-118724,96.30999756,debit_card,1
CA-2017-118731,168.6360016,credit_card,1
CA-2017-118857,60.86399841,credit_card,10
CA-2017-118864,71.97599792,credit_card,2
CA-2017-118885,615.5360107,credit_card,5
CA-2017-118892,124.1999969,credit_card,1
CA-2017-119004,8682.916016,credit_card,1
CA-2017-119011,745.9959717,credit_card,1
CA-2017-119193,1326.869995,credit_card,3
CA-2017-119284,3245.312012,credit_card,5
CA-2017-119305,7.159999847,credit_card,5
CA-2017-119389,85.05599976,credit_card,2
CA-2017-119424,85.62000275,credit_card,2
CA-2017-119452,9.93599987,credit_card,4
CA-2017-119494,46.67200089,debit_card,10
CA-2017-119564,2003.920044,credit_card,4
CA-2017-119578,11.80000019,credit_card,1
CA-2017-119655,98.87999725,credit_card,5
CA-2017-119746,145.6399994,credit_card,3
CA-2017-119809,1365.615967,credit_card,3
CA-2017-120019,9.767999649,credit_card,1
CA-2017-120061,91.68000031,credit_card,8
CA-2017-120168,280.9779968,credit_card,3
CA-2017-120222,326.3039856,credit_card,10
CA-2017-120327,31.92000008,debit_card,2
CA-2017-120376,468.8160095,credit_card,3
CA-2017-120404,198.5460052,credit_card,8
CA-2017-120614,112.6480026,credit_card,1
CA-2017-120705,242.9400024,credit_card,4
CA-2017-120719,123.9199982,credit_card,5
CA-2017-120761,201.5839996,credit_card,2
CA-2017-120894,332.9400024,credit_card,2
CA-2017-120936,19.20199966,credit_card,2
CA-2017-120999,837.5999756,credit_card,2
CA-2017-121027,546.8010254,debit_card,2
CA-2017-121048,581.1539917,debit_card,1
CA-2017-121083,384.3680115,credit_card,3
CA-2017-121125,457.5339966,credit_card,8
CA-2017-121160,176.5440063,credit_card,1
CA-2017-121195,15.55200005,credit_card,1
CA-2017-121216,54.90599823,credit_card,2
CA-2017-121258,189.3840027,credit_card,1
CA-2017-121293,454.4639893,credit_card,1
CA-2017-121300,204.0899963,credit_card,5
CA-2017-121314,60.81000137,credit_card,4
CA-2017-121398,322.6900024,credit_card,2
CA-2017-121412,86.35199738,credit_card,1
CA-2017-121419,267.7099915,credit_card,4
CA-2017-121468,26.15999985,debit_card,3
CA-2017-121489,2345.75,credit_card,8
CA-2017-121503,82.64800262,credit_card,2
CA-2017-121538,170.0579987,credit_card,2
CA-2017-121615,462,credit_card,3
CA-2017-121643,64.78399658,credit_card,1
CA-2017-121678,683.3319702,credit_card,3
CA-2017-121706,19.44000053,credit_card,3
CA-2017-121741,883.9199829,debit_card,10
CA-2017-121790,1155.563477,credit_card,2
CA-2017-121804,1487.040039,credit_card,1
CA-2017-121818,266.7600098,credit_card,2
CA-2017-121839,211.9600067,credit_card,2
CA-2017-121853,1645.599976,credit_card,4
CA-2017-121888,1588.94104,credit_card,3
CA-2017-121909,689.40802,credit_card,2
CA-2017-122007,44.66999817,credit_card,10
CA-2017-122028,5.940000057,credit_card,10
CA-2017-122035,2280.523926,debit_card,8
CA-2017-122056,8.92800045,credit_card,3
CA-2017-122077,509.3439941,credit_card,5
CA-2017-122105,108.7839966,credit_card,10
CA-2017-122112,20.73600006,debit_card,3
CA-2017-122154,1496.829956,debit_card,1
CA-2017-122175,567.4639893,voucher,1
CA-2017-122196,3.75999999,credit_card,2
CA-2017-122280,10.36800003,credit_card,5
CA-2017-122308,59.97000122,credit_card,2
CA-2017-122364,81.95999908,debit_card,2
CA-2017-122490,131.8760071,credit_card,6
CA-2017-122504,477.7539978,credit_card,2
CA-2017-122539,92.72000122,credit_card,8
CA-2017-122595,989.9160156,credit_card,10
CA-2017-122644,133.7120056,credit_card,2
CA-2017-122693,698.3519897,credit_card,4
CA-2017-122700,754.4500122,credit_card,1
CA-2017-122707,764.6879883,credit_card,5
CA-2017-122735,55.72000122,credit_card,4
CA-2017-122763,93.79199982,credit_card,2
CA-2017-122770,730.4559937,credit_card,1
CA-2017-122798,78.63999939,debit_card,6
CA-2017-122945,119.9400024,credit_card,2
CA-2017-122987,44.43799973,credit_card,8
CA-2017-122994,198.4600067,credit_card,10
CA-2017-123001,314.5,credit_card,2
CA-2017-123022,6.56799984,credit_card,5
CA-2017-123029,10.80000019,credit_card,8
CA-2017-123036,270.9432068,credit_card,7
CA-2017-123043,300.552002,credit_card,10
CA-2017-123071,17.24799919,credit_card,2
CA-2017-123085,312.6960144,credit_card,7
CA-2017-123134,3.480000019,credit_card,10
CA-2017-123239,22.13999939,credit_card,3
CA-2017-123246,54.99200058,credit_card,3
CA-2017-123351,184.6600037,credit_card,2
CA-2017-123372,848.6699829,debit_card,2
CA-2017-123491,1035.52002,credit_card,3
CA-2017-123624,322.5899963,credit_card,5
CA-2017-123638,3.203999996,credit_card,7
CA-2017-123659,76.86399841,credit_card,1
CA-2017-123687,322.7999878,debit_card,7
CA-2017-123701,8.720000267,credit_card,8
CA-2017-123778,229.8760071,credit_card,4
CA-2017-123967,351.5280151,credit_card,1
CA-2017-123981,146.352005,credit_card,1
CA-2017-124086,6.992000103,credit_card,4
CA-2017-124114,29.60000038,credit_card,1
CA-2017-124191,37.52000046,credit_card,9
CA-2017-124205,177.9519958,credit_card,8
CA-2017-124261,328.5899963,credit_card,10
CA-2017-124296,235.7200012,credit_card,1
CA-2017-124401,28.19199944,credit_card,1
CA-2017-124436,168.8699951,credit_card,1
CA-2017-124576,1325.76001,debit_card,5
CA-2017-124597,53.27199936,credit_card,5
CA-2017-124674,1718.400024,voucher,6
CA-2017-124716,1696.228027,credit_card,8
CA-2017-124744,43.59400177,credit_card,2
CA-2017-124765,400.0320129,credit_card,1
CA-2017-124828,344.9100037,credit_card,2
CA-2017-124898,299.9700012,credit_card,10
CA-2017-124940,333.5759888,credit_card,2
CA-2017-125101,659.1680298,credit_card,8
CA-2017-125115,1369.817993,credit_card,6
CA-2017-125199,393.9500122,credit_card,5
CA-2017-125269,66.71399689,credit_card,3
CA-2017-125290,38.39400101,credit_card,4
CA-2017-125367,2.723999977,credit_card,8
CA-2017-125381,9.215999603,credit_card,10
CA-2017-125388,444.7799988,credit_card,3
CA-2017-125451,711.8619995,credit_card,3
CA-2017-125472,1286.47998,credit_card,1
CA-2017-125640,70.46399689,credit_card,1
CA-2017-125745,138,credit_card,2
CA-2017-125752,36.2879982,debit_card,1
CA-2017-125878,71.08799744,credit_card,10
CA-2017-125913,90.4240036,credit_card,5
CA-2017-125990,98.35199738,credit_card,10
CA-2017-126046,3.328000069,credit_card,10
CA-2017-126067,237.9559937,credit_card,4
CA-2017-126074,393.2680054,credit_card,10
CA-2017-126123,310.9200134,credit_card,7
CA-2017-126144,5.248000145,credit_card,2
CA-2017-126221,45.65999985,credit_card,2
CA-2017-126242,294.9440002,credit_card,2
CA-2017-126354,126.8000031,credit_card,6
CA-2017-126396,10.94999981,voucher,3
CA-2017-126438,311.9760132,credit_card,1
CA-2017-126536,405.2099915,credit_card,3
CA-2017-126550,1.996000051,credit_card,3
CA-2017-126634,47.98400116,credit_card,2
CA-2017-126662,17.02400017,credit_card,1
CA-2017-126718,204.6663971,debit_card,2
CA-2017-126774,6.912000179,credit_card,1
CA-2017-126788,27.88199997,credit_card,5
CA-2017-126865,26.71999931,credit_card,2
CA-2017-126914,19.06999969,credit_card,1
CA-2017-126928,707.0859985,credit_card,5
CA-2017-127026,355.0020142,credit_card,8
CA-2017-127096,191.8800049,credit_card,1
CA-2017-127117,544.3800049,credit_card,9
CA-2017-127180,1742.949463,credit_card,6
CA-2017-127264,78.75900269,credit_card,2
CA-2017-127285,811.0170288,credit_card,4
CA-2017-127306,1583.868042,debit_card,4
CA-2017-127313,45.68799973,credit_card,6
CA-2017-127397,1845.22998,credit_card,1
CA-2017-127432,865.6099854,credit_card,1
CA-2017-127460,299.8999939,credit_card,1
CA-2017-127474,642.3829956,credit_card,5
CA-2017-127516,51.75,credit_card,10
CA-2017-127621,50.35200119,credit_card,1
CA-2017-127656,661.1760254,credit_card,5
CA-2017-127705,1091.791992,credit_card,1
CA-2017-127712,1577.939941,credit_card,5
CA-2017-127726,56.54399872,credit_card,2
CA-2017-127782,307.571991,credit_card,5
CA-2017-127803,8.68200016,credit_card,5
CA-2017-127922,298.0390015,credit_card,4
CA-2017-127929,10.33199978,debit_card,7
CA-2017-128041,1458.640015,credit_card,3
CA-2017-128076,135.8480072,credit_card,8
CA-2017-128160,26.13599968,credit_card,10
CA-2017-128265,7.711999893,credit_card,10
CA-2017-128300,121.7440033,credit_card,10
CA-2017-128363,980.4260254,credit_card,3
CA-2017-128370,235.6000061,credit_card,2
CA-2017-128426,282.8399963,credit_card,2
CA-2017-128475,11.32800007,credit_card,2
CA-2017-128629,424.1159973,credit_card,2
CA-2017-128699,29.89999962,credit_card,2
CA-2017-128734,431.9700012,credit_card,5
CA-2017-128755,1806.192017,credit_card,5
CA-2017-128769,4.239999771,credit_card,10
CA-2017-128783,665.0640259,credit_card,2
CA-2017-128853,45.69599915,credit_card,3
CA-2017-128944,109.0680008,credit_card,1
CA-2017-128965,469.9299927,credit_card,10
CA-2017-129000,11.53999996,credit_card,1
CA-2017-129021,606.34198,credit_card,4
CA-2017-129028,241.1759949,credit_card,5
CA-2017-129294,291.9119873,credit_card,4
CA-2017-129357,30.77000046,credit_card,6
CA-2017-129378,509.3900146,credit_card,1
CA-2017-129462,442.5840149,credit_card,8
CA-2017-129490,165.2799988,credit_card,1
CA-2017-129567,391.980011,credit_card,3
CA-2017-129581,271.7640076,debit_card,2
CA-2017-129707,33.2820015,credit_card,2
CA-2017-129805,19.13599968,credit_card,3
CA-2017-129833,1073.005981,credit_card,8
CA-2017-129910,36.63000107,credit_card,8
CA-2017-130036,419.7200012,credit_card,10
CA-2017-130043,34.2480011,credit_card,1
CA-2017-130106,990.1439819,credit_card,8
CA-2017-130141,537.8099976,credit_card,5
CA-2017-130148,632.53302,credit_card,5
CA-2017-130211,108.935997,credit_card,10
CA-2017-130302,8.720000267,credit_card,8
CA-2017-130309,107.7720032,credit_card,10
CA-2017-130351,643.8839722,credit_card,1
CA-2017-130386,167.5800018,debit_card,8
CA-2017-130505,149.9700012,credit_card,5
CA-2017-130526,21.12000084,credit_card,4
CA-2017-130631,51.29600143,credit_card,2
CA-2017-130715,449.1000061,credit_card,1
CA-2017-130764,66.91799927,debit_card,1
CA-2017-130771,63.79999924,credit_card,3
CA-2017-130834,36.56000137,credit_card,1
CA-2017-130841,189.3000031,debit_card,1
CA-2017-130904,534.59198,credit_card,4
CA-2017-130967,791.9639893,credit_card,5
CA-2017-131016,84.86000061,credit_card,5
CA-2017-131037,90.23999786,credit_card,8
CA-2017-131156,79.77999878,credit_card,3
CA-2017-131212,532.4639893,credit_card,2
CA-2017-131233,78.95999908,credit_card,4
CA-2017-131282,814.8200073,credit_card,2
CA-2017-131303,173.2400055,credit_card,6
CA-2017-131366,211.5599976,credit_card,5
CA-2017-131492,629.0540161,credit_card,2
CA-2017-131618,33.09199905,credit_card,3
CA-2017-131625,116,credit_card,8
CA-2017-131632,14.61999989,credit_card,8
CA-2017-131653,136.2599945,credit_card,1
CA-2017-131695,43.42599869,debit_card,8
CA-2017-131807,742.9920044,credit_card,3
CA-2017-131828,32.47000122,credit_card,2
CA-2017-131954,1707.276001,credit_card,2
CA-2017-132122,13.71000004,credit_card,1
CA-2017-132178,217.7120056,credit_card,2
CA-2017-132185,373.4400024,credit_card,1
CA-2017-132199,449.321991,credit_card,3
CA-2017-132213,80.19999695,credit_card,8
CA-2017-132234,168.4640045,credit_card,8
CA-2017-132262,30.65999985,credit_card,5
CA-2017-132290,38.04000092,credit_card,8
CA-2017-132339,223.0559998,credit_card,3
CA-2017-132346,841.5679932,credit_card,4
CA-2017-132353,9.819999695,credit_card,5
CA-2017-132437,31.36000061,credit_card,4
CA-2017-132521,608.815979,credit_card,3
CA-2017-132584,10.10999966,credit_card,1
CA-2017-132619,261.7399902,credit_card,6
CA-2017-132647,548.3980103,credit_card,1
CA-2017-132682,433.9039917,credit_card,10
CA-2017-132738,48.91199875,credit_card,8
CA-2017-132934,144.7599945,credit_card,1
CA-2017-132955,35.7120018,credit_card,1
CA-2017-132976,419.1000061,credit_card,3
CA-2017-133004,2.890000105,credit_card,2
CA-2017-133046,296.0920105,debit_card,5
CA-2017-133067,45.26399994,credit_card,3
CA-2017-133074,12.96000004,credit_card,2
CA-2017-133095,395.8190002,credit_card,5
CA-2017-133102,291.2319946,credit_card,1
CA-2017-133207,183.371994,debit_card,8
CA-2017-133235,199.9600067,credit_card,1
CA-2017-133249,22.84799957,credit_card,3
CA-2017-133256,1201.319946,credit_card,9
CA-2017-133263,122.2839966,credit_card,5
CA-2017-133333,73.34400177,credit_card,2
CA-2017-133431,115.8799973,debit_card,2
CA-2017-133487,2799.959961,credit_card,9
CA-2017-133501,31.95999908,credit_card,8
CA-2017-133620,62.35200119,credit_card,2
CA-2017-133641,431.9760132,credit_card,1
CA-2017-133648,216.7839966,credit_card,4
CA-2017-133718,68.61599731,debit_card,8
CA-2017-133823,143.9219971,credit_card,5
CA-2017-133865,6.159999847,debit_card,1
CA-2017-133928,431.9760132,credit_card,2
CA-2017-134096,176.5200043,credit_card,3
CA-2017-134152,1209.972046,voucher,1
CA-2017-134194,1414.387939,credit_card,3
CA-2017-134285,1396.755981,credit_card,1
CA-2017-134306,294.6600037,credit_card,5
CA-2017-134404,314.2739868,credit_card,6
CA-2017-134418,40.99000168,credit_card,2
CA-2017-134439,34.58000183,credit_card,10
CA-2017-134495,519.09198,credit_card,6
CA-2017-134565,2224.855957,voucher,7
CA-2017-134607,16,credit_card,1
CA-2017-134635,88.08000183,credit_card,2
CA-2017-134649,854.8800049,credit_card,4
CA-2017-134796,242.352005,credit_card,6
CA-2017-134810,55.72800064,credit_card,6
CA-2017-134838,523.1489868,credit_card,3
CA-2017-134845,325.0159912,credit_card,3
CA-2017-134880,9.960000038,debit_card,10
CA-2017-134915,988.6760254,credit_card,3
CA-2017-134978,1352.031982,credit_card,4
CA-2017-135034,40.17599869,credit_card,5
CA-2017-135069,55.95999908,credit_card,6
CA-2017-135076,123.2559967,credit_card,6
CA-2017-135111,500.2160034,debit_card,2
CA-2017-135167,11.06999969,credit_card,3
CA-2017-135279,968.1660156,debit_card,10
CA-2017-135307,32.27199936,voucher,1
CA-2017-135377,4.920000076,credit_card,8
CA-2017-135587,411.0100098,credit_card,3
CA-2017-135650,19.35000038,credit_card,1
CA-2017-135692,618.9039917,credit_card,2
CA-2017-135783,36.62400055,credit_card,8
CA-2017-135860,1561.355591,credit_card,1
CA-2017-135909,370.1440125,credit_card,1
CA-2017-135937,1590.952026,credit_card,10
CA-2017-136000,100,credit_card,1
CA-2017-136007,223.6399994,credit_card,2
CA-2017-136063,14.25599957,debit_card,1
CA-2017-136238,18.54000092,credit_card,1
CA-2017-136308,105.5199966,credit_card,1
CA-2017-136350,371.5039978,credit_card,2
CA-2017-136364,25.59700012,debit_card,4
CA-2017-136448,1097.645996,credit_card,2
CA-2017-136497,45.84000015,debit_card,1
CA-2017-136511,14.03999996,debit_card,4
CA-2017-136539,136.5039978,credit_card,10
CA-2017-136609,44.7840004,credit_card,2
CA-2017-136623,50.63999939,credit_card,2
CA-2017-136651,152.2400055,credit_card,1
CA-2017-136672,37.68000031,credit_card,3
CA-2017-136826,6.239999771,credit_card,1
CA-2017-136875,310.1199951,credit_card,7
CA-2017-136882,48.68999863,credit_card,2
CA-2017-137001,18.52799988,debit_card,1
CA-2017-137022,31.55999947,credit_card,8
CA-2017-137085,1127.975952,credit_card,1
CA-2017-137099,91.95999908,credit_card,1
CA-2017-137323,33.56800079,credit_card,3
CA-2017-137344,1040.800049,credit_card,6
CA-2017-137365,238,credit_card,5
CA-2017-137414,54.2480011,credit_card,10
CA-2017-137421,1287.449951,credit_card,4
CA-2017-137428,3187.345947,credit_card,5
CA-2017-137449,141.7339935,credit_card,10
CA-2017-137456,11.97599983,credit_card,1
CA-2017-137470,161.5679932,credit_card,10
CA-2017-137498,112.9680023,credit_card,8
CA-2017-137505,109.9499969,debit_card,1
CA-2017-137582,137.352005,debit_card,2
CA-2017-137596,2769.360107,debit_card,10
CA-2017-137624,6.984000206,debit_card,10
CA-2017-137631,15.2159996,credit_card,5
CA-2017-137785,39.88000107,debit_card,3
CA-2017-137876,66.27799988,credit_card,2
CA-2017-138149,1544.504028,credit_card,3
CA-2017-138156,21.93000031,credit_card,1
CA-2017-138163,99.98000336,credit_card,2
CA-2017-138289,412.8880005,credit_card,1
CA-2017-138310,83.95200348,credit_card,7
CA-2017-138380,78.27200317,credit_card,1
CA-2017-138422,30.38400078,debit_card,9
CA-2017-138464,362.0039978,credit_card,10
CA-2017-138548,19.95999908,credit_card,4
CA-2017-138611,716.1439819,credit_card,5
CA-2017-138618,1454.900024,debit_card,2
CA-2017-138779,15.58399963,credit_card,10
CA-2017-138870,69.19999695,credit_card,5
CA-2017-138975,442.1159973,credit_card,3
CA-2017-139080,1032.072021,credit_card,8
CA-2017-139199,730.7440186,credit_card,1
CA-2017-139311,788.6240234,credit_card,1
CA-2017-139353,601.7020264,credit_card,10
CA-2017-139402,49.88000107,credit_card,3
CA-2017-139416,7.895999908,credit_card,3
CA-2017-139437,767.9520264,credit_card,3
CA-2017-139444,723.9199829,credit_card,3
CA-2017-139493,892.223999,credit_card,5
CA-2017-139619,4.368000031,credit_card,8
CA-2017-139661,19.44000053,credit_card,3
CA-2017-139717,52.52000046,credit_card,10
CA-2017-139773,16.68000031,credit_card,1
CA-2017-139787,46.52999878,credit_card,10
CA-2017-139822,990.9180298,credit_card,2
CA-2017-139913,167.6880035,credit_card,10
CA-2017-139948,4899.930176,credit_card,2
CA-2017-140053,65.56800079,credit_card,2
CA-2017-140088,3.380000114,credit_card,5
CA-2017-140151,126.6999969,credit_card,12
CA-2017-140186,1689.218018,credit_card,1
CA-2017-140242,602.6279907,credit_card,3
CA-2017-140298,997.9539795,credit_card,3
CA-2017-140326,405.0679932,voucher,8
CA-2017-140480,117.6640015,credit_card,2
CA-2017-140494,7.992000103,credit_card,1
CA-2017-140508,599.9699707,credit_card,3
CA-2017-140515,40.74000168,credit_card,1
CA-2017-140536,8.279999733,credit_card,8
CA-2017-140585,104.1139984,debit_card,2
CA-2017-140676,27.47999954,credit_card,1
CA-2017-140760,483.4299927,credit_card,8
CA-2017-140781,12.96000004,credit_card,7
CA-2017-140802,88.18800354,credit_card,3
CA-2017-140844,1161.93396,credit_card,1
CA-2017-140872,2270.970947,debit_card,10
CA-2017-140949,3806.137939,credit_card,7
CA-2017-140963,5293.540039,credit_card,5
CA-2017-141103,172.7039948,debit_card,2
CA-2017-141117,1106.540039,credit_card,5
CA-2017-141138,4.730000019,credit_card,10
CA-2017-141201,12.95699978,credit_card,10
CA-2017-141425,6.743999958,credit_card,7
CA-2017-141439,1593.592041,credit_card,2
CA-2017-141446,101.5199966,debit_card,6
CA-2017-141481,22.36800003,credit_card,4
CA-2017-141572,1.440000057,credit_card,3
CA-2017-141614,82.65599823,credit_card,4
CA-2017-141663,95.97000122,credit_card,4
CA-2017-141705,10.15999985,credit_card,10
CA-2017-141719,1399.930054,credit_card,1
CA-2017-141733,491.4184875,debit_card,2
CA-2017-141747,9.539999962,credit_card,4
CA-2017-141782,12.88000011,debit_card,3
CA-2017-141873,1011.75,credit_card,10
CA-2017-141929,115.8799973,credit_card,3
CA-2017-141992,300.5799866,credit_card,2
CA-2017-142034,173.4839935,debit_card,1
CA-2017-142090,33.43199921,credit_card,7
CA-2017-142125,184.0679932,credit_card,2
CA-2017-142174,287.9100037,credit_card,5
CA-2017-142293,2591.560059,credit_card,5
CA-2017-142328,1317.491943,credit_card,8
CA-2017-142342,551.2340088,credit_card,1
CA-2017-142461,705.5440063,credit_card,2
CA-2017-142489,221.0240021,credit_card,4
CA-2017-142622,951.3939819,credit_card,8
CA-2017-142636,291.3699951,credit_card,3
CA-2017-142643,157.0319977,voucher,10
CA-2017-142671,241.5,debit_card,1
CA-2017-142776,33.49200058,credit_card,3
CA-2017-142867,92.56199646,credit_card,17
CA-2017-142888,31.68000031,credit_card,2
CA-2017-142909,11.96000004,credit_card,5
CA-2017-143021,44.9280014,credit_card,8
CA-2017-143035,1575.843994,credit_card,3
CA-2017-143063,175.2259979,credit_card,2
CA-2017-143084,81.91999817,debit_card,4
CA-2017-143112,1286.934814,credit_card,5
CA-2017-143126,279.8999939,debit_card,10
CA-2017-143217,110.1100006,credit_card,6
CA-2017-143245,81.95999908,credit_card,2
CA-2017-143252,280.4400024,credit_card,3
CA-2017-143259,772.9819946,debit_card,2
CA-2017-143294,125.9899979,credit_card,2
CA-2017-143329,64.12000275,credit_card,8
CA-2017-143343,17.30999947,credit_card,4
CA-2017-143378,523.2719727,credit_card,10
CA-2017-143434,32.23199844,credit_card,3
CA-2017-143455,51.9679985,credit_card,3
CA-2017-143567,1901.718994,credit_card,6
CA-2017-143574,157.9440002,credit_card,10
CA-2017-143651,1565.880005,credit_card,2
CA-2017-143658,91.91999817,credit_card,2
CA-2017-143665,138.2700043,credit_card,4
CA-2017-143686,351.1019897,credit_card,10
CA-2017-143756,50.93999863,credit_card,8
CA-2017-143798,256.9920044,credit_card,6
CA-2017-143861,29.36000061,debit_card,2
CA-2017-144036,71.12000275,credit_card,5
CA-2017-144064,2407.320068,credit_card,3
CA-2017-144225,6.079999924,credit_card,4
CA-2017-144365,61.43999863,credit_card,2
CA-2017-144456,172.3760071,credit_card,3
CA-2017-144463,3.200000048,credit_card,1
CA-2017-144484,64.36799622,credit_card,3
CA-2017-144491,1232.771973,credit_card,4
CA-2017-144526,29.43199921,credit_card,8
CA-2017-144568,17.89999962,credit_card,2
CA-2017-144589,21.6420002,credit_card,2
CA-2017-144596,37.00799942,credit_card,10
CA-2017-144638,2237.172119,credit_card,10
CA-2017-144680,18.47999954,credit_card,5
CA-2017-144694,72.40000153,credit_card,10
CA-2017-144750,14.47999954,credit_card,3
CA-2017-144820,479.9519958,credit_card,1
CA-2017-144827,160.9600067,debit_card,6
CA-2017-144848,449.9360046,credit_card,4
CA-2017-144862,237.0879974,credit_card,5
CA-2017-144904,2285.805908,credit_card,1
CA-2017-144932,782.25,credit_card,10
CA-2017-145037,175.423996,credit_card,1
CA-2017-145093,127.9840012,credit_card,10
CA-2017-145128,2.328000069,credit_card,3
CA-2017-145142,99.68000031,credit_card,3
CA-2017-145219,46.85599899,credit_card,3
CA-2017-145226,1842.465942,credit_card,1
CA-2017-145233,726.6959839,credit_card,8
CA-2017-145275,30.82799911,credit_card,10
CA-2017-145310,19.39999962,credit_card,2
CA-2017-145338,9.295999527,credit_card,6
CA-2017-145443,999.960022,credit_card,2
CA-2017-145506,7.06799984,credit_card,2
CA-2017-145653,109.4800034,debit_card,1
CA-2017-145660,191.8200073,credit_card,4
CA-2017-145702,126.7639999,credit_card,5
CA-2017-145737,431.9760132,credit_card,4
CA-2017-145765,507.2999878,credit_card,10
CA-2017-145772,733.5960083,credit_card,4
CA-2017-145779,13.96000004,credit_card,8
CA-2017-145807,3.167999983,credit_card,6
CA-2017-145877,278.3320007,debit_card,7
CA-2017-145884,897.5440063,credit_card,8
CA-2017-146024,232.9640045,credit_card,1
CA-2017-146031,5.639999866,credit_card,8
CA-2017-146136,643.1359863,credit_card,1
CA-2017-146164,1022.01001,credit_card,3
CA-2017-146185,629.9500122,credit_card,4
CA-2017-146192,355.3200073,credit_card,1
CA-2017-146269,56.90000153,credit_card,5
CA-2017-146346,12.67199993,credit_card,4
CA-2017-146360,254.352005,credit_card,6
CA-2017-146367,896.9899902,credit_card,1
CA-2017-146458,274.8900146,credit_card,3
CA-2017-146493,210.5639954,credit_card,1
CA-2017-146535,86.81600189,credit_card,10
CA-2017-146626,116.2799988,credit_card,1
CA-2017-146724,623.960022,credit_card,8
CA-2017-146780,145.8999939,voucher,3
CA-2017-146920,863.4760132,debit_card,1
CA-2017-146983,19.77599907,credit_card,3
CA-2017-147032,120.2580032,credit_card,3
CA-2017-147039,46.63600159,credit_card,1
CA-2017-147144,107.9700012,credit_card,3
CA-2017-147207,2877.303955,credit_card,2
CA-2017-147228,1178.284058,credit_card,3
CA-2017-147277,560.8499756,credit_card,10
CA-2017-147291,10.82400036,debit_card,8
CA-2017-147333,347.4700012,credit_card,1
CA-2017-147361,558.7999878,credit_card,7
CA-2017-147410,205.1759949,credit_card,4
CA-2017-147452,105.7699966,credit_card,8
CA-2017-147550,39.97999954,credit_card,8
CA-2017-147564,53.2480011,credit_card,10
CA-2017-147725,6.480000019,debit_card,3
CA-2017-147760,311.7600098,debit_card,2
CA-2017-147767,5.93599987,credit_card,2
CA-2017-147844,2515.980957,credit_card,5
CA-2017-147942,1401.119995,credit_card,3
CA-2017-147956,1272.630005,credit_card,4
CA-2017-148068,198.7519989,credit_card,1
CA-2017-148138,52.51200104,credit_card,3
CA-2017-148145,9.656000137,credit_card,8
CA-2017-148166,32.66999817,credit_card,2
CA-2017-148264,389.5820007,credit_card,1
CA-2017-148320,25.05999947,credit_card,2
CA-2017-148355,134.1199951,credit_card,2
CA-2017-148404,739.6439819,debit_card,4
CA-2017-148411,142.3000031,credit_card,1
CA-2017-148446,19.89999962,debit_card,5
CA-2017-148474,300.6700134,credit_card,8
CA-2017-148642,975.8880005,credit_card,2
CA-2017-148691,194.6040039,credit_card,1
CA-2017-148810,341.4880066,debit_card,8
CA-2017-148922,574.0040283,debit_card,1
CA-2017-148929,22.95999908,credit_card,2
CA-2017-148985,23.96800041,credit_card,4
CA-2017-148992,17.52000046,credit_card,4
CA-2017-148999,408.006012,credit_card,3
CA-2017-149048,116.7839966,credit_card,8
CA-2017-149076,20.73600006,credit_card,8
CA-2017-149146,1.720000029,credit_card,2
CA-2017-149160,262.5299988,credit_card,10
CA-2017-149181,51.45000076,credit_card,8
CA-2017-149468,89.76799774,credit_card,2
CA-2017-149489,70.34400177,credit_card,10
CA-2017-149559,147.6799927,credit_card,2
CA-2017-149699,1704.560059,credit_card,1
CA-2017-149706,95.73600006,credit_card,1
CA-2017-149720,563.2399902,credit_card,6
CA-2017-149853,831.0460205,voucher,1
CA-2017-149881,914.6920166,credit_card,1
CA-2017-149888,821.2700195,credit_card,1
CA-2017-149895,17.13999939,credit_card,1
CA-2017-149944,75.29599762,credit_card,4
CA-2017-150091,1402.345947,credit_card,3
CA-2017-150189,17.92000008,credit_card,1
CA-2017-150266,1369.396973,credit_card,4
CA-2017-150420,9.56799984,debit_card,2
CA-2017-150469,180.9600067,credit_card,7
CA-2017-150497,299.9700012,credit_card,1
CA-2017-150504,17.63999939,credit_card,2
CA-2017-150525,232.6320038,credit_card,3
CA-2017-150602,28.13999939,debit_card,5
CA-2017-150609,27.87999916,debit_card,5
CA-2017-150623,628.2479858,credit_card,5
CA-2017-150707,638.2880249,credit_card,1
CA-2017-150910,8253.847656,credit_card,2
CA-2017-150931,646.2719727,credit_card,3
CA-2017-150959,141.0399933,credit_card,3
CA-2017-151008,58.88000107,credit_card,1
CA-2017-151071,10.27200031,credit_card,1
CA-2017-151176,187.904007,debit_card,1
CA-2017-151183,39.97999954,credit_card,2
CA-2017-151190,35.16799927,credit_card,2
CA-2017-151211,28.37999916,credit_card,3
CA-2017-151218,17.12000084,credit_card,2
CA-2017-151225,131.8320007,credit_card,4
CA-2017-151281,430.8800049,debit_card,6
CA-2017-151358,497.6099854,credit_card,2
CA-2017-151428,13.90400028,debit_card,2
CA-2017-151484,1827.063965,credit_card,1
CA-2017-151596,218.352005,credit_card,2
CA-2017-151750,1352.495972,credit_card,12
CA-2017-151799,11900.06836,credit_card,2
CA-2017-151855,44.52299881,debit_card,2
CA-2017-151911,71.97599792,credit_card,1
CA-2017-151981,81.26599884,credit_card,8
CA-2017-152079,16.23999977,credit_card,10
CA-2017-152093,200.9839935,credit_card,10
CA-2017-152135,25.11000061,credit_card,6
CA-2017-152142,122.9400024,debit_card,2
CA-2017-152198,698.3800049,credit_card,1
CA-2017-152205,12.56000042,credit_card,5
CA-2017-152226,80.95999908,credit_card,3
CA-2017-152261,843.9000244,credit_card,2
CA-2017-152275,707.8800049,credit_card,1
CA-2017-152310,270.0079956,credit_card,10
CA-2017-152436,6.239999771,debit_card,1
CA-2017-152499,219.1600037,credit_card,8
CA-2017-152583,154.8200073,credit_card,8
CA-2017-152660,35.27999878,credit_card,2
CA-2017-152695,175.1399994,credit_card,8
CA-2017-152702,71.97599792,credit_card,5
CA-2017-152709,182.9940033,credit_card,8
CA-2017-152737,276.4590149,credit_card,3
CA-2017-152786,117.9599991,debit_card,1
CA-2017-152807,245.3860016,debit_card,3
CA-2017-152912,221.6679993,credit_card,3
CA-2017-152926,514.9959717,credit_card,6
CA-2017-152933,436.1260071,credit_card,4
CA-2017-152961,7.380000114,credit_card,4
CA-2017-152968,62.04000092,credit_card,8
CA-2017-153045,284.5780029,credit_card,2
CA-2017-153080,34.86000061,credit_card,1
CA-2017-153227,158.3760071,credit_card,4
CA-2017-153339,39.47999954,credit_card,2
CA-2017-153654,4.09499979,credit_card,3
CA-2017-153787,501.8099976,credit_card,6
CA-2017-153822,760.9899902,credit_card,2
CA-2017-153843,122.9540024,credit_card,2
CA-2017-153871,358.6300049,credit_card,6
CA-2017-154011,151.776001,voucher,8
CA-2017-154039,51.41199875,credit_card,5
CA-2017-154074,484.3510132,credit_card,2
CA-2017-154088,2.687999964,credit_card,10
CA-2017-154102,151.9199982,credit_card,5
CA-2017-154109,444.480011,credit_card,1
CA-2017-154116,1870.459961,credit_card,2
CA-2017-154123,15.96000004,credit_card,10
CA-2017-154137,41.40000153,credit_card,8
CA-2017-154214,28.75200081,credit_card,8
CA-2017-154410,683.9520264,credit_card,1
CA-2017-154466,32.40000153,debit_card,1
CA-2017-154501,8.607999802,credit_card,5
CA-2017-154676,57.75,credit_card,2
CA-2017-154718,1.475999951,credit_card,1
CA-2017-154732,679.960022,credit_card,7
CA-2017-154760,9.156000137,credit_card,3
CA-2017-154809,88.04000092,credit_card,8
CA-2017-154816,13.2159996,debit_card,4
CA-2017-154907,14.76000023,credit_card,1
CA-2017-154935,11.43000031,credit_card,1
CA-2017-154949,320.6400146,credit_card,3
CA-2017-155047,47.90399933,voucher,3
CA-2017-155075,5.892000198,credit_card,5
CA-2017-155152,199.9499969,credit_card,3
CA-2017-155159,1516.199951,credit_card,2
CA-2017-155292,176.3320007,credit_card,1
CA-2017-155362,80.99099731,debit_card,1
CA-2017-155376,37.90999985,credit_card,10
CA-2017-155460,287.3039856,credit_card,2
CA-2017-155558,179.0500031,credit_card,8
CA-2017-155607,838.3300171,credit_card,2
CA-2017-155621,75.36000061,credit_card,2
CA-2017-155642,2483.879883,credit_card,10
CA-2017-155698,246.4600067,credit_card,4
CA-2017-155705,31.15200043,credit_card,10
CA-2017-155712,69.88800049,credit_card,1
CA-2017-155740,161.3760071,credit_card,4
CA-2017-155824,876.7700195,credit_card,4
CA-2017-155880,243.2879944,credit_card,3
CA-2017-155936,431.1359863,credit_card,1
CA-2017-155957,124.2399979,credit_card,5
CA-2017-155985,87.70999908,debit_card,2
CA-2017-156139,30.69000053,debit_card,4
CA-2017-156237,2159.966064,credit_card,1
CA-2017-156272,3.167999983,credit_card,2
CA-2017-156363,53.11999893,credit_card,1
CA-2017-156391,62.01599884,debit_card,4
CA-2017-156412,11.95199966,credit_card,8
CA-2017-156622,1540.933838,debit_card,5
CA-2017-156664,130.3800049,credit_card,8
CA-2017-156720,8.880000114,credit_card,6
CA-2017-156769,20.31999969,credit_card,1
CA-2017-156776,1529.839966,credit_card,2
CA-2017-156818,6.539999962,debit_card,3
CA-2017-156951,12035.46191,credit_card,5
CA-2017-156958,1250.355957,voucher,10
CA-2017-157091,100.7040024,credit_card,10
CA-2017-157112,318,credit_card,10
CA-2017-157252,868.5900269,credit_card,1
CA-2017-157273,15.55200005,credit_card,2
CA-2017-157350,28.44000053,credit_card,3
CA-2017-157413,35.06000137,debit_card,6
CA-2017-157420,88.76799774,debit_card,4
CA-2017-157448,551.1539917,credit_card,2
CA-2017-157469,40,debit_card,5
CA-2017-157483,31.15500069,credit_card,1
CA-2017-157651,2518.290039,credit_card,4
CA-2017-157672,118.9899979,voucher,2
CA-2017-157833,186.3040009,credit_card,5
CA-2017-157854,22.46999931,credit_card,4
CA-2017-157903,198.2720032,credit_card,1
CA-2017-157931,42.72600174,credit_card,7
CA-2017-157966,5385.339844,credit_card,6
CA-2017-157980,1.233999968,credit_card,2
CA-2017-157987,5157.64209,credit_card,8
CA-2017-158036,29.30400085,debit_card,3
CA-2017-158071,2038.634033,credit_card,2
CA-2017-158106,31.04999924,credit_card,1
CA-2017-158120,22.09199905,credit_card,8
CA-2017-158169,20.7840004,debit_card,2
CA-2017-158246,662.8400269,credit_card,2
CA-2017-158344,18.20000076,credit_card,8
CA-2017-158379,458.4020081,credit_card,1
CA-2017-158386,290.6659851,credit_card,2
CA-2017-158407,1023.468018,debit_card,5
CA-2017-158561,1043.920044,credit_card,2
CA-2017-158673,53.72000122,credit_card,10
CA-2017-158729,14.27999973,credit_card,8
CA-2017-158736,18.54000092,credit_card,2
CA-2017-158743,1840.55603,credit_card,1
CA-2017-158876,1016.633972,credit_card,3
CA-2017-158883,31.99200058,credit_card,10
CA-2017-158953,5.606999874,debit_card,2
CA-2017-158967,155.371994,credit_card,1
CA-2017-159100,198.1660004,credit_card,1
CA-2017-159107,42.24000168,credit_card,5
CA-2017-159135,376.8659973,credit_card,4
CA-2017-159149,318.2799988,credit_card,4
CA-2017-159156,13.94400024,debit_card,10
CA-2017-159226,167.9680023,credit_card,4
CA-2017-159282,167.7599945,credit_card,1
CA-2017-159352,24.89999962,credit_card,4
CA-2017-159366,30,credit_card,5
CA-2017-159457,170.7859955,credit_card,2
CA-2017-159464,708.1480103,credit_card,1
CA-2017-159506,38.43999863,credit_card,8
CA-2017-159597,2024.880005,credit_card,4
CA-2017-159604,89.90000153,credit_card,10
CA-2017-159667,474.1300049,credit_card,2
CA-2017-159688,34.08000183,debit_card,5
CA-2017-159793,494.3760071,credit_card,3
CA-2017-159954,14,credit_card,1
CA-2017-160017,998.8499756,credit_card,8
CA-2017-160031,60.72000122,credit_card,1
CA-2017-160045,94.84999847,credit_card,1
CA-2017-160087,34.50400162,debit_card,8
CA-2017-160122,97.37000275,credit_card,1
CA-2017-160325,458.4240112,credit_card,2
CA-2017-160395,32.31999969,debit_card,3
CA-2017-160416,35.88999939,credit_card,12
CA-2017-160423,341.9760132,credit_card,5
CA-2017-160458,231.7200012,credit_card,1
CA-2017-160514,496.8599854,credit_card,10
CA-2017-160633,408.5100098,credit_card,2
CA-2017-160661,12.96000004,credit_card,6
CA-2017-160724,20.54400063,credit_card,8
CA-2017-160801,93.01999664,credit_card,8
CA-2017-160885,95.97599792,credit_card,1
CA-2017-160899,8.720000267,credit_card,1
CA-2017-160927,440.5939941,credit_card,8
CA-2017-160934,208.4400024,credit_card,3
CA-2017-160962,184.0079956,credit_card,3
CA-2017-160983,13.47999954,credit_card,6
CA-2017-161018,85.30000305,credit_card,1
CA-2017-161046,724.1259766,credit_card,5
CA-2017-161053,269.8500061,credit_card,3
CA-2017-161067,1980.004028,credit_card,2
CA-2017-161088,10.36800003,credit_card,8
CA-2017-161102,201.6000061,credit_card,2
CA-2017-161130,9.336000443,credit_card,7
CA-2017-161172,1343.427979,credit_card,4
CA-2017-161200,1023.976013,credit_card,3
CA-2017-161333,1099.531982,credit_card,1
CA-2017-161340,433.769989,credit_card,1
CA-2017-161410,19.45599937,credit_card,8
CA-2017-161459,121.4120026,voucher,2
CA-2017-161480,40.7840004,credit_card,8
CA-2017-161557,3.519999981,credit_card,3
CA-2017-161578,350.9760132,credit_card,5
CA-2017-161592,164.8800049,credit_card,2
CA-2017-161655,11.95199966,credit_card,2
CA-2017-161739,21.87999916,credit_card,10
CA-2017-161774,1529.68396,credit_card,8
CA-2017-161809,20.34000015,debit_card,1
CA-2017-161823,769.184021,credit_card,7
CA-2017-161851,179.9400024,voucher,2
CA-2017-161893,151.7319946,credit_card,6
CA-2017-161956,1355.453979,credit_card,6
CA-2017-161970,14313.13574,debit_card,2
CA-2017-161984,213.9680023,debit_card,2
CA-2017-162015,4044.320068,credit_card,2
CA-2017-162033,261.9760132,credit_card,4
CA-2017-162075,3.150000095,debit_card,6
CA-2017-162096,11.41600037,credit_card,2
CA-2017-162173,591.8880005,credit_card,6
CA-2017-162250,99.98000336,credit_card,10
CA-2017-162474,1.248000026,credit_card,2
CA-2017-162481,362.0960083,credit_card,2
CA-2017-162572,72.35600281,credit_card,3
CA-2017-162635,8749.950195,credit_card,2
CA-2017-162712,631.7819824,debit_card,10
CA-2017-162789,32.70000076,credit_card,2
CA-2017-162880,97.44000244,credit_card,1
CA-2017-162929,93.63999939,credit_card,1
CA-2017-162936,1640.699951,credit_card,3
CA-2017-162978,265.6224976,credit_card,6
CA-2017-163006,196.4450073,credit_card,4
CA-2017-163020,9.779999733,credit_card,2
CA-2017-163069,199.9799957,credit_card,1
CA-2017-163097,108.9199982,credit_card,2
CA-2017-163125,146.3840027,credit_card,3
CA-2017-163160,449.8200073,credit_card,2
CA-2017-163188,20.04000092,credit_card,10
CA-2017-163209,228.2640076,credit_card,5
CA-2017-163321,14.76000023,credit_card,3
CA-2017-163335,360.8760071,credit_card,3
CA-2017-163405,977.4240112,credit_card,10
CA-2017-163510,219.9219971,credit_card,4
CA-2017-163531,13.52000046,credit_card,1
CA-2017-163566,563.9400024,credit_card,4
CA-2017-163629,1760.27002,credit_card,5
CA-2017-163671,32.95999908,debit_card,4
CA-2017-163692,5.820000172,credit_card,10
CA-2017-163818,154.7640076,voucher,2
CA-2017-163860,2502.815918,credit_card,1
CA-2017-163902,117.2799988,debit_card,1
CA-2017-163979,45.58399963,credit_card,8
CA-2017-164000,11.21399975,credit_card,1
CA-2017-164042,299.3479919,credit_card,2
CA-2017-164049,62.93999863,debit_card,5
CA-2017-164098,378,credit_card,10
CA-2017-164112,139.8600006,credit_card,1
CA-2017-164168,353.4060059,credit_card,2
CA-2017-164329,47.98400116,credit_card,3
CA-2017-164364,220.4440002,credit_card,7
CA-2017-164378,475.0299988,credit_card,10
CA-2017-164707,189.9199982,credit_card,2
CA-2017-164756,1356.869019,credit_card,1
CA-2017-164819,77.58000183,credit_card,8
CA-2017-164826,101.6719971,credit_card,6
CA-2017-164917,210.0079956,credit_card,4
CA-2017-164959,209.9400024,credit_card,2
CA-2017-165008,6.480000019,credit_card,9
CA-2017-165029,2036.859985,credit_card,9
CA-2017-165099,13.39999962,credit_card,2
CA-2017-165155,89.94999695,credit_card,5
CA-2017-165204,130.6560059,credit_card,3
CA-2017-165323,268.5,debit_card,3
CA-2017-165386,257.6400146,credit_card,6
CA-2017-165491,279.9440002,credit_card,2
CA-2017-165603,59.91999817,credit_card,10
CA-2017-165687,5.880000114,credit_card,1
CA-2017-165715,29.21999931,credit_card,6
CA-2017-165757,88.50800323,credit_card,3
CA-2017-165841,68.1740036,credit_card,8
CA-2017-165904,51.27899933,credit_card,1
CA-2017-166093,1504.910034,credit_card,2
CA-2017-166128,2559.060059,credit_card,2
CA-2017-166142,77.53800201,credit_card,5
CA-2017-166184,188.3800049,debit_card,3
CA-2017-166198,361.1700134,credit_card,10
CA-2017-166296,170.1360016,credit_card,10
CA-2017-166317,616.8480225,credit_card,5
CA-2017-166436,177.8800049,credit_card,3
CA-2017-166499,583.7999878,credit_card,1
CA-2017-166695,570.1079712,credit_card,2
CA-2017-166709,22.36800003,credit_card,6
CA-2017-166835,5.679999828,credit_card,10
CA-2017-166849,73.1760025,credit_card,10
CA-2017-166856,140.3600006,credit_card,10
CA-2017-166898,105.2720032,credit_card,2
CA-2017-166919,11.22000027,credit_card,2
CA-2017-166926,608.5200195,credit_card,10
CA-2017-166933,33.52799988,credit_card,7
CA-2017-167003,20.31999969,debit_card,4
CA-2017-167080,75.05999756,credit_card,10
CA-2017-167094,965.1680298,debit_card,2
CA-2017-167101,928.7700195,credit_card,2
CA-2017-167150,294.1520081,debit_card,2
CA-2017-167227,2686.665039,credit_card,3
CA-2017-167381,11.69999981,voucher,10
CA-2017-167542,5.800000191,credit_card,1
CA-2017-167549,895.9199829,debit_card,4
CA-2017-167626,83.26399994,credit_card,3
CA-2017-167640,2052.511963,credit_card,3
CA-2017-167661,577.026001,credit_card,2
CA-2017-167668,71.63200378,credit_card,1
CA-2017-167703,945.8560181,credit_card,4
CA-2017-167752,572.7280273,credit_card,7
CA-2017-167871,37.60800171,credit_card,3
CA-2017-167899,89.63200378,credit_card,2
CA-2017-167913,167.0480042,credit_card,2
CA-2017-167941,985.6439819,credit_card,2
CA-2017-167976,6.989999771,credit_card,1
CA-2017-168102,812.7360229,credit_card,10
CA-2017-168109,535.5200195,credit_card,1
CA-2017-168123,3017.045898,credit_card,2
CA-2017-168172,128.0579987,credit_card,1
CA-2017-168179,8.819999695,credit_card,4
CA-2017-168193,715.8400269,credit_card,1
CA-2017-168228,117.8960037,credit_card,2
CA-2017-168389,1208.449951,credit_card,2
CA-2017-168396,24.08799934,credit_card,3
CA-2017-168403,62.7480011,credit_card,4
CA-2017-168641,1239.040039,credit_card,10
CA-2017-168655,20.30400085,credit_card,1
CA-2017-168739,535.4099731,credit_card,1
CA-2017-168837,6.984000206,credit_card,1
CA-2017-168858,90.54399872,credit_card,5
CA-2017-168900,5.940000057,credit_card,8
CA-2017-168942,71.98000336,credit_card,3
CA-2017-169005,2.039999962,debit_card,2
CA-2017-169012,21.55200005,credit_card,2
CA-2017-169054,305.3120117,credit_card,3
CA-2017-169124,2.286000013,credit_card,10
CA-2017-169264,579.9199829,credit_card,8
CA-2017-169285,1790.982056,credit_card,5
CA-2017-169327,403.5939941,credit_card,6
CA-2017-169362,572.1599731,credit_card,5
CA-2017-169404,17.90399933,voucher,5
CA-2017-169411,32.98500061,debit_card,5
CA-2017-169439,12.26000023,credit_card,3
CA-2017-169474,72.63999939,credit_card,2
CA-2017-169607,39.87900162,credit_card,8
CA-2017-169691,212.1360016,debit_card,4
CA-2017-169810,17.94000053,credit_card,10
CA-2017-169817,1087.936035,credit_card,5
CA-2017-169859,609.4359741,credit_card,8
CA-2017-169894,477.4460144,credit_card,5
CA-2017-169901,697.1599731,credit_card,3
CA-2017-169929,99.48799896,credit_card,10
CA-2017-169978,1477.18396,credit_card,3
CA-2017-169999,237.8320007,credit_card,5
US-2014-100279,28.79999924,credit_card,2
US-2014-102071,792.5139771,credit_card,4
US-2014-102631,10.36800003,debit_card,3
US-2014-102715,445.1539917,credit_card,6
US-2014-103338,39.12799835,credit_card,1
US-2014-103905,166.326004,credit_card,2
US-2014-104759,195.9750061,debit_card,1
US-2014-105137,407.7820129,credit_card,10
US-2014-105151,479.9840088,credit_card,3
US-2014-105767,382.5539856,debit_card,2
US-2014-106299,618.1500244,credit_card,2
US-2014-106334,1688.706055,credit_card,8
US-2014-106992,65.87200165,credit_card,6
US-2014-107405,225.576004,credit_card,10
US-2014-107699,26.35199928,debit_card,5
US-2014-107993,10.77600002,credit_card,10
US-2014-109036,1471.959961,credit_card,8
US-2014-109162,1628.819946,credit_card,5
US-2014-109456,25.69599915,credit_card,3
US-2014-110674,539.9639893,credit_card,1
US-2014-111171,123.9199982,credit_card,2
US-2014-111353,393.5400085,credit_card,10
US-2014-112795,137.9400024,credit_card,5
US-2014-112872,781.7979736,credit_card,2
US-2014-112914,815.1879883,credit_card,1
US-2014-112949,26.65600014,credit_card,3
US-2014-112991,197.3280029,debit_card,1
US-2014-113124,25.34399986,credit_card,6
US-2014-114188,1735.060059,credit_card,3
US-2014-114377,447.8599854,debit_card,2
US-2014-115189,74.04799652,credit_card,8
US-2014-115196,4.889999866,debit_card,2
US-2014-115987,67.91999817,credit_card,6
US-2014-117058,5.480000019,credit_card,5
US-2014-117135,794.0960083,credit_card,1
US-2014-117163,223.9900055,debit_card,1
US-2014-117170,462,credit_card,10
US-2014-117380,20.73600006,credit_card,3
US-2014-117744,2442.083984,credit_card,10
US-2014-117968,488.447998,credit_card,2
US-2014-118486,110.2799988,debit_card,1
US-2014-119081,150.4600067,debit_card,10
US-2014-119137,1602.995972,credit_card,17
US-2014-120175,244.5500031,credit_card,1
US-2014-120236,108.7679977,voucher,6
US-2014-120313,131.9400024,credit_card,6
US-2014-120740,247.2640076,credit_card,2
US-2014-121566,91.09200287,debit_card,1
US-2014-121734,3.552000046,debit_card,1
US-2014-122021,131.7359924,credit_card,4
US-2014-122959,23.92000008,credit_card,3
US-2014-123183,978.2020264,credit_card,2
US-2014-123519,553.1099854,debit_card,2
US-2014-124625,52.95999908,credit_card,10
US-2014-125521,1023.935974,credit_card,2
US-2014-126340,434.3519897,voucher,2
US-2014-126571,1408.696045,voucher,6
US-2014-127635,2639.645996,credit_card,10
US-2014-127978,347.1839905,credit_card,2
US-2014-128685,64.95999908,credit_card,8
US-2014-129609,146.8600006,debit_card,2
US-2014-130358,332.7359924,credit_card,1
US-2014-131275,263.9299927,credit_card,8
US-2014-131870,22.83600044,credit_card,1
US-2014-131982,178.9199982,credit_card,1
US-2014-133949,1141.937988,credit_card,8
US-2014-134054,17.8560009,debit_card,2
US-2014-134614,143.7299957,debit_card,10
US-2014-134712,10.43000031,credit_card,1
US-2014-134733,32.5359993,credit_card,2
US-2014-134971,1.787999988,debit_card,8
US-2014-135881,971.3140259,credit_card,10
US-2014-135972,252.5839996,credit_card,4
US-2014-137155,175.0299988,credit_card,4
US-2014-137680,30.50399971,credit_card,1
US-2014-137869,54.00799942,credit_card,2
US-2014-138247,643.2379761,credit_card,5
US-2014-138758,77.59200287,credit_card,7
US-2014-138828,124.7600021,credit_card,2
US-2014-138835,300.9039917,credit_card,3
US-2014-139500,18.89999962,voucher,8
US-2014-139640,35.87200165,voucher,2
US-2014-140116,47.18000031,credit_card,1
US-2014-140452,363.8460083,credit_card,2
US-2014-140914,944.085022,credit_card,8
US-2014-141215,767.0339966,credit_card,10
US-2014-141257,1.080000043,credit_card,2
US-2014-143231,451.6600037,credit_card,10
US-2014-143287,739.1920166,credit_card,6
US-2014-143581,104.2799988,credit_card,3
US-2014-143707,66.11199951,debit_card,10
US-2014-143721,66.69000244,credit_card,10
US-2014-144078,2007.754028,credit_card,2
US-2014-146353,3033.785889,credit_card,3
US-2014-147627,2176.332031,debit_card,2
US-2014-147648,31.92000008,credit_card,2
US-2014-147704,1382.592041,credit_card,6
US-2014-147774,127.8690033,debit_card,5
US-2014-148194,183.7700043,credit_card,2
US-2014-148838,769.5640259,debit_card,9
US-2014-149034,200.7949982,credit_card,10
US-2014-150119,388.7000122,credit_card,5
US-2014-150434,1063.661987,credit_card,5
US-2014-150532,18.84000015,debit_card,4
US-2014-150574,127.7200012,credit_card,8
US-2014-150924,164.6880035,credit_card,3
US-2014-151015,65.63999939,credit_card,3
US-2014-151925,88.77600098,credit_card,6
US-2014-152030,17.12000084,credit_card,1
US-2014-152723,25.24799919,credit_card,1
US-2014-154655,19.97999954,credit_card,1
US-2014-154879,83.91799927,voucher,5
US-2014-155502,769.6160278,credit_card,1
US-2014-155544,28.54999924,credit_card,8
US-2014-155817,281.2000122,debit_card,7
US-2014-155894,50.45399857,credit_card,3
US-2014-156216,9.449999809,credit_card,2
US-2014-157021,367.8320007,credit_card,1
US-2014-157070,16.89599991,credit_card,8
US-2014-157231,17.76000023,debit_card,10
US-2014-157385,1067.412964,credit_card,2
US-2014-157406,78.63300323,credit_card,2
US-2014-157847,605.5800171,credit_card,1
US-2014-158057,9897.339844,credit_card,1
US-2014-158365,6,credit_card,8
US-2014-158400,535.4099731,credit_card,10
US-2014-158638,859.2000122,credit_card,2
US-2014-159611,387.1539917,credit_card,5
US-2014-159618,261.4240112,debit_card,3
US-2014-159926,138.4060059,credit_card,1
US-2014-160444,644.0640259,credit_card,5
US-2014-160780,857.7360229,credit_card,6
US-2014-161613,43.17599869,credit_card,2
US-2014-163146,19.44000053,credit_card,3
US-2014-163797,1214.849976,credit_card,2
US-2014-164406,115.9179993,credit_card,1
US-2014-164616,149.7359924,credit_card,1
US-2014-164644,10.07999992,credit_card,1
US-2014-164763,236.9880066,credit_card,2
US-2014-165589,6.159999847,credit_card,1
US-2014-165659,114.0339966,credit_card,1
US-2014-165862,2.960000038,credit_card,6
US-2014-166310,121.7799988,credit_card,3
US-2014-166828,604.7680054,credit_card,2
US-2014-167262,307.980011,credit_card,3
US-2014-167633,431.9760132,credit_card,1
US-2014-167738,426.4100037,credit_card,1
US-2014-168501,529.2199707,credit_card,10
US-2014-169390,2879.951904,credit_card,8
US-2014-169789,254.6040039,credit_card,4
US-2015-100069,23.68000031,credit_card,1
US-2015-100377,72.78399658,debit_card,2
US-2015-100531,525.2000122,credit_card,4
US-2015-101399,14.01599979,credit_card,8
US-2015-103471,398.2200012,debit_card,2
US-2015-103996,372.0100098,credit_card,3
US-2015-104185,16.73999977,credit_card,5
US-2015-105676,71.97599792,credit_card,3
US-2015-106495,32.95199966,credit_card,8
US-2015-106873,450.6960144,credit_card,1
US-2015-107349,25.15999985,voucher,6
US-2015-107944,972.9400024,credit_card,3
US-2015-108966,93.88800049,credit_card,4
US-2015-109015,115.8759995,credit_card,1
US-2015-110163,56.70399857,credit_card,2
US-2015-110569,760.7000122,debit_card,1
US-2015-111927,19.44000053,credit_card,10
US-2015-112508,88.0739975,debit_card,8
US-2015-113327,797.0620117,credit_card,2
US-2015-114741,1211.927979,credit_card,4
US-2015-114839,31.10400009,credit_card,10
US-2015-115238,195.3000031,debit_card,1
US-2015-115343,370.4400024,credit_card,1
US-2015-116981,321.4370117,credit_card,12
US-2015-117184,17.83799934,credit_card,1
US-2015-117492,11.6960001,credit_card,2
US-2015-118766,36.49000168,credit_card,10
US-2015-118983,830.4959717,credit_card,2
US-2015-119312,106.2320023,credit_card,2
US-2015-120161,39.95999908,credit_card,8
US-2015-120502,184.4920044,credit_card,1
US-2015-120572,41.90399933,credit_card,8
US-2015-120712,193.8000031,credit_card,2
US-2015-120957,20.04000092,credit_card,2
US-2015-122140,312.7640076,credit_card,6
US-2015-122784,750.4320068,credit_card,6
US-2015-122910,2665.620117,credit_card,7
US-2015-123218,1058.640015,debit_card,2
US-2015-123918,108.9240036,credit_card,2
US-2015-123960,275.9620056,credit_card,1
US-2015-124219,49.34999847,credit_card,3
US-2015-125374,148.2879944,credit_card,4
US-2015-126214,20.3390007,credit_card,10
US-2015-126235,12.17599964,credit_card,1
US-2015-126753,348.3859863,credit_card,8
US-2015-126977,1515.706055,debit_card,3
US-2015-127040,205.5140076,credit_card,5
US-2015-128090,130.5540009,credit_card,2
US-2015-128587,40.61999893,credit_card,5
US-2015-129007,8389.169922,credit_card,4
US-2015-129637,351.7399902,credit_card,5
US-2015-130491,77.66699982,credit_card,8
US-2015-130512,494.6199951,credit_card,6
US-2015-130519,359.5239868,voucher,3
US-2015-131359,258.769989,credit_card,10
US-2015-131842,7.184000015,credit_card,6
US-2015-132836,105.9860001,credit_card,1
US-2015-134271,7.800000191,credit_card,3
US-2015-134558,52.5019989,credit_card,4
US-2015-136259,972.447998,credit_card,4
US-2015-136427,20.87999916,credit_card,2
US-2015-136476,34.27199936,credit_card,3
US-2015-136749,914.2919922,credit_card,1
US-2015-136987,412.5320129,credit_card,7
US-2015-137008,67.39600372,credit_card,4
US-2015-137533,9.248000145,credit_card,3
US-2015-138093,606.9580078,debit_card,6
US-2015-138121,375.8619995,credit_card,2
US-2015-138303,2032.109009,debit_card,1
US-2015-138716,146.8200073,credit_card,6
US-2015-138919,18.96999931,credit_card,10
US-2015-139675,372.6719971,credit_card,4
US-2015-139759,33.86000061,credit_card,8
US-2015-140200,40.45999908,credit_card,3
US-2015-140851,357.9299927,credit_card,4
US-2015-141453,595.3800049,credit_card,5
US-2015-141684,1117.920044,credit_card,4
US-2015-142020,2003.920044,credit_card,1
US-2015-142811,70.55999756,credit_card,5
US-2015-144771,30.05400085,credit_card,1
US-2015-145121,19.13599968,credit_card,2
US-2015-145422,523.25,credit_card,2
US-2015-145436,123.7600021,credit_card,1
US-2015-146745,65.87200165,credit_card,1
US-2015-147242,110.7779999,credit_card,2
US-2015-147662,456.223999,credit_card,8
US-2015-147739,6.71999979,credit_card,1
US-2015-148817,281.0639954,credit_card,3
US-2015-149629,1.271999955,credit_card,2
US-2015-149692,16.3920002,credit_card,8
US-2015-150161,251.5800018,credit_card,3
US-2015-150231,1415.76001,credit_card,5
US-2015-151407,29.70000076,credit_card,4
US-2015-151435,7.039999962,credit_card,5
US-2015-152128,266.5599976,debit_card,2
US-2015-153283,88.80000305,credit_card,1
US-2015-153374,5.679999828,credit_card,2
US-2015-153500,256.5679932,debit_card,4
US-2015-154389,46.72000122,credit_card,5
US-2015-156496,205.2680054,credit_card,10
US-2015-156797,361.4559937,credit_card,5
US-2015-156867,2167.835938,debit_card,2
US-2015-157014,558.8599854,credit_card,5
US-2015-157154,35.11999893,credit_card,10
US-2015-158589,340.70401,credit_card,6
US-2015-158911,18.91200066,credit_card,10
US-2015-159499,681.7020264,credit_card,2
US-2015-159513,5.78000021,credit_card,1
US-2015-159982,434.1319885,credit_card,3
US-2015-160563,194.526001,credit_card,3
US-2015-160857,186.0420074,credit_card,1
US-2015-161347,6.360000134,debit_card,1
US-2015-161466,16.4640007,credit_card,2
US-2015-161991,1825.001953,credit_card,1
US-2015-163279,28.68000031,credit_card,3
US-2015-163433,1726.449219,credit_card,2
US-2015-163685,88.61599731,voucher,3
US-2015-163825,289.9200134,credit_card,2
US-2015-164175,29.96999931,credit_card,1
US-2015-164238,491.7279968,credit_card,6
US-2015-164308,15.42399979,credit_card,1
US-2015-164357,310.743988,credit_card,1
US-2015-164448,148.4499969,credit_card,2
US-2015-164966,727.2960205,credit_card,2
US-2015-165512,52.29800034,credit_card,2
US-2015-165743,250.776001,credit_card,2
US-2015-166520,2072.629883,credit_card,3
US-2015-167220,16.97999954,credit_card,1
US-2015-168704,1143.52002,debit_card,3
US-2015-168732,387.9960022,credit_card,1
US-2015-168914,50.22000122,credit_card,15
US-2015-168935,179.9360046,credit_card,8
US-2016-100405,211.371994,credit_card,8
US-2016-100419,199.8999939,voucher,3
US-2016-100461,26.76000023,credit_card,1
US-2016-100566,454.8599854,credit_card,5
US-2016-100720,222.1600037,credit_card,8
US-2016-100839,408.3299866,credit_card,4
US-2016-101196,539.9699707,credit_card,10
US-2016-101497,35.98400116,credit_card,10
US-2016-101616,55.43999863,credit_card,10
US-2016-102141,49.11999893,debit_card,1
US-2016-103646,1315.410034,credit_card,2
US-2016-103674,140.4290009,credit_card,5
US-2016-104794,6.840000153,voucher,2
US-2016-104815,61.11999893,credit_card,3
US-2016-105452,407.1359863,credit_card,2
US-2016-105578,300.3800049,credit_card,3
US-2016-106313,49.56800079,credit_card,3
US-2016-106600,1247.640015,credit_card,2
US-2016-107440,1115.436035,credit_card,9
US-2016-108098,653.5499878,credit_card,10
US-2016-108455,205.6799927,voucher,2
US-2016-108497,25.34399986,debit_card,1
US-2016-108504,2228.055908,credit_card,6
US-2016-108637,238.8480072,credit_card,1
US-2016-108777,306.3200073,debit_card,8
US-2016-109260,17.08799934,credit_card,1
US-2016-110156,660.7080078,credit_card,7
US-2016-110170,22.62000084,credit_card,1
US-2016-111290,622.7459717,credit_card,6
US-2016-111528,156.7120056,credit_card,8
US-2016-112396,313.0440063,credit_card,3
US-2016-112970,49.5,credit_card,10
US-2016-112977,124.3600006,credit_card,4
US-2016-113509,1219.959961,credit_card,8
US-2016-113649,1080.485962,credit_card,10
US-2016-113677,133.6679993,credit_card,2
US-2016-113985,182.4779968,credit_card,10
US-2016-114013,841.8549805,credit_card,3
US-2016-114174,462.8559875,credit_card,8
US-2016-114230,57.40800095,credit_card,1
US-2016-114293,858.2399902,credit_card,1
US-2016-114622,18.89999962,credit_card,3
US-2016-114776,66.36000061,credit_card,2
US-2016-114888,657.4799805,credit_card,6
US-2016-115441,324.9859924,credit_card,4
US-2016-115455,52.54199982,credit_card,1
US-2016-115952,311.1499939,credit_card,1
US-2016-116365,155.7120056,credit_card,2
US-2016-116400,15.93599987,credit_card,2
US-2016-116442,124.4039993,credit_card,2
US-2016-116729,333.6480103,credit_card,1
US-2016-117037,662.3300171,credit_card,1
US-2016-117387,28.78199959,credit_card,2
US-2016-117541,215.6840057,debit_card,2
US-2016-117793,963.2399902,credit_card,4
US-2016-118780,33.43199921,debit_card,1
US-2016-119046,960.1359863,credit_card,6
US-2016-119270,971.8800049,credit_card,4
US-2016-119298,62.80799866,credit_card,1
US-2016-120460,602.651001,credit_card,3
US-2016-120929,8.015999794,debit_card,14
US-2016-121013,52.91999817,credit_card,10
US-2016-122182,152.8000031,credit_card,5
US-2016-122245,33.86999893,credit_card,3
US-2016-123470,49.59999847,credit_card,2
US-2016-123610,51.2120018,credit_card,2
US-2016-123750,2014.939941,credit_card,3
US-2016-124163,158.595993,credit_card,4
US-2016-125402,1548.624023,credit_card,2
US-2016-125969,488.1300049,credit_card,8
US-2016-126431,393.2200012,debit_card,10
US-2016-126452,1240.215942,credit_card,2
US-2016-126844,2.555999994,debit_card,2
US-2016-126893,16.52000046,credit_card,6
US-2016-127334,166.776001,debit_card,10
US-2016-127425,18.15800095,voucher,1
US-2016-127971,221.1100006,credit_card,3
US-2016-128195,4297.644043,credit_card,2
US-2016-128293,17.13999939,credit_card,3
US-2016-128678,470.973999,credit_card,1
US-2016-128902,319.9679871,credit_card,7
US-2016-128909,66.52799988,credit_card,6
US-2016-129469,74.12400055,credit_card,4
US-2016-131058,67.19400024,credit_card,8
US-2016-131114,362.2999878,debit_card,2
US-2016-131149,94.17199707,credit_card,6
US-2016-131611,174.4440002,credit_card,4
US-2016-131674,1793.97998,debit_card,3
US-2016-131891,82.63999939,credit_card,10
US-2016-131912,94.19200134,credit_card,5
US-2016-132423,878.6400146,credit_card,3
US-2016-132577,789.5280151,credit_card,2
US-2016-132857,11.95199966,credit_card,1
US-2016-133508,14.76000023,credit_card,3
US-2016-133879,72.84999847,credit_card,2
US-2016-134369,64.95999908,credit_card,10
US-2016-134488,327.7327881,credit_card,2
US-2016-134656,146.1360016,credit_card,4
US-2016-134761,1133.349976,credit_card,8
US-2016-134908,21.22800064,credit_card,4
US-2016-135209,33.50400162,credit_card,1
US-2016-135720,331.7359924,credit_card,1
US-2016-135923,281.5960083,credit_card,2
US-2016-136581,12.26399994,credit_card,2
US-2016-137295,217.0899963,credit_card,4
US-2016-137547,55.00799942,credit_card,6
US-2016-138408,9.840000153,voucher,2
US-2016-139087,2080.177979,debit_card,3
US-2016-139262,671.5,credit_card,4
US-2016-139388,207.845993,credit_card,8
US-2016-139486,44.36800003,credit_card,5
US-2016-139710,47.51599884,credit_card,10
US-2016-140172,26.09600067,credit_card,8
US-2016-140809,91.27500153,debit_card,1
US-2016-141264,411.3699951,credit_card,1
US-2016-141544,1532.345947,credit_card,1
US-2016-141880,314.3519897,debit_card,1
US-2016-142251,11.76000023,credit_card,10
US-2016-142685,523.4799805,credit_card,2
US-2016-143280,523.1459961,credit_card,2
US-2016-143448,2519.958008,credit_card,1
US-2016-143819,689.2219849,credit_card,10
US-2016-144057,841.6400146,credit_card,2
US-2016-144211,150.3600006,debit_card,1
US-2016-144351,41.37599945,debit_card,1
US-2016-144393,5.184000015,credit_card,10
US-2016-144477,1395.540039,credit_card,6
US-2016-144547,333.0559998,credit_card,4
US-2016-146066,6.480000019,debit_card,8
US-2016-146570,271.6600037,credit_card,1
US-2016-146710,1451.209961,credit_card,5
US-2016-146794,9.552000046,credit_card,2
US-2016-146857,13.09200001,credit_card,1
US-2016-147340,5.715000153,debit_card,2
US-2016-147711,818.2620239,credit_card,4
US-2016-147991,349.9649963,credit_card,2
US-2016-148110,94.99199677,credit_card,4
US-2016-148334,41.47200012,credit_card,3
US-2016-148803,20.70000076,credit_card,5
US-2016-148901,861.0020142,credit_card,8
US-2016-148957,43.93600082,debit_card,2
US-2016-149790,3812.969971,credit_card,2
US-2016-150035,21.20400047,credit_card,1
US-2016-150140,178.3840027,credit_card,5
US-2016-150147,1928.342041,debit_card,1
US-2016-150357,686.7832031,credit_card,1
US-2016-150567,335.9240112,credit_card,3
US-2016-150861,149.2599945,credit_card,5
US-2016-151260,7.409999847,credit_card,1
US-2016-151827,346.8580017,credit_card,5
US-2016-152051,52.62400055,credit_card,1
US-2016-152373,41.98799896,credit_card,3
US-2016-152415,108.552002,credit_card,4
US-2016-152835,12.96000004,debit_card,8
US-2016-153129,33.11000061,debit_card,10
US-2016-153815,367.5740051,credit_card,3
US-2016-154256,32.40000153,credit_card,4
US-2016-154361,75.98000336,credit_card,1
US-2016-155103,766.7399902,credit_card,2
US-2016-155173,468.5,credit_card,5
US-2016-155180,634.1160278,credit_card,2
US-2016-155404,17.94000053,credit_card,1
US-2016-155768,72.03399658,credit_card,24
US-2016-155971,755.3040161,credit_card,3
US-2016-156097,15.60000038,credit_card,5
US-2016-156692,60.70000076,credit_card,3
US-2016-156986,136.7680054,credit_card,5
US-2016-157308,170.9799957,credit_card,1
US-2016-157490,1735.715942,credit_card,1
US-2016-157728,50.83200073,credit_card,1
US-2016-157840,19.44000053,credit_card,6
US-2016-157945,1855.449951,credit_card,4
US-2016-158288,9.762000084,credit_card,8
US-2016-158680,22.4279995,credit_card,5
US-2016-158708,126.6240005,credit_card,1
US-2016-159093,354.8999939,debit_card,1
US-2016-159415,55.94400024,credit_card,2
US-2016-159856,7.184000015,credit_card,5
US-2016-160528,179.0480042,credit_card,4
US-2016-161396,281.3999939,credit_card,10
US-2016-161844,10.3579998,credit_card,1
US-2016-162026,658.7459717,credit_card,2
US-2016-162103,54.90000153,credit_card,10
US-2016-162677,407.8659973,credit_card,4
US-2016-162852,3.282000065,credit_card,3
US-2016-162859,163.1260071,credit_card,4
US-2016-163258,199.9799957,credit_card,6
US-2016-163461,4367.895996,credit_card,12
US-2016-163538,27.49600029,credit_card,2
US-2016-163881,1288.720947,credit_card,5
US-2016-164196,200.9839935,debit_card,8
US-2016-164588,863.1279907,credit_card,10
US-2016-164630,241.5679932,credit_card,10
US-2016-164945,99.98000336,debit_card,6
US-2016-165078,110.4820023,credit_card,1
US-2016-165505,708.3959961,debit_card,8
US-2016-166660,1005.116028,credit_card,10
US-2016-167339,423.8800049,credit_card,2
US-2016-167472,571.2299805,credit_card,2
US-2016-168095,1253.536011,credit_card,4
US-2016-168410,636.3900146,credit_card,8
US-2016-168620,220.1340027,credit_card,9
US-2016-169040,756.4780273,debit_card,4
US-2016-169369,9.696000099,credit_card,1
US-2017-100048,309.480011,credit_card,3
US-2017-100209,35.56000137,credit_card,5
US-2017-100398,7.056000233,credit_card,10
US-2017-100482,782.1199951,credit_card,1
US-2017-100930,2191.548096,credit_card,4
US-2017-101518,546.0599976,credit_card,1
US-2017-101539,404.756012,credit_card,2
US-2017-101721,3.486000061,credit_card,6
US-2017-101784,48.63999939,debit_card,3
US-2017-101840,30.55999947,credit_card,8
US-2017-102183,273.7399902,credit_card,10
US-2017-102288,186.3840027,credit_card,2
US-2017-102638,97.96800232,credit_card,4
US-2017-102890,1007.979004,credit_card,2
US-2017-102904,316,credit_card,1
US-2017-103226,103.935997,credit_card,1
US-2017-103247,48.20600128,credit_card,2
US-2017-103814,59.52000046,credit_card,8
US-2017-104094,87.91999817,credit_card,4
US-2017-104437,12.76799965,credit_card,2
US-2017-104661,493.5899963,credit_card,5
US-2017-104955,47.98400116,credit_card,4
US-2017-105046,784.9000244,debit_card,2
US-2017-105389,1087.592041,credit_card,3
US-2017-105830,21.59399986,credit_card,10
US-2017-105935,227.7350006,credit_card,6
US-2017-105998,749.0620117,credit_card,4
US-2017-106131,817.3099976,credit_card,2
US-2017-106145,256.1820068,credit_card,1
US-2017-106551,10.77999973,credit_card,2
US-2017-106579,8.020000458,credit_card,4
US-2017-106663,761.9760132,credit_card,2
US-2017-106705,63.20000076,credit_card,4
US-2017-106796,30.07999992,credit_card,8
US-2017-107272,33.02000046,credit_card,4
US-2017-107384,241.5359955,credit_card,8
US-2017-107636,13.02000046,credit_card,5
US-2017-107888,435.2879944,credit_card,6
US-2017-107979,186.4620056,credit_card,5
US-2017-108014,77.95200348,credit_card,8
US-2017-108063,387.7200012,credit_card,4
US-2017-108245,18.88400078,credit_card,4
US-2017-108315,383.0400085,credit_card,7
US-2017-108343,809,credit_card,5
US-2017-108700,74.94999695,credit_card,1
US-2017-109253,3609.040039,credit_card,10
US-2017-109316,41.12400055,credit_card,10
US-2017-109484,8.039999962,credit_card,3
US-2017-109582,387.1359863,debit_card,1
US-2017-109610,646.7399902,credit_card,1
US-2017-110149,382.7730103,credit_card,8
US-2017-110576,575.710022,credit_card,1
US-2017-110604,211.5399933,credit_card,2
US-2017-110646,183.8320007,debit_card,3
US-2017-110989,6.84800005,credit_card,1
US-2017-110996,26.21999931,credit_card,4
US-2017-111024,205.526001,credit_card,3
US-2017-111241,416.3200073,credit_card,10
US-2017-111423,1138.998047,credit_card,3
US-2017-111745,18.95999908,credit_card,8
US-2017-111920,47.97999954,credit_card,5
US-2017-112347,2300.011963,credit_card,4
US-2017-112613,79.98999786,credit_card,5
US-2017-112928,639.9680176,credit_card,2
US-2017-113201,5.039999962,credit_card,8
US-2017-113852,5.728000164,credit_card,10
US-2017-113992,279.9599915,credit_card,1
US-2017-114034,619.9500122,credit_card,5
US-2017-114356,17.94000053,credit_card,10
US-2017-115252,150.1499939,debit_card,10
US-2017-115301,11.64799976,credit_card,10
US-2017-115595,22.95999908,credit_card,2
US-2017-115609,1013.487976,credit_card,2
US-2017-116491,1099.5,credit_card,10
US-2017-116505,213.2160034,credit_card,5
US-2017-116652,569.5579834,credit_card,1
US-2017-116701,76.58000183,credit_card,2
US-2017-116897,3758.560059,credit_card,10
US-2017-117247,142.2200012,credit_card,2
US-2017-117450,273.2799988,debit_card,2
US-2017-117534,108.8170013,credit_card,5
US-2017-117723,8159.952148,credit_card,1
US-2017-118038,753.0880127,credit_card,2
US-2017-118087,1991.758057,credit_card,2
US-2017-118157,43.59999847,credit_card,4
US-2017-118535,99.87000275,credit_card,3
US-2017-118556,178.4160004,credit_card,10
US-2017-118598,492.7680054,credit_card,3
US-2017-118941,2502.912109,credit_card,10
US-2017-119039,26.89999962,credit_card,2
US-2017-119319,34.5,credit_card,7
US-2017-119438,271.7799988,debit_card,10
US-2017-119662,10.85999966,credit_card,5
US-2017-119816,798,credit_card,10
US-2017-120089,67.80000305,credit_card,2
US-2017-120147,134.8000031,credit_card,2
US-2017-120390,2.599999905,credit_card,3
US-2017-120418,1123.564941,credit_card,5
US-2017-120607,220.9600067,debit_card,10
US-2017-120649,39.62400055,voucher,6
US-2017-120908,106.3199997,credit_card,8
US-2017-121251,255.5700073,credit_card,6
US-2017-122637,41.40000153,voucher,3
US-2017-122672,140.3439941,credit_card,2
US-2017-122714,6.630000114,credit_card,4
US-2017-123204,52.75999832,credit_card,4
US-2017-123281,67.95999908,credit_card,1
US-2017-123463,11.76000023,credit_card,2
US-2017-123834,66.04799652,credit_card,1
US-2017-123862,1265.904053,debit_card,6
US-2017-124779,691.0819702,credit_card,2
US-2017-124821,51.52000046,credit_card,1
US-2017-124926,11.03199959,credit_card,10
US-2017-124968,166.2400055,credit_card,3
US-2017-125213,39.81600189,credit_card,8
US-2017-125647,63.39099884,credit_card,1
US-2017-125717,144.9080048,credit_card,2
US-2017-125808,27.36000061,credit_card,1
US-2017-126053,124.2399979,credit_card,3
US-2017-126060,2.519999981,credit_card,10
US-2017-126179,421.7340088,credit_card,1
US-2017-127292,271.8959961,credit_card,5
US-2017-127341,122.9400024,credit_card,1
US-2017-127719,44.68799973,credit_card,4
US-2017-128118,84.08000183,credit_card,2
US-2017-128398,12.98999977,voucher,8
US-2017-128447,113.1600037,credit_card,2
US-2017-128832,333.0899963,credit_card,5
US-2017-128951,96.77600098,credit_card,2
US-2017-129203,186.0480042,credit_card,10
US-2017-129224,132.5200043,credit_card,7
US-2017-129441,10.43999958,debit_card,2
US-2017-129777,27.3239994,credit_card,3
US-2017-130603,8,credit_card,2
US-2017-130687,584.6719971,debit_card,3
US-2017-130953,967.3280029,credit_card,2
US-2017-131583,1256.219971,credit_card,8
US-2017-131849,459.0400085,credit_card,1
US-2017-131961,746.1599731,credit_card,4
US-2017-132031,922.8480225,credit_card,3
US-2017-132059,215.3159943,debit_card,1
US-2017-132206,211.0399933,credit_card,3
US-2017-132220,36.2879982,credit_card,2
US-2017-132297,594.4639893,credit_card,2
US-2017-132381,9.260000229,credit_card,9
US-2017-132444,1769.57605,credit_card,2
US-2017-132675,1395.637939,credit_card,3
US-2017-132927,2.220000029,debit_card,4
US-2017-133081,991.0319824,credit_card,7
US-2017-133200,614.960022,credit_card,5
US-2017-133312,1688.474976,debit_card,10
US-2017-133361,2248.228027,credit_card,1
US-2017-133781,13.20800018,credit_card,10
US-2017-134481,4.044000149,debit_card,5
US-2017-134642,624.625,credit_card,1
US-2017-135013,36.88199997,debit_card,2
US-2017-135062,34.86000061,credit_card,2
US-2017-135503,1871.880005,credit_card,5
US-2017-135986,64.21800232,credit_card,2
US-2017-136189,15.6960001,voucher,3
US-2017-136679,480.6560059,credit_card,2
US-2017-136707,14.89999962,credit_card,8
US-2017-136721,166.7839966,credit_card,5
US-2017-136784,156.7920074,credit_card,6
US-2017-136868,90.30400085,voucher,2
US-2017-137491,100.4899979,debit_card,4
US-2017-138086,10.89999962,credit_card,2
US-2017-139465,374.6520081,credit_card,2
US-2017-139577,163.9600067,credit_card,4
US-2017-139647,300.9299927,credit_card,13
US-2017-139955,223.5800018,credit_card,3
US-2017-139969,45.91999817,credit_card,2
US-2017-140312,2.480000019,credit_card,1
US-2017-140907,644.2949829,debit_card,6
US-2017-141509,5.237999916,credit_card,20
US-2017-141558,1192.958008,credit_card,1
US-2017-141698,32.66999817,credit_card,3
US-2017-141852,715.2000122,credit_card,3
US-2017-141943,20.70000076,credit_card,8
US-2017-142188,1269.569946,credit_card,6
US-2017-142573,2007.823975,credit_card,10
US-2017-143028,155.371994,credit_card,10
US-2017-143175,3.911999941,credit_card,8
US-2017-143770,128.6199951,credit_card,5
US-2017-144582,13.34399986,credit_card,8
US-2017-145366,637.9279785,voucher,10
US-2017-145597,69.5,credit_card,4
US-2017-145863,590.2540283,credit_card,1
US-2017-146213,20.73600006,credit_card,4
US-2017-146416,1509.154053,credit_card,3
US-2017-146822,314.5499878,credit_card,8
US-2017-146878,357,credit_card,3
US-2017-146906,15.52799988,debit_card,5
US-2017-147655,12.86400032,credit_card,24
US-2017-147669,209.8200073,credit_card,10
US-2017-147886,4600.644043,credit_card,2
US-2017-147984,24.89599991,credit_card,4
US-2017-147998,135.9799957,credit_card,1
US-2017-148054,599.8800049,credit_card,5
US-2017-148362,119.9560013,credit_card,1
US-2017-148551,2.696000099,credit_card,1
US-2017-148768,107.9400024,credit_card,2
US-2017-148831,13.89599991,credit_card,10
US-2017-148866,53.25,credit_card,6
US-2017-149006,30.33600044,credit_card,7
US-2017-150070,7.920000076,debit_card,2
US-2017-150595,499.019989,credit_card,5
US-2017-150847,4.768000126,debit_card,1
US-2017-151127,170.352005,credit_card,1
US-2017-151316,757.0159912,credit_card,3
US-2017-152002,443.9200134,credit_card,2
US-2017-152366,480.7399902,debit_card,8
US-2017-152380,39.31200027,credit_card,5
US-2017-152492,14.61999989,credit_card,4
US-2017-152569,352.7279968,credit_card,2
US-2017-152842,43.25999832,credit_card,6
US-2017-152898,13.11999989,credit_card,5
US-2017-153255,390.75,credit_card,1
US-2017-153633,44.66999817,credit_card,10
US-2017-153948,3623.919922,credit_card,4
US-2017-154851,37.93999863,credit_card,4
US-2017-154872,129.0579987,credit_card,8
US-2017-155299,55.26399994,credit_card,1
US-2017-155425,1206.004028,credit_card,3
US-2017-155866,256.519989,credit_card,6
US-2017-155999,1716.47998,credit_card,2
US-2017-156083,8.015999794,credit_card,1
US-2017-156356,30.0359993,credit_card,10
US-2017-157224,2.507999897,debit_card,3
US-2017-157896,249.5839996,credit_card,1
US-2017-158218,340.3840027,credit_card,3
US-2017-158505,37.43799973,credit_card,1
US-2017-158512,276.7019958,credit_card,2
US-2017-158526,532.2119751,debit_card,8
US-2017-158946,8.720000267,credit_card,4
US-2017-159205,139.3000031,debit_card,2
US-2017-159562,261.7399902,credit_card,4
US-2017-160143,18.28000069,credit_card,4
US-2017-160465,4796.631836,credit_card,7
US-2017-160759,33.08800125,credit_card,2
US-2017-160836,325.2080078,credit_card,5
US-2017-161193,1110.817993,credit_card,8
US-2017-161935,992.6640015,credit_card,2
US-2017-162068,437.4719849,credit_card,4
US-2017-162124,11.0880003,credit_card,2
US-2017-162208,25.92000008,credit_card,1
US-2017-162558,561.2360229,debit_card,10
US-2017-162670,2108.808105,voucher,3
US-2017-163195,6.630000114,credit_card,10
US-2017-163300,171.7799988,credit_card,8
US-2017-163657,48.25600052,debit_card,4
US-2017-163790,1824.411987,credit_card,8
US-2017-164056,4.811999798,credit_card,1
US-2017-164147,61.01699829,credit_card,3
US-2017-165456,15.25,debit_card,3
US-2017-165869,592.2479858,credit_card,2
US-2017-165953,35.2480011,credit_card,1
US-2017-166037,155.371994,credit_card,5
US-2017-166233,32.77600098,credit_card,2
US-2017-166324,60.06800079,debit_card,4
US-2017-166394,159.9799957,credit_card,4
US-2017-166611,20.34000015,credit_card,4
US-2017-166688,308.0159912,credit_card,9
US-2017-167318,18.93799973,credit_card,8
US-2017-167402,301.4960022,credit_card,8
US-2017-167570,269.4899902,credit_card,1
US-2017-167920,1229.264038,credit_card,2
US-2017-168116,51.43199921,credit_card,8
US-2017-168613,347.802002,debit_card,5
US-2017-168690,11.56799984,credit_card,2
US-2017-168802,445.4400024,credit_card,1
US-2017-169320,1291.569946,credit_card,2
US-2017-169488,254.6840057,credit_card,8
US-2017-169502,847.7940063,credit_card,2
US-2017-169551,641.2260132,voucher,3




















































































































































